[0.000000] (-) TimerEvent: {}
[0.000215] (unitree_guide2) JobQueued: {'identifier': 'unitree_guide2', 'dependencies': OrderedDict()}
[0.000292] (unitree_guide2) JobStarted: {'identifier': 'unitree_guide2'}
[0.016290] (unitree_guide2) JobProgress: {'identifier': 'unitree_guide2', 'progress': 'cmake'}
[0.017689] (unitree_guide2) JobProgress: {'identifier': 'unitree_guide2', 'progress': 'build'}
[0.018969] (unitree_guide2) Command: {'cmd': ['/usr/bin/cmake', '--build', '/home/nebbackwards/WPI/Classes/RBE521/Final/ros_workspace/src/RBE521/unitree_guide2/build/unitree_guide2', '--', '-j16', '-l16'], 'cwd': '/home/nebbackwards/WPI/Classes/RBE521/Final/ros_workspace/src/RBE521/unitree_guide2/build/unitree_guide2', 'env': OrderedDict({'LESSOPEN': '| /usr/bin/lesspipe %s', 'GZ_SIM_RESOURCE_PATH': '/opt/ros/jazzy/share', 'LANGUAGE': '', 'USER': 'nebbackwards', 'GZ_CONFIG_PATH': '/opt/ros/jazzy/opt/gz_sim_vendor/share/gz:/opt/ros/jazzy/opt/sdformat_vendor/share/gz:/opt/ros/jazzy/opt/gz_gui_vendor/share/gz:/opt/ros/jazzy/opt/gz_transport_vendor/share/gz:/opt/ros/jazzy/opt/gz_rendering_vendor/share/gz:/opt/ros/jazzy/opt/gz_plugin_vendor/share/gz:/opt/ros/jazzy/opt/gz_fuel_tools_vendor/share/gz:/opt/ros/jazzy/opt/gz_msgs_vendor/share/gz:/opt/ros/jazzy/opt/gz_common_vendor/share/gz', 'XDG_SESSION_TYPE': 'wayland', 'XCURSOR_SIZE': '24', 'SHLVL': '1', 'LD_LIBRARY_PATH': '/home/nebbackwards/WPI/Classes/RBE521/Final/ros_workspace/install/ros2_unitree_legged_control/lib:/home/nebbackwards/WPI/Classes/RBE521/Final/ros_workspace/install/ros2_unitree_legged_msgs/lib:/opt/ros/jazzy/opt/gz_sim_vendor/lib:/opt/ros/jazzy/opt/gz_sensors_vendor/lib:/opt/ros/jazzy/opt/gz_physics_vendor/lib:/opt/ros/jazzy/opt/sdformat_vendor/lib:/opt/ros/jazzy/opt/rviz_ogre_vendor/lib:/opt/ros/jazzy/lib/x86_64-linux-gnu:/opt/ros/jazzy/opt/gz_gui_vendor/lib:/opt/ros/jazzy/opt/gz_transport_vendor/lib:/opt/ros/jazzy/opt/gz_rendering_vendor/lib:/opt/ros/jazzy/opt/gz_plugin_vendor/lib:/opt/ros/jazzy/opt/gz_fuel_tools_vendor/lib:/opt/ros/jazzy/opt/gz_msgs_vendor/lib:/opt/ros/jazzy/opt/gz_common_vendor/lib:/opt/ros/jazzy/opt/gz_math_vendor/lib:/opt/ros/jazzy/opt/gz_utils_vendor/lib:/opt/ros/jazzy/opt/gz_tools_vendor/lib:/opt/ros/jazzy/opt/gz_ogre_next_vendor/lib:/opt/ros/jazzy/opt/gz_dartsim_vendor/lib:/opt/ros/jazzy/opt/gz_cmake_vendor/lib:/opt/ros/jazzy/lib', 'HOME': '/home/nebbackwards', 'CONDA_SHLVL': '0', 'OLDPWD': '/home/nebbackwards/WPI/Classes/RBE521/Final/ros_workspace/src/RBE521', 'DESKTOP_SESSION': 'ubuntu', 'ROS_PYTHON_VERSION': '3', 'GNOME_SHELL_SESSION_MODE': 'ubuntu', 'GTK_MODULES': 'gail:atk-bridge', 'KB_LAYOUT_DIR': '/usr/lib/x86_64-linux-gnu/qt5/qml/QMLTermWidget/kb-layouts', 'PS1': '\\[\x1b(B\x1b[m\\]\\[\\033[38;5;40m\\]\\u\\[\x1b(B\x1b[m\\]\\[\\033[38;5;40m\\]@\\h\\[\x1b(B\x1b[m\\]\\[\\033[38;5;27m\\]\\w\\e[38;5;196m\\]$(parse_git_branch)\\[\x1b(B\x1b[m\\]\\[\x1b(B\x1b[m\\]\\[\\e[38;5;15m\\] \\[\x1b(B\x1b[m\\]', 'MANAGERPID': '3841', 'SYSTEMD_EXEC_PID': '4339', 'GSM_SKIP_SSH_AGENT_WORKAROUND': 'true', 'DBUS_SESSION_BUS_ADDRESS': 'unix:path=/run/user/1000/bus', 'COLORTERM': 'truecolor', '_CE_M': '', '_CONDA_ROOT': '/home/nebbackwards/miniconda3', 'GIO_LAUNCHED_DESKTOP_FILE_PID': '17754', 'GNOME_KEYRING_CONTROL': '/run/user/1000/keyring', 'DEBUGINFOD_URLS': 'https://debuginfod.ubuntu.com', 'QT_QPA_PLATFORMTHEME': '', 'IM_CONFIG_PHASE': '1', 'WAYLAND_DISPLAY': 'wayland-0', 'COLCON_PREFIX_PATH': '/home/nebbackwards/WPI/Classes/RBE521/Final/ros_workspace/install', 'ROS_DISTRO': 'jazzy', 'LOGNAME': 'nebbackwards', 'WINDOWID': '0', 'JOURNAL_STREAM': '9:30599', '_': '/usr/bin/colcon', 'ROS_VERSION': '2', 'MEMORY_PRESSURE_WATCH': '/sys/fs/cgroup/user.slice/user-1000.slice/user@1000.service/session.slice/org.gnome.SettingsDaemon.MediaKeys.service/memory.pressure', 'XDG_SESSION_CLASS': 'user', 'COLORFGBG': '15;0', 'USERNAME': 'nebbackwards', 'TERM': 'xterm', 'GNOME_DESKTOP_SESSION_ID': 'this-is-deprecated', '_CE_CONDA': '', 'PATH': '/opt/ros/jazzy/opt/gz_msgs_vendor/bin:/opt/ros/jazzy/opt/gz_tools_vendor/bin:/opt/ros/jazzy/opt/gz_ogre_next_vendor/bin:/opt/ros/jazzy/bin:/home/nebbackwards/miniconda3/condabin:/home/nebbackwards/.local/bin:/usr/local/sbin:/usr/local/bin:/usr/sbin:/usr/bin:/sbin:/bin:/usr/games:/usr/local/games:/snap/bin:/snap/bin', 'SESSION_MANAGER': 'local/thinkpad-E16:@/tmp/.ICE-unix/4085,unix/thinkpad-E16:/tmp/.ICE-unix/4085', 'INVOCATION_ID': 'bde06ef6f1b0436fa4a2100dc12ab920', 'XDG_MENU_PREFIX': 'gnome-', 'GNOME_SETUP_DISPLAY': ':1', 'XDG_RUNTIME_DIR': '/run/user/1000', 'XCURSOR_THEME': 'Yaru', 'DISPLAY': ':0', 'LANG': 'en_US.UTF-8', 'XDG_CURRENT_DESKTOP': 'ubuntu:GNOME', 'XMODIFIERS': '@im=ibus', 'XDG_SESSION_DESKTOP': 'ubuntu', 'XAUTHORITY': '/run/user/1000/.mutter-Xwaylandauth.QV91N3', 'LS_COLORS': 'rs=0:di=01;34:ln=01;36:mh=00:pi=40;33:so=01;35:do=01;35:bd=40;33;01:cd=40;33;01:or=40;31;01:mi=00:su=37;41:sg=30;43:ca=00:tw=30;42:ow=34;42:st=37;44:ex=01;32:*.tar=01;31:*.tgz=01;31:*.arc=01;31:*.arj=01;31:*.taz=01;31:*.lha=01;31:*.lz4=01;31:*.lzh=01;31:*.lzma=01;31:*.tlz=01;31:*.txz=01;31:*.tzo=01;31:*.t7z=01;31:*.zip=01;31:*.z=01;31:*.dz=01;31:*.gz=01;31:*.lrz=01;31:*.lz=01;31:*.lzo=01;31:*.xz=01;31:*.zst=01;31:*.tzst=01;31:*.bz2=01;31:*.bz=01;31:*.tbz=01;31:*.tbz2=01;31:*.tz=01;31:*.deb=01;31:*.rpm=01;31:*.jar=01;31:*.war=01;31:*.ear=01;31:*.sar=01;31:*.rar=01;31:*.alz=01;31:*.ace=01;31:*.zoo=01;31:*.cpio=01;31:*.7z=01;31:*.rz=01;31:*.cab=01;31:*.wim=01;31:*.swm=01;31:*.dwm=01;31:*.esd=01;31:*.avif=01;35:*.jpg=01;35:*.jpeg=01;35:*.mjpg=01;35:*.mjpeg=01;35:*.gif=01;35:*.bmp=01;35:*.pbm=01;35:*.pgm=01;35:*.ppm=01;35:*.tga=01;35:*.xbm=01;35:*.xpm=01;35:*.tif=01;35:*.tiff=01;35:*.png=01;35:*.svg=01;35:*.svgz=01;35:*.mng=01;35:*.pcx=01;35:*.mov=01;35:*.mpg=01;35:*.mpeg=01;35:*.m2v=01;35:*.mkv=01;35:*.webm=01;35:*.webp=01;35:*.ogm=01;35:*.mp4=01;35:*.m4v=01;35:*.mp4v=01;35:*.vob=01;35:*.qt=01;35:*.nuv=01;35:*.wmv=01;35:*.asf=01;35:*.rm=01;35:*.rmvb=01;35:*.flc=01;35:*.avi=01;35:*.fli=01;35:*.flv=01;35:*.gl=01;35:*.dl=01;35:*.xcf=01;35:*.xwd=01;35:*.yuv=01;35:*.cgm=01;35:*.emf=01;35:*.ogv=01;35:*.ogx=01;35:*.aac=00;36:*.au=00;36:*.flac=00;36:*.m4a=00;36:*.mid=00;36:*.midi=00;36:*.mka=00;36:*.mp3=00;36:*.mpc=00;36:*.ogg=00;36:*.ra=00;36:*.wav=00;36:*.oga=00;36:*.opus=00;36:*.spx=00;36:*.xspf=00;36:*~=00;90:*#=00;90:*.bak=00;90:*.crdownload=00;90:*.dpkg-dist=00;90:*.dpkg-new=00;90:*.dpkg-old=00;90:*.dpkg-tmp=00;90:*.old=00;90:*.orig=00;90:*.part=00;90:*.rej=00;90:*.rpmnew=00;90:*.rpmorig=00;90:*.rpmsave=00;90:*.swp=00;90:*.tmp=00;90:*.ucf-dist=00;90:*.ucf-new=00;90:*.ucf-old=00;90:', 'SSH_AUTH_SOCK': '/run/user/1000/keyring/ssh', 'AMENT_PREFIX_PATH': '/home/nebbackwards/WPI/Classes/RBE521/Final/ros_workspace/install/unitree_guide2:/home/nebbackwards/WPI/Classes/RBE521/Final/ros_workspace/install/ros2_unitree_legged_control:/home/nebbackwards/WPI/Classes/RBE521/Final/ros_workspace/install/ros2_unitree_legged_msgs:/home/nebbackwards/WPI/Classes/RBE521/Final/ros_workspace/install/go1_navigation:/home/nebbackwards/WPI/Classes/RBE521/Final/ros_workspace/install/go1_gazebo:/home/nebbackwards/WPI/Classes/RBE521/Final/ros_workspace/install/go1_description:/opt/ros/jazzy', 'CONDA_PYTHON_EXE': '/home/nebbackwards/miniconda3/bin/python', 'QSG_RENDER_LOOP': 'threaded', 'SHELL': '/bin/bash', 'QT_ACCESSIBILITY': '1', 'GDMSESSION': 'ubuntu', 'LESSCLOSE': '/usr/bin/lesspipe %s %s', '_CONDA_EXE': '/home/nebbackwards/miniconda3/bin/conda', 'COLORSCHEMES_DIR': '/usr/lib/x86_64-linux-gnu/qt5/qml/QMLTermWidget/color-schemes', 'ROS_AUTOMATIC_DISCOVERY_RANGE': 'SUBNET', 'QT_IM_MODULE': 'ibus', 'PWD': '/home/nebbackwards/WPI/Classes/RBE521/Final/ros_workspace/src/RBE521/unitree_guide2/build/unitree_guide2', 'XDG_CONFIG_DIRS': '/etc/xdg/xdg-ubuntu:/etc/xdg', 'CONDA_EXE': '/home/nebbackwards/miniconda3/bin/conda', 'XDG_DATA_DIRS': '/usr/share/ubuntu:/usr/share/gnome:/home/nebbackwards/.local/share/flatpak/exports/share:/var/lib/flatpak/exports/share:/usr/local/share/:/usr/share/:/var/lib/snapd/desktop', 'PYTHONPATH': '/home/nebbackwards/WPI/Classes/RBE521/Final/ros_workspace/install/ros2_unitree_legged_msgs/lib/python3.12/site-packages:/home/nebbackwards/WPI/Classes/RBE521/Final/ros_workspace/install/go1_navigation/lib/python3.12/site-packages:/opt/ros/jazzy/lib/python3.12/site-packages', 'COLCON': '1', 'MEMORY_PRESSURE_WRITE': 'c29tZSAyMDAwMDAgMjAwMDAwMAA=', 'CMAKE_PREFIX_PATH': '/home/nebbackwards/WPI/Classes/RBE521/Final/ros_workspace/install/unitree_guide2:/home/nebbackwards/WPI/Classes/RBE521/Final/ros_workspace/install/ros2_unitree_legged_control:/home/nebbackwards/WPI/Classes/RBE521/Final/ros_workspace/install/ros2_unitree_legged_msgs:/home/nebbackwards/WPI/Classes/RBE521/Final/ros_workspace/install/go1_gazebo:/home/nebbackwards/WPI/Classes/RBE521/Final/ros_workspace/install/go1_description:/opt/ros/jazzy/opt/gz_sim_vendor:/opt/ros/jazzy/opt/gz_sensors_vendor:/opt/ros/jazzy/opt/gz_physics_vendor:/opt/ros/jazzy/opt/sdformat_vendor:/opt/ros/jazzy/opt/gz_gui_vendor:/opt/ros/jazzy/opt/gz_transport_vendor:/opt/ros/jazzy/opt/gz_rendering_vendor:/opt/ros/jazzy/opt/gz_plugin_vendor:/opt/ros/jazzy/opt/gz_fuel_tools_vendor:/opt/ros/jazzy/opt/gz_msgs_vendor:/opt/ros/jazzy/opt/gz_common_vendor:/opt/ros/jazzy/opt/gz_math_vendor:/opt/ros/jazzy/opt/gz_utils_vendor:/opt/ros/jazzy/opt/gz_tools_vendor:/opt/ros/jazzy/opt/gz_ogre_next_vendor:/opt/ros/jazzy/opt/gz_dartsim_vendor:/opt/ros/jazzy/opt/gz_cmake_vendor:/home/nebbackwards/WPI/Classes/RBE521/Final/ros_workspace/install/go1_navigation:/opt/ros/jazzy'}), 'shell': False}
[0.099077] (-) TimerEvent: {}
[0.199572] (-) TimerEvent: {}
[0.300477] (-) TimerEvent: {}
[0.375607] (unitree_guide2) StdoutLine: {'line': b'[  3%] \x1b[32mBuilding CXX object CMakeFiles/junior_ctrl.dir/src/main.cpp.o\x1b[0m\n'}
[0.376046] (unitree_guide2) StdoutLine: {'line': b'[  6%] \x1b[32mBuilding CXX object CMakeFiles/junior_ctrl.dir/src/FSM/FSM.cpp.o\x1b[0m\n'}
[0.378869] (unitree_guide2) StdoutLine: {'line': b'[ 10%] \x1b[32mBuilding CXX object CMakeFiles/junior_ctrl.dir/src/FSM/State_move_gait.cpp.o\x1b[0m\n'}
[0.382467] (unitree_guide2) StdoutLine: {'line': b'[ 13%] \x1b[32mBuilding CXX object CMakeFiles/junior_ctrl.dir/src/control/ControlFrame.cpp.o\x1b[0m\n'}
[0.400657] (-) TimerEvent: {}
[0.501143] (-) TimerEvent: {}
[0.601587] (-) TimerEvent: {}
[0.702056] (-) TimerEvent: {}
[0.802536] (-) TimerEvent: {}
[0.903079] (-) TimerEvent: {}
[1.003489] (-) TimerEvent: {}
[1.103904] (-) TimerEvent: {}
[1.204324] (-) TimerEvent: {}
[1.304748] (-) TimerEvent: {}
[1.405165] (-) TimerEvent: {}
[1.505616] (-) TimerEvent: {}
[1.606079] (-) TimerEvent: {}
[1.706491] (-) TimerEvent: {}
[1.806933] (-) TimerEvent: {}
[1.902000] (unitree_guide2) StderrLine: {'line': b'In file included from \x1b[01m\x1b[K/home/nebbackwards/WPI/Classes/RBE521/Final/ros_workspace/src/RBE521/unitree_guide2/include/message/LowlevelCmd.h:8\x1b[m\x1b[K,\n'}
[1.902588] (unitree_guide2) StderrLine: {'line': b'                 from \x1b[01m\x1b[K/home/nebbackwards/WPI/Classes/RBE521/Final/ros_workspace/src/RBE521/unitree_guide2/include/control/CtrlComponents.h:7\x1b[m\x1b[K,\n'}
[1.902827] (unitree_guide2) StderrLine: {'line': b'                 from \x1b[01m\x1b[K/home/nebbackwards/WPI/Classes/RBE521/Final/ros_workspace/src/RBE521/unitree_guide2/include/FSM/FSMState.h:10\x1b[m\x1b[K,\n'}
[1.903017] (unitree_guide2) StderrLine: {'line': b'                 from \x1b[01m\x1b[K/home/nebbackwards/WPI/Classes/RBE521/Final/ros_workspace/src/RBE521/unitree_guide2/include/FSM/FSM.h:8\x1b[m\x1b[K,\n'}
[1.903132] (unitree_guide2) StderrLine: {'line': b'                 from \x1b[01m\x1b[K/home/nebbackwards/WPI/Classes/RBE521/Final/ros_workspace/src/RBE521/unitree_guide2/include/control/ControlFrame.h:7\x1b[m\x1b[K,\n'}
[1.903224] (unitree_guide2) StderrLine: {'line': b'                 from \x1b[01m\x1b[K/home/nebbackwards/WPI/Classes/RBE521/Final/ros_workspace/src/RBE521/unitree_guide2/src/control/ControlFrame.cpp:4\x1b[m\x1b[K:\n'}
[1.903315] (unitree_guide2) StderrLine: {'line': b'\x1b[01m\x1b[K/home/nebbackwards/WPI/Classes/RBE521/Final/ros_workspace/src/RBE521/unitree_guide2/include/common/mathTools.h:\x1b[m\x1b[K In constructor \xe2\x80\x98\x1b[01m\x1b[KAvgCov::\x1b[01;32m\x1b[KAvgCov\x1b[m\x1b[K(unsigned int, std::string, bool, unsigned int, unsigned int, double)\x1b[m\x1b[K\xe2\x80\x99:\n'}
[1.903420] (unitree_guide2) StderrLine: {'line': b'\x1b[01m\x1b[K/home/nebbackwards/WPI/Classes/RBE521/Final/ros_workspace/src/RBE521/unitree_guide2/include/common/mathTools.h:278:17:\x1b[m\x1b[K \x1b[01;35m\x1b[Kwarning: \x1b[m\x1b[K\xe2\x80\x98\x1b[01m\x1b[KAvgCov::_valueName\x1b[m\x1b[K\xe2\x80\x99 will be initialized after [\x1b[01;35m\x1b[K\x1b]8;;https://gcc.gnu.org/onlinedocs/gcc/Warning-Options.html#index-Wreorder\x07-Wreorder\x1b]8;;\x07\x1b[m\x1b[K]\n'}
[1.903515] (unitree_guide2) StderrLine: {'line': b'  278 |     std::string \x1b[01;35m\x1b[K_valueName\x1b[m\x1b[K;\n'}
[1.903604] (unitree_guide2) StderrLine: {'line': b'      |                 \x1b[01;35m\x1b[K^~~~~~~~~~\x1b[m\x1b[K\n'}
[1.903689] (unitree_guide2) StderrLine: {'line': b'\x1b[01m\x1b[K/home/nebbackwards/WPI/Classes/RBE521/Final/ros_workspace/src/RBE521/unitree_guide2/include/common/mathTools.h:272:10:\x1b[m\x1b[K \x1b[01;35m\x1b[Kwarning: \x1b[m\x1b[K  \xe2\x80\x98\x1b[01m\x1b[Kbool AvgCov::_avgOnly\x1b[m\x1b[K\xe2\x80\x99 [\x1b[01;35m\x1b[K\x1b]8;;https://gcc.gnu.org/onlinedocs/gcc/Warning-Options.html#index-Wreorder\x07-Wreorder\x1b]8;;\x07\x1b[m\x1b[K]\n'}
[1.903794] (unitree_guide2) StderrLine: {'line': b'  272 |     bool \x1b[01;35m\x1b[K_avgOnly\x1b[m\x1b[K;\n'}
[1.903882] (unitree_guide2) StderrLine: {'line': b'      |          \x1b[01;35m\x1b[K^~~~~~~~\x1b[m\x1b[K\n'}
[1.903968] (unitree_guide2) StderrLine: {'line': b'\x1b[01m\x1b[K/home/nebbackwards/WPI/Classes/RBE521/Final/ros_workspace/src/RBE521/unitree_guide2/include/common/mathTools.h:246:5:\x1b[m\x1b[K \x1b[01;35m\x1b[Kwarning: \x1b[m\x1b[K  when initialized here [\x1b[01;35m\x1b[K\x1b]8;;https://gcc.gnu.org/onlinedocs/gcc/Warning-Options.html#index-Wreorder\x07-Wreorder\x1b]8;;\x07\x1b[m\x1b[K]\n'}
[1.904065] (unitree_guide2) StderrLine: {'line': b'  246 |     \x1b[01;35m\x1b[KAvgCov\x1b[m\x1b[K(unsigned int size, std::string name, bool avgOnly=false, unsigned int showPeriod=1000, unsigned int waitCount=5000, double zoomFactor=10000)\n'}
[1.904155] (unitree_guide2) StderrLine: {'line': b'      |     \x1b[01;35m\x1b[K^~~~~~\x1b[m\x1b[K\n'}
[1.904241] (unitree_guide2) StderrLine: {'line': b'In file included from \x1b[01m\x1b[K/home/nebbackwards/WPI/Classes/RBE521/Final/ros_workspace/src/RBE521/unitree_guide2/include/message/LowlevelCmd.h:8\x1b[m\x1b[K,\n'}
[1.904326] (unitree_guide2) StderrLine: {'line': b'                 from \x1b[01m\x1b[K/home/nebbackwards/WPI/Classes/RBE521/Final/ros_workspace/src/RBE521/unitree_guide2/include/control/CtrlComponents.h:7\x1b[m\x1b[K,\n'}
[1.904412] (unitree_guide2) StderrLine: {'line': b'                 from \x1b[01m\x1b[K/home/nebbackwards/WPI/Classes/RBE521/Final/ros_workspace/src/RBE521/unitree_guide2/include/FSM/FSMState.h:10\x1b[m\x1b[K,\n'}
[1.904496] (unitree_guide2) StderrLine: {'line': b'                 from \x1b[01m\x1b[K/home/nebbackwards/WPI/Classes/RBE521/Final/ros_workspace/src/RBE521/unitree_guide2/include/FSM/State_GaitTransition.h:7\x1b[m\x1b[K,\n'}
[1.904594] (unitree_guide2) StderrLine: {'line': b'                 from \x1b[01m\x1b[K/home/nebbackwards/WPI/Classes/RBE521/Final/ros_workspace/src/RBE521/unitree_guide2/include/FSM/State_move_gait.h:43\x1b[m\x1b[K,\n'}
[1.904685] (unitree_guide2) StderrLine: {'line': b'                 from \x1b[01m\x1b[K/home/nebbackwards/WPI/Classes/RBE521/Final/ros_workspace/src/RBE521/unitree_guide2/src/FSM/State_move_gait.cpp:54\x1b[m\x1b[K:\n'}
[1.904790] (unitree_guide2) StderrLine: {'line': b'\x1b[01m\x1b[K/home/nebbackwards/WPI/Classes/RBE521/Final/ros_workspace/src/RBE521/unitree_guide2/include/common/mathTools.h:\x1b[m\x1b[K In constructor \xe2\x80\x98\x1b[01m\x1b[KAvgCov::\x1b[01;32m\x1b[KAvgCov\x1b[m\x1b[K(unsigned int, std::string, bool, unsigned int, unsigned int, double)\x1b[m\x1b[K\xe2\x80\x99:\n'}
[1.904878] (unitree_guide2) StderrLine: {'line': b'\x1b[01m\x1b[K/home/nebbackwards/WPI/Classes/RBE521/Final/ros_workspace/src/RBE521/unitree_guide2/include/common/mathTools.h:278:17:\x1b[m\x1b[K \x1b[01;35m\x1b[Kwarning: \x1b[m\x1b[K\xe2\x80\x98\x1b[01m\x1b[KAvgCov::_valueName\x1b[m\x1b[K\xe2\x80\x99 will be initialized after [\x1b[01;35m\x1b[K\x1b]8;;https://gcc.gnu.org/onlinedocs/gcc/Warning-Options.html#index-Wreorder\x07-Wreorder\x1b]8;;\x07\x1b[m\x1b[K]\n'}
[1.904982] (unitree_guide2) StderrLine: {'line': b'  278 |     std::string \x1b[01;35m\x1b[K_valueName\x1b[m\x1b[K;\n'}
[1.905072] (unitree_guide2) StderrLine: {'line': b'      |                 \x1b[01;35m\x1b[K^~~~~~~~~~\x1b[m\x1b[K\n'}
[1.905173] (unitree_guide2) StderrLine: {'line': b'\x1b[01m\x1b[K/home/nebbackwards/WPI/Classes/RBE521/Final/ros_workspace/src/RBE521/unitree_guide2/include/common/mathTools.h:272:10:\x1b[m\x1b[K \x1b[01;35m\x1b[Kwarning: \x1b[m\x1b[K  \xe2\x80\x98\x1b[01m\x1b[Kbool AvgCov::_avgOnly\x1b[m\x1b[K\xe2\x80\x99 [\x1b[01;35m\x1b[K\x1b]8;;https://gcc.gnu.org/onlinedocs/gcc/Warning-Options.html#index-Wreorder\x07-Wreorder\x1b]8;;\x07\x1b[m\x1b[K]\n'}
[1.905266] (unitree_guide2) StderrLine: {'line': b'  272 |     bool \x1b[01;35m\x1b[K_avgOnly\x1b[m\x1b[K;\n'}
[1.905354] (unitree_guide2) StderrLine: {'line': b'      |          \x1b[01;35m\x1b[K^~~~~~~~\x1b[m\x1b[K\n'}
[1.905442] (unitree_guide2) StderrLine: {'line': b'\x1b[01m\x1b[K/home/nebbackwards/WPI/Classes/RBE521/Final/ros_workspace/src/RBE521/unitree_guide2/include/common/mathTools.h:246:5:\x1b[m\x1b[K \x1b[01;35m\x1b[Kwarning: \x1b[m\x1b[K  when initialized here [\x1b[01;35m\x1b[K\x1b]8;;https://gcc.gnu.org/onlinedocs/gcc/Warning-Options.html#index-Wreorder\x07-Wreorder\x1b]8;;\x07\x1b[m\x1b[K]\n'}
[1.905532] (unitree_guide2) StderrLine: {'line': b'  246 |     \x1b[01;35m\x1b[KAvgCov\x1b[m\x1b[K(unsigned int size, std::string name, bool avgOnly=false, unsigned int showPeriod=1000, unsigned int waitCount=5000, double zoomFactor=10000)\n'}
[1.905619] (unitree_guide2) StderrLine: {'line': b'      |     \x1b[01;35m\x1b[K^~~~~~\x1b[m\x1b[K\n'}
[1.907052] (-) TimerEvent: {}
[1.929474] (unitree_guide2) StderrLine: {'line': b'In file included from \x1b[01m\x1b[K/home/nebbackwards/WPI/Classes/RBE521/Final/ros_workspace/src/RBE521/unitree_guide2/include/message/LowlevelCmd.h:8\x1b[m\x1b[K,\n'}
[1.929850] (unitree_guide2) StderrLine: {'line': b'                 from \x1b[01m\x1b[K/home/nebbackwards/WPI/Classes/RBE521/Final/ros_workspace/src/RBE521/unitree_guide2/include/control/CtrlComponents.h:7\x1b[m\x1b[K,\n'}
[1.930078] (unitree_guide2) StderrLine: {'line': b'                 from \x1b[01m\x1b[K/home/nebbackwards/WPI/Classes/RBE521/Final/ros_workspace/src/RBE521/unitree_guide2/include/FSM/FSMState.h:10\x1b[m\x1b[K,\n'}
[1.930312] (unitree_guide2) StderrLine: {'line': b'                 from \x1b[01m\x1b[K/home/nebbackwards/WPI/Classes/RBE521/Final/ros_workspace/src/RBE521/unitree_guide2/include/FSM/FSM.h:8\x1b[m\x1b[K,\n'}
[1.930557] (unitree_guide2) StderrLine: {'line': b'                 from \x1b[01m\x1b[K/home/nebbackwards/WPI/Classes/RBE521/Final/ros_workspace/src/RBE521/unitree_guide2/src/FSM/FSM.cpp:4\x1b[m\x1b[K:\n'}
[1.930754] (unitree_guide2) StderrLine: {'line': b'\x1b[01m\x1b[K/home/nebbackwards/WPI/Classes/RBE521/Final/ros_workspace/src/RBE521/unitree_guide2/include/common/mathTools.h:\x1b[m\x1b[K In constructor \xe2\x80\x98\x1b[01m\x1b[KAvgCov::\x1b[01;32m\x1b[KAvgCov\x1b[m\x1b[K(unsigned int, std::string, bool, unsigned int, unsigned int, double)\x1b[m\x1b[K\xe2\x80\x99:\n'}
[1.930865] (unitree_guide2) StderrLine: {'line': b'\x1b[01m\x1b[K/home/nebbackwards/WPI/Classes/RBE521/Final/ros_workspace/src/RBE521/unitree_guide2/include/common/mathTools.h:278:17:\x1b[m\x1b[K \x1b[01;35m\x1b[Kwarning: \x1b[m\x1b[K\xe2\x80\x98\x1b[01m\x1b[KAvgCov::_valueName\x1b[m\x1b[K\xe2\x80\x99 will be initialized after [\x1b[01;35m\x1b[K\x1b]8;;https://gcc.gnu.org/onlinedocs/gcc/Warning-Options.html#index-Wreorder\x07-Wreorder\x1b]8;;\x07\x1b[m\x1b[K]\n'}
[1.930971] (unitree_guide2) StderrLine: {'line': b'  278 |     std::string \x1b[01;35m\x1b[K_valueName\x1b[m\x1b[K;\n'}
[1.931071] (unitree_guide2) StderrLine: {'line': b'      |                 \x1b[01;35m\x1b[K^~~~~~~~~~\x1b[m\x1b[K\n'}
[1.931171] (unitree_guide2) StderrLine: {'line': b'\x1b[01m\x1b[K/home/nebbackwards/WPI/Classes/RBE521/Final/ros_workspace/src/RBE521/unitree_guide2/include/common/mathTools.h:272:10:\x1b[m\x1b[K \x1b[01;35m\x1b[Kwarning: \x1b[m\x1b[K  \xe2\x80\x98\x1b[01m\x1b[Kbool AvgCov::_avgOnly\x1b[m\x1b[K\xe2\x80\x99 [\x1b[01;35m\x1b[K\x1b]8;;https://gcc.gnu.org/onlinedocs/gcc/Warning-Options.html#index-Wreorder\x07-Wreorder\x1b]8;;\x07\x1b[m\x1b[K]\n'}
[1.931296] (unitree_guide2) StderrLine: {'line': b'  272 |     bool \x1b[01;35m\x1b[K_avgOnly\x1b[m\x1b[K;\n'}
[1.931396] (unitree_guide2) StderrLine: {'line': b'      |          \x1b[01;35m\x1b[K^~~~~~~~\x1b[m\x1b[K\n'}
[1.931498] (unitree_guide2) StderrLine: {'line': b'\x1b[01m\x1b[K/home/nebbackwards/WPI/Classes/RBE521/Final/ros_workspace/src/RBE521/unitree_guide2/include/common/mathTools.h:246:5:\x1b[m\x1b[K \x1b[01;35m\x1b[Kwarning: \x1b[m\x1b[K  when initialized here [\x1b[01;35m\x1b[K\x1b]8;;https://gcc.gnu.org/onlinedocs/gcc/Warning-Options.html#index-Wreorder\x07-Wreorder\x1b]8;;\x07\x1b[m\x1b[K]\n'}
[1.931608] (unitree_guide2) StderrLine: {'line': b'  246 |     \x1b[01;35m\x1b[KAvgCov\x1b[m\x1b[K(unsigned int size, std::string name, bool avgOnly=false, unsigned int showPeriod=1000, unsigned int waitCount=5000, double zoomFactor=10000)\n'}
[1.931730] (unitree_guide2) StderrLine: {'line': b'      |     \x1b[01;35m\x1b[K^~~~~~\x1b[m\x1b[K\n'}
[1.941726] (unitree_guide2) StderrLine: {'line': b'In file included from \x1b[01m\x1b[K/home/nebbackwards/WPI/Classes/RBE521/Final/ros_workspace/src/RBE521/unitree_guide2/include/message/LowlevelState.h:10\x1b[m\x1b[K,\n'}
[1.942052] (unitree_guide2) StderrLine: {'line': b'                 from \x1b[01m\x1b[K/home/nebbackwards/WPI/Classes/RBE521/Final/ros_workspace/src/RBE521/unitree_guide2/include/control/CtrlComponents.h:8\x1b[m\x1b[K:\n'}
[1.942241] (unitree_guide2) StderrLine: {'line': b'\x1b[01m\x1b[K/home/nebbackwards/WPI/Classes/RBE521/Final/ros_workspace/src/RBE521/unitree_guide2/include/interface/CmdPanel.h:\x1b[m\x1b[K In member function \xe2\x80\x98\x1b[01m\x1b[Kvirtual void* CmdPanel::\x1b[01;32m\x1b[Krun\x1b[m\x1b[K(void*)\x1b[m\x1b[K\xe2\x80\x99:\n'}
[1.942438] (unitree_guide2) StderrLine: {'line': b'\x1b[01m\x1b[K/home/nebbackwards/WPI/Classes/RBE521/Final/ros_workspace/src/RBE521/unitree_guide2/include/interface/CmdPanel.h:50:29:\x1b[m\x1b[K \x1b[01;35m\x1b[Kwarning: \x1b[m\x1b[Kunused parameter \xe2\x80\x98\x1b[01m\x1b[Karg\x1b[m\x1b[K\xe2\x80\x99 [\x1b[01;35m\x1b[K\x1b]8;;https://gcc.gnu.org/onlinedocs/gcc/Warning-Options.html#index-Wunused-parameter\x07-Wunused-parameter\x1b]8;;\x07\x1b[m\x1b[K]\n'}
[1.942624] (unitree_guide2) StderrLine: {'line': b'   50 |     virtual void* run(\x1b[01;35m\x1b[Kvoid *arg\x1b[m\x1b[K){return NULL;}\n'}
[1.942750] (unitree_guide2) StderrLine: {'line': b'      |                       \x1b[01;35m\x1b[K~~~~~~^~~\x1b[m\x1b[K\n'}
[1.942843] (unitree_guide2) StderrLine: {'line': b'In file included from \x1b[01m\x1b[K/home/nebbackwards/WPI/Classes/RBE521/Final/ros_workspace/src/RBE521/unitree_guide2/include/message/LowlevelState.h:10\x1b[m\x1b[K,\n'}
[1.942937] (unitree_guide2) StderrLine: {'line': b'                 from \x1b[01m\x1b[K/home/nebbackwards/WPI/Classes/RBE521/Final/ros_workspace/src/RBE521/unitree_guide2/include/control/CtrlComponents.h:8\x1b[m\x1b[K:\n'}
[1.943022] (unitree_guide2) StderrLine: {'line': b'\x1b[01m\x1b[K/home/nebbackwards/WPI/Classes/RBE521/Final/ros_workspace/src/RBE521/unitree_guide2/include/interface/CmdPanel.h:\x1b[m\x1b[K In member function \xe2\x80\x98\x1b[01m\x1b[Kvirtual void* CmdPanel::\x1b[01;32m\x1b[Krun\x1b[m\x1b[K(void*)\x1b[m\x1b[K\xe2\x80\x99:\n'}
[1.943112] (unitree_guide2) StderrLine: {'line': b'\x1b[01m\x1b[K/home/nebbackwards/WPI/Classes/RBE521/Final/ros_workspace/src/RBE521/unitree_guide2/include/interface/CmdPanel.h:50:29:\x1b[m\x1b[K \x1b[01;35m\x1b[Kwarning: \x1b[m\x1b[Kunused parameter \xe2\x80\x98\x1b[01m\x1b[Karg\x1b[m\x1b[K\xe2\x80\x99 [\x1b[01;35m\x1b[K\x1b]8;;https://gcc.gnu.org/onlinedocs/gcc/Warning-Options.html#index-Wunused-parameter\x07-Wunused-parameter\x1b]8;;\x07\x1b[m\x1b[K]\n'}
[1.943213] (unitree_guide2) StderrLine: {'line': b'   50 |     virtual void* run(\x1b[01;35m\x1b[Kvoid *arg\x1b[m\x1b[K){return NULL;}\n'}
[1.943301] (unitree_guide2) StderrLine: {'line': b'      |                       \x1b[01;35m\x1b[K~~~~~~^~~\x1b[m\x1b[K\n'}
[1.952316] (unitree_guide2) StderrLine: {'line': b'In file included from \x1b[01m\x1b[K/home/nebbackwards/WPI/Classes/RBE521/Final/ros_workspace/src/RBE521/unitree_guide2/include/message/LowlevelCmd.h:8\x1b[m\x1b[K,\n'}
[1.952546] (unitree_guide2) StderrLine: {'line': b'                 from \x1b[01m\x1b[K/home/nebbackwards/WPI/Classes/RBE521/Final/ros_workspace/src/RBE521/unitree_guide2/include/control/CtrlComponents.h:7\x1b[m\x1b[K,\n'}
[1.952652] (unitree_guide2) StderrLine: {'line': b'                 from \x1b[01m\x1b[K/home/nebbackwards/WPI/Classes/RBE521/Final/ros_workspace/src/RBE521/unitree_guide2/include/FSM/FSMState.h:10\x1b[m\x1b[K,\n'}
[1.952768] (unitree_guide2) StderrLine: {'line': b'                 from \x1b[01m\x1b[K/home/nebbackwards/WPI/Classes/RBE521/Final/ros_workspace/src/RBE521/unitree_guide2/include/FSM/FSM.h:8\x1b[m\x1b[K,\n'}
[1.952861] (unitree_guide2) StderrLine: {'line': b'                 from \x1b[01m\x1b[K/home/nebbackwards/WPI/Classes/RBE521/Final/ros_workspace/src/RBE521/unitree_guide2/include/control/ControlFrame.h:7\x1b[m\x1b[K,\n'}
[1.952950] (unitree_guide2) StderrLine: {'line': b'                 from \x1b[01m\x1b[K/home/nebbackwards/WPI/Classes/RBE521/Final/ros_workspace/src/RBE521/unitree_guide2/src/main.cpp:9\x1b[m\x1b[K:\n'}
[1.953039] (unitree_guide2) StderrLine: {'line': b'\x1b[01m\x1b[K/home/nebbackwards/WPI/Classes/RBE521/Final/ros_workspace/src/RBE521/unitree_guide2/include/common/mathTools.h:\x1b[m\x1b[K In constructor \xe2\x80\x98\x1b[01m\x1b[KAvgCov::\x1b[01;32m\x1b[KAvgCov\x1b[m\x1b[K(unsigned int, std::string, bool, unsigned int, unsigned int, double)\x1b[m\x1b[K\xe2\x80\x99:\n'}
[1.953125] (unitree_guide2) StderrLine: {'line': b'\x1b[01m\x1b[K/home/nebbackwards/WPI/Classes/RBE521/Final/ros_workspace/src/RBE521/unitree_guide2/include/common/mathTools.h:278:17:\x1b[m\x1b[K \x1b[01;35m\x1b[Kwarning: \x1b[m\x1b[K\xe2\x80\x98\x1b[01m\x1b[KAvgCov::_valueName\x1b[m\x1b[K\xe2\x80\x99 will be initialized after [\x1b[01;35m\x1b[K\x1b]8;;https://gcc.gnu.org/onlinedocs/gcc/Warning-Options.html#index-Wreorder\x07-Wreorder\x1b]8;;\x07\x1b[m\x1b[K]\n'}
[1.953232] (unitree_guide2) StderrLine: {'line': b'  278 |     std::string \x1b[01;35m\x1b[K_valueName\x1b[m\x1b[K;\n'}
[1.953322] (unitree_guide2) StderrLine: {'line': b'      |                 \x1b[01;35m\x1b[K^~~~~~~~~~\x1b[m\x1b[K\n'}
[1.953403] (unitree_guide2) StderrLine: {'line': b'\x1b[01m\x1b[K/home/nebbackwards/WPI/Classes/RBE521/Final/ros_workspace/src/RBE521/unitree_guide2/include/common/mathTools.h:272:10:\x1b[m\x1b[K \x1b[01;35m\x1b[Kwarning: \x1b[m\x1b[K  \xe2\x80\x98\x1b[01m\x1b[Kbool AvgCov::_avgOnly\x1b[m\x1b[K\xe2\x80\x99 [\x1b[01;35m\x1b[K\x1b]8;;https://gcc.gnu.org/onlinedocs/gcc/Warning-Options.html#index-Wreorder\x07-Wreorder\x1b]8;;\x07\x1b[m\x1b[K]\n'}
[1.953494] (unitree_guide2) StderrLine: {'line': b'  272 |     bool \x1b[01;35m\x1b[K_avgOnly\x1b[m\x1b[K;\n'}
[1.953587] (unitree_guide2) StderrLine: {'line': b'      |          \x1b[01;35m\x1b[K^~~~~~~~\x1b[m\x1b[K\n'}
[1.953676] (unitree_guide2) StderrLine: {'line': b'\x1b[01m\x1b[K/home/nebbackwards/WPI/Classes/RBE521/Final/ros_workspace/src/RBE521/unitree_guide2/include/common/mathTools.h:246:5:\x1b[m\x1b[K \x1b[01;35m\x1b[Kwarning: \x1b[m\x1b[K  when initialized here [\x1b[01;35m\x1b[K\x1b]8;;https://gcc.gnu.org/onlinedocs/gcc/Warning-Options.html#index-Wreorder\x07-Wreorder\x1b]8;;\x07\x1b[m\x1b[K]\n'}
[1.953859] (unitree_guide2) StderrLine: {'line': b'  246 |     \x1b[01;35m\x1b[KAvgCov\x1b[m\x1b[K(unsigned int size, std::string name, bool avgOnly=false, unsigned int showPeriod=1000, unsigned int waitCount=5000, double zoomFactor=10000)\n'}
[1.953978] (unitree_guide2) StderrLine: {'line': b'      |     \x1b[01;35m\x1b[K^~~~~~\x1b[m\x1b[K\n'}
[1.969999] (unitree_guide2) StderrLine: {'line': b'In file included from \x1b[01m\x1b[K/home/nebbackwards/WPI/Classes/RBE521/Final/ros_workspace/src/RBE521/unitree_guide2/include/message/LowlevelState.h:10\x1b[m\x1b[K,\n'}
[1.970284] (unitree_guide2) StderrLine: {'line': b'                 from \x1b[01m\x1b[K/home/nebbackwards/WPI/Classes/RBE521/Final/ros_workspace/src/RBE521/unitree_guide2/include/control/CtrlComponents.h:8\x1b[m\x1b[K:\n'}
[1.970499] (unitree_guide2) StderrLine: {'line': b'\x1b[01m\x1b[K/home/nebbackwards/WPI/Classes/RBE521/Final/ros_workspace/src/RBE521/unitree_guide2/include/interface/CmdPanel.h:\x1b[m\x1b[K In member function \xe2\x80\x98\x1b[01m\x1b[Kvirtual void* CmdPanel::\x1b[01;32m\x1b[Krun\x1b[m\x1b[K(void*)\x1b[m\x1b[K\xe2\x80\x99:\n'}
[1.970722] (unitree_guide2) StderrLine: {'line': b'\x1b[01m\x1b[K/home/nebbackwards/WPI/Classes/RBE521/Final/ros_workspace/src/RBE521/unitree_guide2/include/interface/CmdPanel.h:50:29:\x1b[m\x1b[K \x1b[01;35m\x1b[Kwarning: \x1b[m\x1b[Kunused parameter \xe2\x80\x98\x1b[01m\x1b[Karg\x1b[m\x1b[K\xe2\x80\x99 [\x1b[01;35m\x1b[K\x1b]8;;https://gcc.gnu.org/onlinedocs/gcc/Warning-Options.html#index-Wunused-parameter\x07-Wunused-parameter\x1b]8;;\x07\x1b[m\x1b[K]\n'}
[1.970944] (unitree_guide2) StderrLine: {'line': b'   50 |     virtual void* run(\x1b[01;35m\x1b[Kvoid *arg\x1b[m\x1b[K){return NULL;}\n'}
[1.971122] (unitree_guide2) StderrLine: {'line': b'      |                       \x1b[01;35m\x1b[K~~~~~~^~~\x1b[m\x1b[K\n'}
[1.990431] (unitree_guide2) StderrLine: {'line': b'In file included from \x1b[01m\x1b[K/home/nebbackwards/WPI/Classes/RBE521/Final/ros_workspace/src/RBE521/unitree_guide2/include/message/LowlevelState.h:10\x1b[m\x1b[K,\n'}
[1.990735] (unitree_guide2) StderrLine: {'line': b'                 from \x1b[01m\x1b[K/home/nebbackwards/WPI/Classes/RBE521/Final/ros_workspace/src/RBE521/unitree_guide2/include/control/CtrlComponents.h:8\x1b[m\x1b[K:\n'}
[1.990859] (unitree_guide2) StderrLine: {'line': b'\x1b[01m\x1b[K/home/nebbackwards/WPI/Classes/RBE521/Final/ros_workspace/src/RBE521/unitree_guide2/include/interface/CmdPanel.h:\x1b[m\x1b[K In member function \xe2\x80\x98\x1b[01m\x1b[Kvirtual void* CmdPanel::\x1b[01;32m\x1b[Krun\x1b[m\x1b[K(void*)\x1b[m\x1b[K\xe2\x80\x99:\n'}
[1.990961] (unitree_guide2) StderrLine: {'line': b'\x1b[01m\x1b[K/home/nebbackwards/WPI/Classes/RBE521/Final/ros_workspace/src/RBE521/unitree_guide2/include/interface/CmdPanel.h:50:29:\x1b[m\x1b[K \x1b[01;35m\x1b[Kwarning: \x1b[m\x1b[Kunused parameter \xe2\x80\x98\x1b[01m\x1b[Karg\x1b[m\x1b[K\xe2\x80\x99 [\x1b[01;35m\x1b[K\x1b]8;;https://gcc.gnu.org/onlinedocs/gcc/Warning-Options.html#index-Wunused-parameter\x07-Wunused-parameter\x1b]8;;\x07\x1b[m\x1b[K]\n'}
[1.991083] (unitree_guide2) StderrLine: {'line': b'   50 |     virtual void* run(\x1b[01;35m\x1b[Kvoid *arg\x1b[m\x1b[K){return NULL;}\n'}
[1.991186] (unitree_guide2) StderrLine: {'line': b'      |                       \x1b[01;35m\x1b[K~~~~~~^~~\x1b[m\x1b[K\n'}
[2.007249] (-) TimerEvent: {}
[2.107682] (-) TimerEvent: {}
[2.208130] (-) TimerEvent: {}
[2.308570] (-) TimerEvent: {}
[2.409118] (-) TimerEvent: {}
[2.509562] (-) TimerEvent: {}
[2.610027] (-) TimerEvent: {}
[2.710492] (-) TimerEvent: {}
[2.810943] (-) TimerEvent: {}
[2.911414] (-) TimerEvent: {}
[3.011859] (-) TimerEvent: {}
[3.112289] (-) TimerEvent: {}
[3.212684] (-) TimerEvent: {}
[3.313165] (-) TimerEvent: {}
[3.413583] (-) TimerEvent: {}
[3.514022] (-) TimerEvent: {}
[3.614431] (-) TimerEvent: {}
[3.714807] (-) TimerEvent: {}
[3.815257] (-) TimerEvent: {}
[3.824336] (unitree_guide2) StderrLine: {'line': b'\x1b[01m\x1b[K/home/nebbackwards/WPI/Classes/RBE521/Final/ros_workspace/src/RBE521/unitree_guide2/include/control/CtrlComponents.h:\x1b[m\x1b[K In destructor \xe2\x80\x98\x1b[01m\x1b[KCtrlComponents::\x1b[01;32m\x1b[K~CtrlComponents\x1b[m\x1b[K()\x1b[m\x1b[K\xe2\x80\x99:\n'}
[3.824642] (unitree_guide2) StderrLine: {'line': b'\x1b[01m\x1b[K/home/nebbackwards/WPI/Classes/RBE521/Final/ros_workspace/src/RBE521/unitree_guide2/include/control/CtrlComponents.h:35:9:\x1b[m\x1b[K \x1b[01;35m\x1b[Kwarning: \x1b[m\x1b[Kdeleting object of abstract class type \xe2\x80\x98\x1b[01m\x1b[KIOInterface\x1b[m\x1b[K\xe2\x80\x99 which has non-virtual destructor will cause undefined behavior [\x1b[01;35m\x1b[K\x1b]8;;https://gcc.gnu.org/onlinedocs/gcc/Warning-Options.html#index-Wdelete-non-virtual-dtor\x07-Wdelete-non-virtual-dtor\x1b]8;;\x07\x1b[m\x1b[K]\n'}
[3.824856] (unitree_guide2) StderrLine: {'line': b'   35 |         \x1b[01;35m\x1b[Kdelete ioInter\x1b[m\x1b[K;\n'}
[3.824962] (unitree_guide2) StderrLine: {'line': b'      |         \x1b[01;35m\x1b[K^~~~~~~~~~~~~~\x1b[m\x1b[K\n'}
[3.829914] (unitree_guide2) StderrLine: {'line': b'In file included from \x1b[01m\x1b[K/home/nebbackwards/WPI/Classes/RBE521/Final/ros_workspace/src/RBE521/unitree_guide2/include/FSM/FSM.h:19\x1b[m\x1b[K:\n'}
[3.830209] (unitree_guide2) StderrLine: {'line': b'\x1b[01m\x1b[K/home/nebbackwards/WPI/Classes/RBE521/Final/ros_workspace/src/RBE521/unitree_guide2/include/FSM/State_move_gait.h:\x1b[m\x1b[K At global scope:\n'}
[3.830404] (unitree_guide2) StderrLine: {'line': b'\x1b[01m\x1b[K/home/nebbackwards/WPI/Classes/RBE521/Final/ros_workspace/src/RBE521/unitree_guide2/include/FSM/State_move_gait.h:57:38:\x1b[m\x1b[K \x1b[01;31m\x1b[Kerror: \x1b[m\x1b[K\xe2\x80\x98\x1b[01m\x1b[KSharedPtr\x1b[m\x1b[K\xe2\x80\x99 in \xe2\x80\x98\x1b[01m\x1b[Kstruct GaitCmd\x1b[m\x1b[K\xe2\x80\x99 does not name a type\n'}
[3.830575] (unitree_guide2) StderrLine: {'line': b'   57 |     void gaitCallback(const GaitCmd::\x1b[01;31m\x1b[KSharedPtr\x1b[m\x1b[K msg);\n'}
[3.830774] (unitree_guide2) StderrLine: {'line': b'      |                                      \x1b[01;31m\x1b[K^~~~~~~~~\x1b[m\x1b[K\n'}
[3.831765] (unitree_guide2) StderrLine: {'line': b'\x1b[01m\x1b[K/home/nebbackwards/WPI/Classes/RBE521/Final/ros_workspace/src/RBE521/unitree_guide2/include/control/CtrlComponents.h:\x1b[m\x1b[K In destructor \xe2\x80\x98\x1b[01m\x1b[KCtrlComponents::\x1b[01;32m\x1b[K~CtrlComponents\x1b[m\x1b[K()\x1b[m\x1b[K\xe2\x80\x99:\n'}
[3.831961] (unitree_guide2) StderrLine: {'line': b'\x1b[01m\x1b[K/home/nebbackwards/WPI/Classes/RBE521/Final/ros_workspace/src/RBE521/unitree_guide2/include/control/CtrlComponents.h:35:9:\x1b[m\x1b[K \x1b[01;35m\x1b[Kwarning: \x1b[m\x1b[Kdeleting object of abstract class type \xe2\x80\x98\x1b[01m\x1b[KIOInterface\x1b[m\x1b[K\xe2\x80\x99 which has non-virtual destructor will cause undefined behavior [\x1b[01;35m\x1b[K\x1b]8;;https://gcc.gnu.org/onlinedocs/gcc/Warning-Options.html#index-Wdelete-non-virtual-dtor\x07-Wdelete-non-virtual-dtor\x1b]8;;\x07\x1b[m\x1b[K]\n'}
[3.832134] (unitree_guide2) StderrLine: {'line': b'   35 |         \x1b[01;35m\x1b[Kdelete ioInter\x1b[m\x1b[K;\n'}
[3.832304] (unitree_guide2) StderrLine: {'line': b'      |         \x1b[01;35m\x1b[K^~~~~~~~~~~~~~\x1b[m\x1b[K\n'}
[3.836668] (unitree_guide2) StderrLine: {'line': b'\x1b[01m\x1b[K/home/nebbackwards/WPI/Classes/RBE521/Final/ros_workspace/src/RBE521/unitree_guide2/include/FSM/State_move_gait.h:\x1b[m\x1b[K At global scope:\n'}
[3.836964] (unitree_guide2) StderrLine: {'line': b'\x1b[01m\x1b[K/home/nebbackwards/WPI/Classes/RBE521/Final/ros_workspace/src/RBE521/unitree_guide2/include/FSM/State_move_gait.h:57:38:\x1b[m\x1b[K \x1b[01;31m\x1b[Kerror: \x1b[m\x1b[K\xe2\x80\x98\x1b[01m\x1b[KSharedPtr\x1b[m\x1b[K\xe2\x80\x99 in \xe2\x80\x98\x1b[01m\x1b[Kstruct GaitCmd\x1b[m\x1b[K\xe2\x80\x99 does not name a type\n'}
[3.837159] (unitree_guide2) StderrLine: {'line': b'   57 |     void gaitCallback(const GaitCmd::\x1b[01;31m\x1b[KSharedPtr\x1b[m\x1b[K msg);\n'}
[3.837333] (unitree_guide2) StderrLine: {'line': b'      |                                      \x1b[01;31m\x1b[K^~~~~~~~~\x1b[m\x1b[K\n'}
[3.891151] (unitree_guide2) StderrLine: {'line': b'\x1b[01m\x1b[K/home/nebbackwards/WPI/Classes/RBE521/Final/ros_workspace/src/RBE521/unitree_guide2/include/control/CtrlComponents.h:\x1b[m\x1b[K In destructor \xe2\x80\x98\x1b[01m\x1b[KCtrlComponents::\x1b[01;32m\x1b[K~CtrlComponents\x1b[m\x1b[K()\x1b[m\x1b[K\xe2\x80\x99:\n'}
[3.891485] (unitree_guide2) StderrLine: {'line': b'\x1b[01m\x1b[K/home/nebbackwards/WPI/Classes/RBE521/Final/ros_workspace/src/RBE521/unitree_guide2/include/control/CtrlComponents.h:35:9:\x1b[m\x1b[K \x1b[01;35m\x1b[Kwarning: \x1b[m\x1b[Kdeleting object of abstract class type \xe2\x80\x98\x1b[01m\x1b[KIOInterface\x1b[m\x1b[K\xe2\x80\x99 which has non-virtual destructor will cause undefined behavior [\x1b[01;35m\x1b[K\x1b]8;;https://gcc.gnu.org/onlinedocs/gcc/Warning-Options.html#index-Wdelete-non-virtual-dtor\x07-Wdelete-non-virtual-dtor\x1b]8;;\x07\x1b[m\x1b[K]\n'}
[3.891753] (unitree_guide2) StderrLine: {'line': b'   35 |         \x1b[01;35m\x1b[Kdelete ioInter\x1b[m\x1b[K;\n'}
[3.891949] (unitree_guide2) StderrLine: {'line': b'      |         \x1b[01;35m\x1b[K^~~~~~~~~~~~~~\x1b[m\x1b[K\n'}
[3.892722] (unitree_guide2) StderrLine: {'line': b'\x1b[01m\x1b[K/home/nebbackwards/WPI/Classes/RBE521/Final/ros_workspace/src/RBE521/unitree_guide2/include/control/CtrlComponents.h:\x1b[m\x1b[K In destructor \xe2\x80\x98\x1b[01m\x1b[KCtrlComponents::\x1b[01;32m\x1b[K~CtrlComponents\x1b[m\x1b[K()\x1b[m\x1b[K\xe2\x80\x99:\n'}
[3.892876] (unitree_guide2) StderrLine: {'line': b'\x1b[01m\x1b[K/home/nebbackwards/WPI/Classes/RBE521/Final/ros_workspace/src/RBE521/unitree_guide2/include/control/CtrlComponents.h:35:9:\x1b[m\x1b[K \x1b[01;35m\x1b[Kwarning: \x1b[m\x1b[Kdeleting object of abstract class type \xe2\x80\x98\x1b[01m\x1b[KIOInterface\x1b[m\x1b[K\xe2\x80\x99 which has non-virtual destructor will cause undefined behavior [\x1b[01;35m\x1b[K\x1b]8;;https://gcc.gnu.org/onlinedocs/gcc/Warning-Options.html#index-Wdelete-non-virtual-dtor\x07-Wdelete-non-virtual-dtor\x1b]8;;\x07\x1b[m\x1b[K]\n'}
[3.892987] (unitree_guide2) StderrLine: {'line': b'   35 |         \x1b[01;35m\x1b[Kdelete ioInter\x1b[m\x1b[K;\n'}
[3.893088] (unitree_guide2) StderrLine: {'line': b'      |         \x1b[01;35m\x1b[K^~~~~~~~~~~~~~\x1b[m\x1b[K\n'}
[3.897227] (unitree_guide2) StderrLine: {'line': b'In file included from \x1b[01m\x1b[K/home/nebbackwards/WPI/Classes/RBE521/Final/ros_workspace/src/RBE521/unitree_guide2/include/FSM/FSM.h:19\x1b[m\x1b[K:\n'}
[3.897542] (unitree_guide2) StderrLine: {'line': b'\x1b[01m\x1b[K/home/nebbackwards/WPI/Classes/RBE521/Final/ros_workspace/src/RBE521/unitree_guide2/include/FSM/State_move_gait.h:\x1b[m\x1b[K At global scope:\n'}
[3.897762] (unitree_guide2) StderrLine: {'line': b'\x1b[01m\x1b[K/home/nebbackwards/WPI/Classes/RBE521/Final/ros_workspace/src/RBE521/unitree_guide2/include/FSM/State_move_gait.h:57:38:\x1b[m\x1b[K \x1b[01;31m\x1b[Kerror: \x1b[m\x1b[K\xe2\x80\x98\x1b[01m\x1b[KSharedPtr\x1b[m\x1b[K\xe2\x80\x99 in \xe2\x80\x98\x1b[01m\x1b[Kstruct GaitCmd\x1b[m\x1b[K\xe2\x80\x99 does not name a type\n'}
[3.897997] (unitree_guide2) StderrLine: {'line': b'   57 |     void gaitCallback(const GaitCmd::\x1b[01;31m\x1b[KSharedPtr\x1b[m\x1b[K msg);\n'}
[3.898206] (unitree_guide2) StderrLine: {'line': b'      |                                      \x1b[01;31m\x1b[K^~~~~~~~~\x1b[m\x1b[K\n'}
[3.898506] (unitree_guide2) StderrLine: {'line': b'In file included from \x1b[01m\x1b[K/home/nebbackwards/WPI/Classes/RBE521/Final/ros_workspace/src/RBE521/unitree_guide2/include/FSM/FSM.h:19\x1b[m\x1b[K:\n'}
[3.898775] (unitree_guide2) StderrLine: {'line': b'\x1b[01m\x1b[K/home/nebbackwards/WPI/Classes/RBE521/Final/ros_workspace/src/RBE521/unitree_guide2/include/FSM/State_move_gait.h:\x1b[m\x1b[K At global scope:\n'}
[3.898953] (unitree_guide2) StderrLine: {'line': b'\x1b[01m\x1b[K/home/nebbackwards/WPI/Classes/RBE521/Final/ros_workspace/src/RBE521/unitree_guide2/include/FSM/State_move_gait.h:57:38:\x1b[m\x1b[K \x1b[01;31m\x1b[Kerror: \x1b[m\x1b[K\xe2\x80\x98\x1b[01m\x1b[KSharedPtr\x1b[m\x1b[K\xe2\x80\x99 in \xe2\x80\x98\x1b[01m\x1b[Kstruct GaitCmd\x1b[m\x1b[K\xe2\x80\x99 does not name a type\n'}
[3.899128] (unitree_guide2) StderrLine: {'line': b'   57 |     void gaitCallback(const GaitCmd::\x1b[01;31m\x1b[KSharedPtr\x1b[m\x1b[K msg);\n'}
[3.899284] (unitree_guide2) StderrLine: {'line': b'      |                                      \x1b[01;31m\x1b[K^~~~~~~~~\x1b[m\x1b[K\n'}
[3.915439] (-) TimerEvent: {}
[4.015946] (-) TimerEvent: {}
[4.116395] (-) TimerEvent: {}
[4.216956] (-) TimerEvent: {}
[4.295696] (unitree_guide2) StderrLine: {'line': b'\x1b[01m\x1b[K/home/nebbackwards/WPI/Classes/RBE521/Final/ros_workspace/src/RBE521/unitree_guide2/include/FSM/FSM.h:\x1b[m\x1b[K In member function \xe2\x80\x98\x1b[01m\x1b[Kvoid FSMStateList::\x1b[01;32m\x1b[KdeletePtr\x1b[m\x1b[K()\x1b[m\x1b[K\xe2\x80\x99:\n'}
[4.296049] (unitree_guide2) StderrLine: {'line': b'\x1b[01m\x1b[K/home/nebbackwards/WPI/Classes/RBE521/Final/ros_workspace/src/RBE521/unitree_guide2/include/FSM/FSM.h:49:9:\x1b[m\x1b[K \x1b[01;35m\x1b[Kwarning: \x1b[m\x1b[Kdeleting object of abstract class type \xe2\x80\x98\x1b[01m\x1b[KFSMState\x1b[m\x1b[K\xe2\x80\x99 which has non-virtual destructor will cause undefined behavior [\x1b[01;35m\x1b[K\x1b]8;;https://gcc.gnu.org/onlinedocs/gcc/Warning-Options.html#index-Wdelete-non-virtual-dtor\x07-Wdelete-non-virtual-dtor\x1b]8;;\x07\x1b[m\x1b[K]\n'}
[4.296294] (unitree_guide2) StderrLine: {'line': b'   49 |         \x1b[01;35m\x1b[Kdelete invalid\x1b[m\x1b[K;\n'}
[4.296521] (unitree_guide2) StderrLine: {'line': b'      |         \x1b[01;35m\x1b[K^~~~~~~~~~~~~~\x1b[m\x1b[K\n'}
[4.296724] (unitree_guide2) StderrLine: {'line': b'\x1b[01m\x1b[K/home/nebbackwards/WPI/Classes/RBE521/Final/ros_workspace/src/RBE521/unitree_guide2/include/FSM/FSM.h:50:9:\x1b[m\x1b[K \x1b[01;35m\x1b[Kwarning: \x1b[m\x1b[Kdeleting object of polymorphic class type \xe2\x80\x98\x1b[01m\x1b[KState_Passive\x1b[m\x1b[K\xe2\x80\x99 which has non-virtual destructor might cause undefined behavior [\x1b[01;35m\x1b[K\x1b]8;;https://gcc.gnu.org/onlinedocs/gcc/Warning-Options.html#index-Wdelete-non-virtual-dtor\x07-Wdelete-non-virtual-dtor\x1b]8;;\x07\x1b[m\x1b[K]\n'}
[4.296940] (unitree_guide2) StderrLine: {'line': b'   50 |         \x1b[01;35m\x1b[Kdelete passive\x1b[m\x1b[K;\n'}
[4.297123] (unitree_guide2) StderrLine: {'line': b'      |         \x1b[01;35m\x1b[K^~~~~~~~~~~~~~\x1b[m\x1b[K\n'}
[4.297229] (unitree_guide2) StderrLine: {'line': b'\x1b[01m\x1b[K/home/nebbackwards/WPI/Classes/RBE521/Final/ros_workspace/src/RBE521/unitree_guide2/include/FSM/FSM.h:51:9:\x1b[m\x1b[K \x1b[01;35m\x1b[Kwarning: \x1b[m\x1b[Kdeleting object of polymorphic class type \xe2\x80\x98\x1b[01m\x1b[KState_FixedStand\x1b[m\x1b[K\xe2\x80\x99 which has non-virtual destructor might cause undefined behavior [\x1b[01;35m\x1b[K\x1b]8;;https://gcc.gnu.org/onlinedocs/gcc/Warning-Options.html#index-Wdelete-non-virtual-dtor\x07-Wdelete-non-virtual-dtor\x1b]8;;\x07\x1b[m\x1b[K]\n'}
[4.297330] (unitree_guide2) StderrLine: {'line': b'   51 |         \x1b[01;35m\x1b[Kdelete fixedStand\x1b[m\x1b[K;\n'}
[4.297410] (unitree_guide2) StderrLine: {'line': b'      |         \x1b[01;35m\x1b[K^~~~~~~~~~~~~~~~~\x1b[m\x1b[K\n'}
[4.297491] (unitree_guide2) StderrLine: {'line': b'\x1b[01m\x1b[K/home/nebbackwards/WPI/Classes/RBE521/Final/ros_workspace/src/RBE521/unitree_guide2/include/FSM/FSM.h:52:9:\x1b[m\x1b[K \x1b[01;35m\x1b[Kwarning: \x1b[m\x1b[Kdeleting object of polymorphic class type \xe2\x80\x98\x1b[01m\x1b[KState_GaitTransition\x1b[m\x1b[K\xe2\x80\x99 which has non-virtual destructor might cause undefined behavior [\x1b[01;35m\x1b[K\x1b]8;;https://gcc.gnu.org/onlinedocs/gcc/Warning-Options.html#index-Wdelete-non-virtual-dtor\x07-Wdelete-non-virtual-dtor\x1b]8;;\x07\x1b[m\x1b[K]\n'}
[4.297575] (unitree_guide2) StderrLine: {'line': b'   52 |         \x1b[01;35m\x1b[Kdelete gaitTransition\x1b[m\x1b[K;\n'}
[4.297655] (unitree_guide2) StderrLine: {'line': b'      |         \x1b[01;35m\x1b[K^~~~~~~~~~~~~~~~~~~~~\x1b[m\x1b[K\n'}
[4.297752] (unitree_guide2) StderrLine: {'line': b'\x1b[01m\x1b[K/home/nebbackwards/WPI/Classes/RBE521/Final/ros_workspace/src/RBE521/unitree_guide2/include/FSM/FSM.h:53:9:\x1b[m\x1b[K \x1b[01;35m\x1b[Kwarning: \x1b[m\x1b[Kdeleting object of polymorphic class type \xe2\x80\x98\x1b[01m\x1b[KState_FreeStand\x1b[m\x1b[K\xe2\x80\x99 which has non-virtual destructor might cause undefined behavior [\x1b[01;35m\x1b[K\x1b]8;;https://gcc.gnu.org/onlinedocs/gcc/Warning-Options.html#index-Wdelete-non-virtual-dtor\x07-Wdelete-non-virtual-dtor\x1b]8;;\x07\x1b[m\x1b[K]\n'}
[4.297892] (unitree_guide2) StderrLine: {'line': b'   53 |         \x1b[01;35m\x1b[Kdelete freeStand\x1b[m\x1b[K;\n'}
[4.298020] (unitree_guide2) StderrLine: {'line': b'      |         \x1b[01;35m\x1b[K^~~~~~~~~~~~~~~~\x1b[m\x1b[K\n'}
[4.298127] (unitree_guide2) StderrLine: {'line': b'\x1b[01m\x1b[K/home/nebbackwards/WPI/Classes/RBE521/Final/ros_workspace/src/RBE521/unitree_guide2/include/FSM/FSM.h:54:9:\x1b[m\x1b[K \x1b[01;35m\x1b[Kwarning: \x1b[m\x1b[Kdeleting object of polymorphic class type \xe2\x80\x98\x1b[01m\x1b[KState_Trotting\x1b[m\x1b[K\xe2\x80\x99 which has non-virtual destructor might cause undefined behavior [\x1b[01;35m\x1b[K\x1b]8;;https://gcc.gnu.org/onlinedocs/gcc/Warning-Options.html#index-Wdelete-non-virtual-dtor\x07-Wdelete-non-virtual-dtor\x1b]8;;\x07\x1b[m\x1b[K]\n'}
[4.298229] (unitree_guide2) StderrLine: {'line': b'   54 |         \x1b[01;35m\x1b[Kdelete trotting\x1b[m\x1b[K;\n'}
[4.298319] (unitree_guide2) StderrLine: {'line': b'      |         \x1b[01;35m\x1b[K^~~~~~~~~~~~~~~\x1b[m\x1b[K\n'}
[4.298413] (unitree_guide2) StderrLine: {'line': b'\x1b[01m\x1b[K/home/nebbackwards/WPI/Classes/RBE521/Final/ros_workspace/src/RBE521/unitree_guide2/include/FSM/FSM.h:55:9:\x1b[m\x1b[K \x1b[01;35m\x1b[Kwarning: \x1b[m\x1b[Kdeleting object of polymorphic class type \xe2\x80\x98\x1b[01m\x1b[KState_BalanceTest\x1b[m\x1b[K\xe2\x80\x99 which has non-virtual destructor might cause undefined behavior [\x1b[01;35m\x1b[K\x1b]8;;https://gcc.gnu.org/onlinedocs/gcc/Warning-Options.html#index-Wdelete-non-virtual-dtor\x07-Wdelete-non-virtual-dtor\x1b]8;;\x07\x1b[m\x1b[K]\n'}
[4.298518] (unitree_guide2) StderrLine: {'line': b'   55 |         \x1b[01;35m\x1b[Kdelete balanceTest\x1b[m\x1b[K;\n'}
[4.298614] (unitree_guide2) StderrLine: {'line': b'      |         \x1b[01;35m\x1b[K^~~~~~~~~~~~~~~~~~\x1b[m\x1b[K\n'}
[4.298718] (unitree_guide2) StderrLine: {'line': b'\x1b[01m\x1b[K/home/nebbackwards/WPI/Classes/RBE521/Final/ros_workspace/src/RBE521/unitree_guide2/include/FSM/FSM.h:56:9:\x1b[m\x1b[K \x1b[01;35m\x1b[Kwarning: \x1b[m\x1b[Kdeleting object of polymorphic class type \xe2\x80\x98\x1b[01m\x1b[KState_SwingTest\x1b[m\x1b[K\xe2\x80\x99 which has non-virtual destructor might cause undefined behavior [\x1b[01;35m\x1b[K\x1b]8;;https://gcc.gnu.org/onlinedocs/gcc/Warning-Options.html#index-Wdelete-non-virtual-dtor\x07-Wdelete-non-virtual-dtor\x1b]8;;\x07\x1b[m\x1b[K]\n'}
[4.298830] (unitree_guide2) StderrLine: {'line': b'   56 |         \x1b[01;35m\x1b[Kdelete swingTest\x1b[m\x1b[K;\n'}
[4.298919] (unitree_guide2) StderrLine: {'line': b'      |         \x1b[01;35m\x1b[K^~~~~~~~~~~~~~~~\x1b[m\x1b[K\n'}
[4.299009] (unitree_guide2) StderrLine: {'line': b'\x1b[01m\x1b[K/home/nebbackwards/WPI/Classes/RBE521/Final/ros_workspace/src/RBE521/unitree_guide2/include/FSM/FSM.h:57:9:\x1b[m\x1b[K \x1b[01;35m\x1b[Kwarning: \x1b[m\x1b[Kdeleting object of polymorphic class type \xe2\x80\x98\x1b[01m\x1b[KState_StepTest\x1b[m\x1b[K\xe2\x80\x99 which has non-virtual destructor might cause undefined behavior [\x1b[01;35m\x1b[K\x1b]8;;https://gcc.gnu.org/onlinedocs/gcc/Warning-Options.html#index-Wdelete-non-virtual-dtor\x07-Wdelete-non-virtual-dtor\x1b]8;;\x07\x1b[m\x1b[K]\n'}
[4.299115] (unitree_guide2) StderrLine: {'line': b'   57 |         \x1b[01;35m\x1b[Kdelete stepTest\x1b[m\x1b[K;\n'}
[4.299256] (unitree_guide2) StderrLine: {'line': b'      |         \x1b[01;35m\x1b[K^~~~~~~~~~~~~~~\x1b[m\x1b[K\n'}
[4.299405] (unitree_guide2) StderrLine: {'line': b'\x1b[01m\x1b[K/home/nebbackwards/WPI/Classes/RBE521/Final/ros_workspace/src/RBE521/unitree_guide2/include/FSM/FSM.h:63:9:\x1b[m\x1b[K \x1b[01;35m\x1b[Kwarning: \x1b[m\x1b[Kdeleting object of polymorphic class type \xe2\x80\x98\x1b[01m\x1b[KState_move_base\x1b[m\x1b[K\xe2\x80\x99 which has non-virtual destructor might cause undefined behavior [\x1b[01;35m\x1b[K\x1b]8;;https://gcc.gnu.org/onlinedocs/gcc/Warning-Options.html#index-Wdelete-non-virtual-dtor\x07-Wdelete-non-virtual-dtor\x1b]8;;\x07\x1b[m\x1b[K]\n'}
[4.299570] (unitree_guide2) StderrLine: {'line': b'   63 |         \x1b[01;35m\x1b[Kdelete moveBase\x1b[m\x1b[K;\n'}
[4.299683] (unitree_guide2) StderrLine: {'line': b'      |         \x1b[01;35m\x1b[K^~~~~~~~~~~~~~~\x1b[m\x1b[K\n'}
[4.299796] (unitree_guide2) StderrLine: {'line': b'\x1b[01m\x1b[K/home/nebbackwards/WPI/Classes/RBE521/Final/ros_workspace/src/RBE521/unitree_guide2/include/FSM/FSM.h:64:9:\x1b[m\x1b[K \x1b[01;35m\x1b[Kwarning: \x1b[m\x1b[Kdeleting object of polymorphic class type \xe2\x80\x98\x1b[01m\x1b[KState_move_gait\x1b[m\x1b[K\xe2\x80\x99 which has non-virtual destructor might cause undefined behavior [\x1b[01;35m\x1b[K\x1b]8;;https://gcc.gnu.org/onlinedocs/gcc/Warning-Options.html#index-Wdelete-non-virtual-dtor\x07-Wdelete-non-virtual-dtor\x1b]8;;\x07\x1b[m\x1b[K]\n'}
[4.299909] (unitree_guide2) StderrLine: {'line': b'   64 |         \x1b[01;35m\x1b[Kdelete moveGait\x1b[m\x1b[K;\n'}
[4.300011] (unitree_guide2) StderrLine: {'line': b'      |         \x1b[01;35m\x1b[K^~~~~~~~~~~~~~~\x1b[m\x1b[K\n'}
[4.305787] (unitree_guide2) StderrLine: {'line': b'\x1b[01m\x1b[K/home/nebbackwards/WPI/Classes/RBE521/Final/ros_workspace/src/RBE521/unitree_guide2/src/FSM/State_move_gait.cpp:93:51:\x1b[m\x1b[K \x1b[01;31m\x1b[Kerror: \x1b[m\x1b[K\xe2\x80\x98\x1b[01m\x1b[KSharedPtr\x1b[m\x1b[K\xe2\x80\x99 in \xe2\x80\x98\x1b[01m\x1b[Kstruct GaitCmd\x1b[m\x1b[K\xe2\x80\x99 does not name a type\n'}
[4.306077] (unitree_guide2) StderrLine: {'line': b'   93 | void State_move_gait::gaitCallback(const GaitCmd::\x1b[01;31m\x1b[KSharedPtr\x1b[m\x1b[K msg){\n'}
[4.306222] (unitree_guide2) StderrLine: {'line': b'      |                                                   \x1b[01;31m\x1b[K^~~~~~~~~\x1b[m\x1b[K\n'}
[4.306622] (unitree_guide2) StderrLine: {'line': b'\x1b[01m\x1b[K/home/nebbackwards/WPI/Classes/RBE521/Final/ros_workspace/src/RBE521/unitree_guide2/src/FSM/State_move_gait.cpp:\x1b[m\x1b[K In member function \xe2\x80\x98\x1b[01m\x1b[Kvoid State_move_gait::\x1b[01;32m\x1b[KgaitCallback\x1b[m\x1b[K(int)\x1b[m\x1b[K\xe2\x80\x99:\n'}
[4.306802] (unitree_guide2) StderrLine: {'line': b'\x1b[01m\x1b[K/home/nebbackwards/WPI/Classes/RBE521/Final/ros_workspace/src/RBE521/unitree_guide2/src/FSM/State_move_gait.cpp:94:16:\x1b[m\x1b[K \x1b[01;31m\x1b[Kerror: \x1b[m\x1b[Krequest for member \xe2\x80\x98\x1b[01m\x1b[Kbeta\x1b[m\x1b[K\xe2\x80\x99 in \xe2\x80\x98\x1b[01m\x1b[Kmsg\x1b[m\x1b[K\xe2\x80\x99, which is of non-class type \xe2\x80\x98\x1b[01m\x1b[Kconst int\x1b[m\x1b[K\xe2\x80\x99\n'}
[4.306988] (unitree_guide2) StderrLine: {'line': b'   94 |     _beta= msg.\x1b[01;31m\x1b[Kbeta\x1b[m\x1b[K;\n'}
[4.307111] (unitree_guide2) StderrLine: {'line': b'      |                \x1b[01;31m\x1b[K^~~~\x1b[m\x1b[K\n'}
[4.307223] (unitree_guide2) StderrLine: {'line': b'\x1b[01m\x1b[K/home/nebbackwards/WPI/Classes/RBE521/Final/ros_workspace/src/RBE521/unitree_guide2/src/FSM/State_move_gait.cpp:95:19:\x1b[m\x1b[K \x1b[01;31m\x1b[Kerror: \x1b[m\x1b[Krequest for member \xe2\x80\x98\x1b[01m\x1b[Kperiod\x1b[m\x1b[K\xe2\x80\x99 in \xe2\x80\x98\x1b[01m\x1b[Kmsg\x1b[m\x1b[K\xe2\x80\x99, which is of non-class type \xe2\x80\x98\x1b[01m\x1b[Kconst int\x1b[m\x1b[K\xe2\x80\x99\n'}
[4.307339] (unitree_guide2) StderrLine: {'line': b'   95 |     _period = msg.\x1b[01;31m\x1b[Kperiod\x1b[m\x1b[K;\n'}
[4.307446] (unitree_guide2) StderrLine: {'line': b'      |                   \x1b[01;31m\x1b[K^~~~~~\x1b[m\x1b[K\n'}
[4.307556] (unitree_guide2) StderrLine: {'line': b'\x1b[01m\x1b[K/home/nebbackwards/WPI/Classes/RBE521/Final/ros_workspace/src/RBE521/unitree_guide2/src/FSM/State_move_gait.cpp:96:23:\x1b[m\x1b[K \x1b[01;31m\x1b[Kerror: \x1b[m\x1b[Krequest for member \xe2\x80\x98\x1b[01m\x1b[Kb\x1b[m\x1b[K\xe2\x80\x99 in \xe2\x80\x98\x1b[01m\x1b[Kmsg\x1b[m\x1b[K\xe2\x80\x99, which is of non-class type \xe2\x80\x98\x1b[01m\x1b[Kconst int\x1b[m\x1b[K\xe2\x80\x99\n'}
[4.307668] (unitree_guide2) StderrLine: {'line': b'   96 |     _bias = Vec4({msg.\x1b[01;31m\x1b[Kb\x1b[m\x1b[K.l1, msg.b.l2, msg.b.l3, msg.b.l4});\n'}
[4.307803] (unitree_guide2) StderrLine: {'line': b'      |                       \x1b[01;31m\x1b[K^\x1b[m\x1b[K\n'}
[4.307937] (unitree_guide2) StderrLine: {'line': b'\x1b[01m\x1b[K/home/nebbackwards/WPI/Classes/RBE521/Final/ros_workspace/src/RBE521/unitree_guide2/src/FSM/State_move_gait.cpp:96:33:\x1b[m\x1b[K \x1b[01;31m\x1b[Kerror: \x1b[m\x1b[Krequest for member \xe2\x80\x98\x1b[01m\x1b[Kb\x1b[m\x1b[K\xe2\x80\x99 in \xe2\x80\x98\x1b[01m\x1b[Kmsg\x1b[m\x1b[K\xe2\x80\x99, which is of non-class type \xe2\x80\x98\x1b[01m\x1b[Kconst int\x1b[m\x1b[K\xe2\x80\x99\n'}
[4.308554] (unitree_guide2) StderrLine: {'line': b'   96 |     _bias = Vec4({msg.b.l1, msg.\x1b[01;31m\x1b[Kb\x1b[m\x1b[K.l2, msg.b.l3, msg.b.l4});\n'}
[4.308661] (unitree_guide2) StderrLine: {'line': b'      |                                 \x1b[01;31m\x1b[K^\x1b[m\x1b[K\n'}
[4.308777] (unitree_guide2) StderrLine: {'line': b'\x1b[01m\x1b[K/home/nebbackwards/WPI/Classes/RBE521/Final/ros_workspace/src/RBE521/unitree_guide2/src/FSM/State_move_gait.cpp:96:43:\x1b[m\x1b[K \x1b[01;31m\x1b[Kerror: \x1b[m\x1b[Krequest for member \xe2\x80\x98\x1b[01m\x1b[Kb\x1b[m\x1b[K\xe2\x80\x99 in \xe2\x80\x98\x1b[01m\x1b[Kmsg\x1b[m\x1b[K\xe2\x80\x99, which is of non-class type \xe2\x80\x98\x1b[01m\x1b[Kconst int\x1b[m\x1b[K\xe2\x80\x99\n'}
[4.308871] (unitree_guide2) StderrLine: {'line': b'   96 |     _bias = Vec4({msg.b.l1, msg.b.l2, msg.\x1b[01;31m\x1b[Kb\x1b[m\x1b[K.l3, msg.b.l4});\n'}
[4.308961] (unitree_guide2) StderrLine: {'line': b'      |                                           \x1b[01;31m\x1b[K^\x1b[m\x1b[K\n'}
[4.309050] (unitree_guide2) StderrLine: {'line': b'\x1b[01m\x1b[K/home/nebbackwards/WPI/Classes/RBE521/Final/ros_workspace/src/RBE521/unitree_guide2/src/FSM/State_move_gait.cpp:96:53:\x1b[m\x1b[K \x1b[01;31m\x1b[Kerror: \x1b[m\x1b[Krequest for member \xe2\x80\x98\x1b[01m\x1b[Kb\x1b[m\x1b[K\xe2\x80\x99 in \xe2\x80\x98\x1b[01m\x1b[Kmsg\x1b[m\x1b[K\xe2\x80\x99, which is of non-class type \xe2\x80\x98\x1b[01m\x1b[Kconst int\x1b[m\x1b[K\xe2\x80\x99\n'}
[4.309157] (unitree_guide2) StderrLine: {'line': b'   96 |     _bias = Vec4({msg.b.l1, msg.b.l2, msg.b.l3, msg.\x1b[01;31m\x1b[Kb\x1b[m\x1b[K.l4});\n'}
[4.309252] (unitree_guide2) StderrLine: {'line': b'      |                                                     \x1b[01;31m\x1b[K^\x1b[m\x1b[K\n'}
[4.309355] (unitree_guide2) StderrLine: {'line': b'\x1b[01m\x1b[K/home/nebbackwards/WPI/Classes/RBE521/Final/ros_workspace/src/RBE521/unitree_guide2/src/FSM/State_move_gait.cpp:96:58:\x1b[m\x1b[K \x1b[01;31m\x1b[Kerror: \x1b[m\x1b[Kno matching function for call to \xe2\x80\x98\x1b[01m\x1b[KEigen::Matrix<double, 4, 1>::Matrix(<brace-enclosed initializer list>)\x1b[m\x1b[K\xe2\x80\x99\n'}
[4.309452] (unitree_guide2) StderrLine: {'line': b'   96 |     _bias = Vec4({msg.b.l1, msg.b.l2, msg.b.l3, msg.b.l4}\x1b[01;31m\x1b[K)\x1b[m\x1b[K;\n'}
[4.309546] (unitree_guide2) StderrLine: {'line': b'      |                                                          \x1b[01;31m\x1b[K^\x1b[m\x1b[K\n'}
[4.309639] (unitree_guide2) StderrLine: {'line': b'In file included from \x1b[01m\x1b[K/usr/include/eigen3/Eigen/Core:295\x1b[m\x1b[K,\n'}
[4.309750] (unitree_guide2) StderrLine: {'line': b'                 from \x1b[01m\x1b[K/usr/include/eigen3/Eigen/Dense:1\x1b[m\x1b[K,\n'}
[4.309843] (unitree_guide2) StderrLine: {'line': b'                 from \x1b[01m\x1b[K/home/nebbackwards/WPI/Classes/RBE521/Final/ros_workspace/src/RBE521/unitree_guide2/include/common/mathTypes.h:7\x1b[m\x1b[K,\n'}
[4.309935] (unitree_guide2) StderrLine: {'line': b'                 from \x1b[01m\x1b[K/home/nebbackwards/WPI/Classes/RBE521/Final/ros_workspace/src/RBE521/unitree_guide2/include/message/LowlevelCmd.h:7\x1b[m\x1b[K:\n'}
[4.310026] (unitree_guide2) StderrLine: {'line': b'\x1b[01m\x1b[K/usr/include/eigen3/Eigen/src/Core/Matrix.h:435:14:\x1b[m\x1b[K \x1b[01;36m\x1b[Knote: \x1b[m\x1b[Kcandidate: \xe2\x80\x98\x1b[01m\x1b[Ktemplate<class OtherDerived> Eigen::Matrix<_Scalar, _Rows, _Cols, _Options, _MaxRows, _MaxCols>::\x1b[01;32m\x1b[KMatrix\x1b[m\x1b[K(const Eigen::RotationBase<OtherDerived, Eigen::Matrix<_Scalar, _Rows, _Cols, _Options, _MaxRows, _MaxCols>::ColsAtCompileTime>&) \x1b[35m\x1b[K[with _Scalar = double; int _Rows = 4; int _Cols = 1; int _Options = 0; int _MaxRows = 4; int _MaxCols = 1]\x1b[m\x1b[K\x1b[m\x1b[K\xe2\x80\x99\n'}
[4.310137] (unitree_guide2) StderrLine: {'line': b'  435 |     explicit \x1b[01;36m\x1b[KMatrix\x1b[m\x1b[K(const RotationBase<OtherDerived,ColsAtCompileTime>& r);\n'}
[4.310232] (unitree_guide2) StderrLine: {'line': b'      |              \x1b[01;36m\x1b[K^~~~~~\x1b[m\x1b[K\n'}
[4.310327] (unitree_guide2) StderrLine: {'line': b'\x1b[01m\x1b[K/usr/include/eigen3/Eigen/src/Core/Matrix.h:435:14:\x1b[m\x1b[K \x1b[01;36m\x1b[Knote: \x1b[m\x1b[K  template argument deduction/substitution failed:\n'}
[4.310430] (unitree_guide2) StderrLine: {'line': b'\x1b[01m\x1b[K/home/nebbackwards/WPI/Classes/RBE521/Final/ros_workspace/src/RBE521/unitree_guide2/src/FSM/State_move_gait.cpp:96:58:\x1b[m\x1b[K \x1b[01;36m\x1b[Knote: \x1b[m\x1b[K  couldn\xe2\x80\x99t deduce template parameter \xe2\x80\x98\x1b[01m\x1b[KOtherDerived\x1b[m\x1b[K\xe2\x80\x99\n'}
[4.310522] (unitree_guide2) StderrLine: {'line': b'   96 |     _bias = Vec4({msg.b.l1, msg.b.l2, msg.b.l3, msg.b.l4}\x1b[01;36m\x1b[K)\x1b[m\x1b[K;\n'}
[4.310609] (unitree_guide2) StderrLine: {'line': b'      |                                                          \x1b[01;36m\x1b[K^\x1b[m\x1b[K\n'}
[4.310708] (unitree_guide2) StderrLine: {'line': b'\x1b[01m\x1b[K/usr/include/eigen3/Eigen/src/Core/Matrix.h:422:25:\x1b[m\x1b[K \x1b[01;36m\x1b[Knote: \x1b[m\x1b[Kcandidate: \xe2\x80\x98\x1b[01m\x1b[Ktemplate<class OtherDerived> Eigen::Matrix<_Scalar, _Rows, _Cols, _Options, _MaxRows, _MaxCols>::\x1b[01;32m\x1b[KMatrix\x1b[m\x1b[K(const Eigen::EigenBase<OtherDerived>&) \x1b[35m\x1b[K[with _Scalar = double; int _Rows = 4; int _Cols = 1; int _Options = 0; int _MaxRows = 4; int _MaxCols = 1]\x1b[m\x1b[K\x1b[m\x1b[K\xe2\x80\x99\n'}
[4.310811] (unitree_guide2) StderrLine: {'line': b'  422 |     EIGEN_STRONG_INLINE \x1b[01;36m\x1b[KMatrix\x1b[m\x1b[K(const EigenBase<OtherDerived> &other)\n'}
[4.310935] (unitree_guide2) StderrLine: {'line': b'      |                         \x1b[01;36m\x1b[K^~~~~~\x1b[m\x1b[K\n'}
[4.311065] (unitree_guide2) StderrLine: {'line': b'\x1b[01m\x1b[K/usr/include/eigen3/Eigen/src/Core/Matrix.h:422:25:\x1b[m\x1b[K \x1b[01;36m\x1b[Knote: \x1b[m\x1b[K  template argument deduction/substitution failed:\n'}
[4.311189] (unitree_guide2) StderrLine: {'line': b'\x1b[01m\x1b[K/home/nebbackwards/WPI/Classes/RBE521/Final/ros_workspace/src/RBE521/unitree_guide2/src/FSM/State_move_gait.cpp:96:58:\x1b[m\x1b[K \x1b[01;36m\x1b[Knote: \x1b[m\x1b[K  couldn\xe2\x80\x99t deduce template parameter \xe2\x80\x98\x1b[01m\x1b[KOtherDerived\x1b[m\x1b[K\xe2\x80\x99\n'}
[4.311293] (unitree_guide2) StderrLine: {'line': b'   96 |     _bias = Vec4({msg.b.l1, msg.b.l2, msg.b.l3, msg.b.l4}\x1b[01;36m\x1b[K)\x1b[m\x1b[K;\n'}
[4.311392] (unitree_guide2) StderrLine: {'line': b'      |                                                          \x1b[01;36m\x1b[K^\x1b[m\x1b[K\n'}
[4.311504] (unitree_guide2) StderrLine: {'line': b'\x1b[01m\x1b[K/usr/include/eigen3/Eigen/src/Core/Matrix.h:337:5:\x1b[m\x1b[K \x1b[01;36m\x1b[Knote: \x1b[m\x1b[Kcandidate: \xe2\x80\x98\x1b[01m\x1b[Ktemplate<class T0, class T1> Eigen::Matrix<_Scalar, _Rows, _Cols, _Options, _MaxRows, _MaxCols>::\x1b[01;32m\x1b[KMatrix\x1b[m\x1b[K(const T0&, const T1&) \x1b[35m\x1b[K[with T1 = T0; _Scalar = double; int _Rows = 4; int _Cols = 1; int _Options = 0; int _MaxRows = 4; int _MaxCols = 1]\x1b[m\x1b[K\x1b[m\x1b[K\xe2\x80\x99\n'}
[4.311623] (unitree_guide2) StderrLine: {'line': b'  337 |     \x1b[01;36m\x1b[KMatrix\x1b[m\x1b[K(const T0& x, const T1& y)\n'}
[4.311755] (unitree_guide2) StderrLine: {'line': b'      |     \x1b[01;36m\x1b[K^~~~~~\x1b[m\x1b[K\n'}
[4.311894] (unitree_guide2) StderrLine: {'line': b'\x1b[01m\x1b[K/usr/include/eigen3/Eigen/src/Core/Matrix.h:337:5:\x1b[m\x1b[K \x1b[01;36m\x1b[Knote: \x1b[m\x1b[K  template argument deduction/substitution failed:\n'}
[4.312014] (unitree_guide2) StderrLine: {'line': b'\x1b[01m\x1b[K/home/nebbackwards/WPI/Classes/RBE521/Final/ros_workspace/src/RBE521/unitree_guide2/src/FSM/State_move_gait.cpp:96:58:\x1b[m\x1b[K \x1b[01;36m\x1b[Knote: \x1b[m\x1b[K  candidate expects 2 arguments, 1 provided\n'}
[4.312126] (unitree_guide2) StderrLine: {'line': b'   96 |     _bias = Vec4({msg.b.l1, msg.b.l2, msg.b.l3, msg.b.l4}\x1b[01;36m\x1b[K)\x1b[m\x1b[K;\n'}
[4.312249] (unitree_guide2) StderrLine: {'line': b'      |                                                          \x1b[01;36m\x1b[K^\x1b[m\x1b[K\n'}
[4.312359] (unitree_guide2) StderrLine: {'line': b'\x1b[01m\x1b[K/usr/include/eigen3/Eigen/src/Core/Matrix.h:329:14:\x1b[m\x1b[K \x1b[01;36m\x1b[Knote: \x1b[m\x1b[Kcandidate: \xe2\x80\x98\x1b[01m\x1b[Ktemplate<class T> Eigen::Matrix<_Scalar, _Rows, _Cols, _Options, _MaxRows, _MaxCols>::\x1b[01;32m\x1b[KMatrix\x1b[m\x1b[K(const T&) \x1b[35m\x1b[K[with _Scalar = double; int _Rows = 4; int _Cols = 1; int _Options = 0; int _MaxRows = 4; int _MaxCols = 1]\x1b[m\x1b[K\x1b[m\x1b[K\xe2\x80\x99\n'}
[4.312466] (unitree_guide2) StderrLine: {'line': b'  329 |     explicit \x1b[01;36m\x1b[KMatrix\x1b[m\x1b[K(const T& x)\n'}
[4.312564] (unitree_guide2) StderrLine: {'line': b'      |              \x1b[01;36m\x1b[K^~~~~~\x1b[m\x1b[K\n'}
[4.312657] (unitree_guide2) StderrLine: {'line': b'\x1b[01m\x1b[K/usr/include/eigen3/Eigen/src/Core/Matrix.h:329:14:\x1b[m\x1b[K \x1b[01;36m\x1b[Knote: \x1b[m\x1b[K  template argument deduction/substitution failed:\n'}
[4.312790] (unitree_guide2) StderrLine: {'line': b'\x1b[01m\x1b[K/home/nebbackwards/WPI/Classes/RBE521/Final/ros_workspace/src/RBE521/unitree_guide2/src/FSM/State_move_gait.cpp:96:58:\x1b[m\x1b[K \x1b[01;36m\x1b[Knote: \x1b[m\x1b[K  couldn\xe2\x80\x99t deduce template parameter \xe2\x80\x98\x1b[01m\x1b[KT\x1b[m\x1b[K\xe2\x80\x99\n'}
[4.312888] (unitree_guide2) StderrLine: {'line': b'   96 |     _bias = Vec4({msg.b.l1, msg.b.l2, msg.b.l3, msg.b.l4}\x1b[01;36m\x1b[K)\x1b[m\x1b[K;\n'}
[4.312974] (unitree_guide2) StderrLine: {'line': b'      |                                                          \x1b[01;36m\x1b[K^\x1b[m\x1b[K\n'}
[4.313063] (unitree_guide2) StderrLine: {'line': b'\x1b[01m\x1b[K/usr/include/eigen3/Eigen/src/Core/Matrix.h:296:5:\x1b[m\x1b[K \x1b[01;36m\x1b[Knote: \x1b[m\x1b[Kcandidate: \xe2\x80\x98\x1b[01m\x1b[Ktemplate<class ... ArgTypes> Eigen::Matrix<_Scalar, _Rows, _Cols, _Options, _MaxRows, _MaxCols>::\x1b[01;32m\x1b[KMatrix\x1b[m\x1b[K(const Scalar&, const Scalar&, const Scalar&, const Scalar&, const ArgTypes& ...) \x1b[35m\x1b[K[with ArgTypes = {ArgTypes ...}; _Scalar = double; int _Rows = 4; int _Cols = 1; int _Options = 0; int _MaxRows = 4; int _MaxCols = 1]\x1b[m\x1b[K\x1b[m\x1b[K\xe2\x80\x99\n'}
[4.313167] (unitree_guide2) StderrLine: {'line': b'  296 |     \x1b[01;36m\x1b[KMatrix\x1b[m\x1b[K(const Scalar& a0, const Scalar& a1, const Scalar& a2,  const Scalar& a3, const ArgTypes&... args)\n'}
[4.313260] (unitree_guide2) StderrLine: {'line': b'      |     \x1b[01;36m\x1b[K^~~~~~\x1b[m\x1b[K\n'}
[4.313351] (unitree_guide2) StderrLine: {'line': b'\x1b[01m\x1b[K/usr/include/eigen3/Eigen/src/Core/Matrix.h:296:5:\x1b[m\x1b[K \x1b[01;36m\x1b[Knote: \x1b[m\x1b[K  template argument deduction/substitution failed:\n'}
[4.313443] (unitree_guide2) StderrLine: {'line': b'\x1b[01m\x1b[K/home/nebbackwards/WPI/Classes/RBE521/Final/ros_workspace/src/RBE521/unitree_guide2/src/FSM/State_move_gait.cpp:96:58:\x1b[m\x1b[K \x1b[01;36m\x1b[Knote: \x1b[m\x1b[K  candidate expects at least 4 arguments, 1 provided\n'}
[4.313534] (unitree_guide2) StderrLine: {'line': b'   96 |     _bias = Vec4({msg.b.l1, msg.b.l2, msg.b.l3, msg.b.l4}\x1b[01;36m\x1b[K)\x1b[m\x1b[K;\n'}
[4.313623] (unitree_guide2) StderrLine: {'line': b'      |                                                          \x1b[01;36m\x1b[K^\x1b[m\x1b[K\n'}
[4.313749] (unitree_guide2) StderrLine: {'line': b'\x1b[01m\x1b[K/usr/include/eigen3/Eigen/src/Core/Matrix.h:414:25:\x1b[m\x1b[K \x1b[01;36m\x1b[Knote: \x1b[m\x1b[Kcandidate: \xe2\x80\x98\x1b[01m\x1b[KEigen::Matrix<_Scalar, _Rows, _Cols, _Options, _MaxRows, _MaxCols>::\x1b[01;32m\x1b[KMatrix\x1b[m\x1b[K(const Eigen::Matrix<_Scalar, _Rows, _Cols, _Options, _MaxRows, _MaxCols>&) \x1b[35m\x1b[K[with _Scalar = double; int _Rows = 4; int _Cols = 1; int _Options = 0; int _MaxRows = 4; int _MaxCols = 1]\x1b[m\x1b[K\x1b[m\x1b[K\xe2\x80\x99\n'}
[4.313860] (unitree_guide2) StderrLine: {'line': b'  414 |     EIGEN_STRONG_INLINE \x1b[01;36m\x1b[KMatrix\x1b[m\x1b[K(const Matrix& other) : Base(other)\n'}
[4.313949] (unitree_guide2) StderrLine: {'line': b'      |                         \x1b[01;36m\x1b[K^~~~~~\x1b[m\x1b[K\n'}
[4.314038] (unitree_guide2) StderrLine: {'line': b'\x1b[01m\x1b[K/usr/include/eigen3/Eigen/src/Core/Matrix.h:414:46:\x1b[m\x1b[K \x1b[01;36m\x1b[Knote: \x1b[m\x1b[K  no known conversion for argument 1 from \xe2\x80\x98\x1b[01m\x1b[K<brace-enclosed initializer list>\x1b[m\x1b[K\xe2\x80\x99 to \xe2\x80\x98\x1b[01m\x1b[Kconst Eigen::Matrix<double, 4, 1>&\x1b[m\x1b[K\xe2\x80\x99\n'}
[4.314127] (unitree_guide2) StderrLine: {'line': b'  414 |     EIGEN_STRONG_INLINE Matrix(\x1b[01;36m\x1b[Kconst Matrix& other\x1b[m\x1b[K) : Base(other)\n'}
[4.314216] (unitree_guide2) StderrLine: {'line': b'      |                                \x1b[01;36m\x1b[K~~~~~~~~~~~~~~^~~~~\x1b[m\x1b[K\n'}
[4.314304] (unitree_guide2) StderrLine: {'line': b'\x1b[01m\x1b[K/usr/include/eigen3/Eigen/src/Core/Matrix.h:401:25:\x1b[m\x1b[K \x1b[01;36m\x1b[Knote: \x1b[m\x1b[Kcandidate: \xe2\x80\x98\x1b[01m\x1b[KEigen::Matrix<_Scalar, _Rows, _Cols, _Options, _MaxRows, _MaxCols>::\x1b[01;32m\x1b[KMatrix\x1b[m\x1b[K(const Scalar&, const Scalar&, const Scalar&, const Scalar&) \x1b[35m\x1b[K[with _Scalar = double; int _Rows = 4; int _Cols = 1; int _Options = 0; int _MaxRows = 4; int _MaxCols = 1; Scalar = double]\x1b[m\x1b[K\x1b[m\x1b[K\xe2\x80\x99\n'}
[4.314400] (unitree_guide2) StderrLine: {'line': b'  401 |     EIGEN_STRONG_INLINE \x1b[01;36m\x1b[KMatrix\x1b[m\x1b[K(const Scalar& x, const Scalar& y, const Scalar& z, const Scalar& w)\n'}
[4.314496] (unitree_guide2) StderrLine: {'line': b'      |                         \x1b[01;36m\x1b[K^~~~~~\x1b[m\x1b[K\n'}
[4.314607] (unitree_guide2) StderrLine: {'line': b'\x1b[01m\x1b[K/usr/include/eigen3/Eigen/src/Core/Matrix.h:401:25:\x1b[m\x1b[K \x1b[01;36m\x1b[Knote: \x1b[m\x1b[K  candidate expects 4 arguments, 1 provided\n'}
[4.314716] (unitree_guide2) StderrLine: {'line': b'\x1b[01m\x1b[K/usr/include/eigen3/Eigen/src/Core/Matrix.h:389:25:\x1b[m\x1b[K \x1b[01;36m\x1b[Knote: \x1b[m\x1b[Kcandidate: \xe2\x80\x98\x1b[01m\x1b[KEigen::Matrix<_Scalar, _Rows, _Cols, _Options, _MaxRows, _MaxCols>::\x1b[01;32m\x1b[KMatrix\x1b[m\x1b[K(const Scalar&, const Scalar&, const Scalar&) \x1b[35m\x1b[K[with _Scalar = double; int _Rows = 4; int _Cols = 1; int _Options = 0; int _MaxRows = 4; int _MaxCols = 1; Scalar = double]\x1b[m\x1b[K\x1b[m\x1b[K\xe2\x80\x99\n'}
[4.314836] (unitree_guide2) StderrLine: {'line': b'  389 |     EIGEN_STRONG_INLINE \x1b[01;36m\x1b[KMatrix\x1b[m\x1b[K(const Scalar& x, const Scalar& y, const Scalar& z)\n'}
[4.314939] (unitree_guide2) StderrLine: {'line': b'      |                         \x1b[01;36m\x1b[K^~~~~~\x1b[m\x1b[K\n'}
[4.315044] (unitree_guide2) StderrLine: {'line': b'\x1b[01m\x1b[K/usr/include/eigen3/Eigen/src/Core/Matrix.h:389:25:\x1b[m\x1b[K \x1b[01;36m\x1b[Knote: \x1b[m\x1b[K  candidate expects 3 arguments, 1 provided\n'}
[4.315142] (unitree_guide2) StderrLine: {'line': b'\x1b[01m\x1b[K/usr/include/eigen3/Eigen/src/Core/Matrix.h:321:34:\x1b[m\x1b[K \x1b[01;36m\x1b[Knote: \x1b[m\x1b[Kcandidate: \xe2\x80\x98\x1b[01m\x1b[KEigen::Matrix<_Scalar, _Rows, _Cols, _Options, _MaxRows, _MaxCols>::\x1b[01;32m\x1b[KMatrix\x1b[m\x1b[K(const std::initializer_list<std::initializer_list<typename Eigen::internal::traits<Eigen::Matrix<_Scalar, _Rows, _Cols, _Options, _MaxRows, _MaxCols> >::Scalar> >&) \x1b[35m\x1b[K[with _Scalar = double; int _Rows = 4; int _Cols = 1; int _Options = 0; int _MaxRows = 4; int _MaxCols = 1; typename Eigen::internal::traits<Eigen::Matrix<_Scalar, _Rows, _Cols, _Options, _MaxRows, _MaxCols> >::Scalar = double]\x1b[m\x1b[K\x1b[m\x1b[K\xe2\x80\x99\n'}
[4.315250] (unitree_guide2) StderrLine: {'line': b'  321 |     explicit EIGEN_STRONG_INLINE \x1b[01;36m\x1b[KMatrix\x1b[m\x1b[K(const std::initializer_list<std::initializer_list<Scalar>>& list) : Base(list) {}\n'}
[4.315378] (unitree_guide2) StderrLine: {'line': b'      |                                  \x1b[01;36m\x1b[K^~~~~~\x1b[m\x1b[K\n'}
[4.315471] (unitree_guide2) StderrLine: {'line': b'\x1b[01m\x1b[K/usr/include/eigen3/Eigen/src/Core/Matrix.h:321:101:\x1b[m\x1b[K \x1b[01;36m\x1b[Knote: \x1b[m\x1b[K  no known conversion for argument 1 from \xe2\x80\x98\x1b[01m\x1b[K<brace-enclosed initializer list>\x1b[m\x1b[K\xe2\x80\x99 to \xe2\x80\x98\x1b[01m\x1b[Kconst std::initializer_list<std::initializer_list<double> >&\x1b[m\x1b[K\xe2\x80\x99\n'}
[4.315570] (unitree_guide2) StderrLine: {'line': b'  321 |     explicit EIGEN_STRONG_INLINE Matrix(\x1b[01;36m\x1b[Kconst std::initializer_list<std::initializer_list<Scalar>>& list\x1b[m\x1b[K) : Base(list) {}\n'}
[4.315657] (unitree_guide2) StderrLine: {'line': b'      |                                         \x1b[01;36m\x1b[K~~~~~~~~~~~~~~~~~~~~~~~~~~~~~~~~~~~~~~~~~~~~~~~~~~~~~~~~~~~~^~~~\x1b[m\x1b[K\n'}
[4.315779] (unitree_guide2) StderrLine: {'line': b'\x1b[01m\x1b[K/usr/include/eigen3/Eigen/src/Core/Matrix.h:273:5:\x1b[m\x1b[K \x1b[01;36m\x1b[Knote: \x1b[m\x1b[Kcandidate: \xe2\x80\x98\x1b[01m\x1b[KEigen::Matrix<_Scalar, _Rows, _Cols, _Options, _MaxRows, _MaxCols>::\x1b[01;32m\x1b[KMatrix\x1b[m\x1b[K(Eigen::Matrix<_Scalar, _Rows, _Cols, _Options, _MaxRows, _MaxCols>&&) \x1b[35m\x1b[K[with _Scalar = double; int _Rows = 4; int _Cols = 1; int _Options = 0; int _MaxRows = 4; int _MaxCols = 1]\x1b[m\x1b[K\x1b[m\x1b[K\xe2\x80\x99\n'}
[4.315876] (unitree_guide2) StderrLine: {'line': b'  273 |     \x1b[01;36m\x1b[KMatrix\x1b[m\x1b[K(Matrix&& other) EIGEN_NOEXCEPT_IF(std::is_nothrow_move_constructible<Scalar>::value)\n'}
[4.315978] (unitree_guide2) StderrLine: {'line': b'      |     \x1b[01;36m\x1b[K^~~~~~\x1b[m\x1b[K\n'}
[4.316109] (unitree_guide2) StderrLine: {'line': b'\x1b[01m\x1b[K/usr/include/eigen3/Eigen/src/Core/Matrix.h:273:21:\x1b[m\x1b[K \x1b[01;36m\x1b[Knote: \x1b[m\x1b[K  no known conversion for argument 1 from \xe2\x80\x98\x1b[01m\x1b[K<brace-enclosed initializer list>\x1b[m\x1b[K\xe2\x80\x99 to \xe2\x80\x98\x1b[01m\x1b[KEigen::Matrix<double, 4, 1>&&\x1b[m\x1b[K\xe2\x80\x99\n'}
[4.316226] (unitree_guide2) StderrLine: {'line': b'  273 |     Matrix(\x1b[01;36m\x1b[KMatrix&& other\x1b[m\x1b[K) EIGEN_NOEXCEPT_IF(std::is_nothrow_move_constructible<Scalar>::value)\n'}
[4.316331] (unitree_guide2) StderrLine: {'line': b'      |            \x1b[01;36m\x1b[K~~~~~~~~~^~~~~\x1b[m\x1b[K\n'}
[4.316431] (unitree_guide2) StderrLine: {'line': b'\x1b[01m\x1b[K/usr/include/eigen3/Eigen/src/Core/Matrix.h:267:14:\x1b[m\x1b[K \x1b[01;36m\x1b[Knote: \x1b[m\x1b[Kcandidate: \xe2\x80\x98\x1b[01m\x1b[KEigen::Matrix<_Scalar, _Rows, _Cols, _Options, _MaxRows, _MaxCols>::\x1b[01;32m\x1b[KMatrix\x1b[m\x1b[K(Eigen::internal::constructor_without_unaligned_array_assert) \x1b[35m\x1b[K[with _Scalar = double; int _Rows = 4; int _Cols = 1; int _Options = 0; int _MaxRows = 4; int _MaxCols = 1]\x1b[m\x1b[K\x1b[m\x1b[K\xe2\x80\x99\n'}
[4.316533] (unitree_guide2) StderrLine: {'line': b'  267 |     explicit \x1b[01;36m\x1b[KMatrix\x1b[m\x1b[K(internal::constructor_without_unaligned_array_assert)\n'}
[4.316638] (unitree_guide2) StderrLine: {'line': b'      |              \x1b[01;36m\x1b[K^~~~~~\x1b[m\x1b[K\n'}
[4.316757] (unitree_guide2) StderrLine: {'line': b'\x1b[01m\x1b[K/usr/include/eigen3/Eigen/src/Core/Matrix.h:267:21:\x1b[m\x1b[K \x1b[01;36m\x1b[Knote: \x1b[m\x1b[K  no known conversion for argument 1 from \xe2\x80\x98\x1b[01m\x1b[K<brace-enclosed initializer list>\x1b[m\x1b[K\xe2\x80\x99 to \xe2\x80\x98\x1b[01m\x1b[KEigen::internal::constructor_without_unaligned_array_assert\x1b[m\x1b[K\xe2\x80\x99\n'}
[4.316872] (unitree_guide2) StderrLine: {'line': b'  267 |     explicit Matrix(\x1b[01;36m\x1b[Kinternal::constructor_without_unaligned_array_assert\x1b[m\x1b[K)\n'}
[4.317009] (-) TimerEvent: {}
[4.317211] (unitree_guide2) StderrLine: {'line': b'      |                     \x1b[01;36m\x1b[K^~~~~~~~~~~~~~~~~~~~~~~~~~~~~~~~~~~~~~~~~~~~~~~~~~~~\x1b[m\x1b[K\n'}
[4.317389] (unitree_guide2) StderrLine: {'line': b'\x1b[01m\x1b[K/usr/include/eigen3/Eigen/src/Core/Matrix.h:259:5:\x1b[m\x1b[K \x1b[01;36m\x1b[Knote: \x1b[m\x1b[Kcandidate: \xe2\x80\x98\x1b[01m\x1b[KEigen::Matrix<_Scalar, _Rows, _Cols, _Options, _MaxRows, _MaxCols>::\x1b[01;32m\x1b[KMatrix\x1b[m\x1b[K() \x1b[35m\x1b[K[with _Scalar = double; int _Rows = 4; int _Cols = 1; int _Options = 0; int _MaxRows = 4; int _MaxCols = 1]\x1b[m\x1b[K\x1b[m\x1b[K\xe2\x80\x99\n'}
[4.317521] (unitree_guide2) StderrLine: {'line': b'  259 |     \x1b[01;36m\x1b[KMatrix\x1b[m\x1b[K() : Base()\n'}
[4.317616] (unitree_guide2) StderrLine: {'line': b'      |     \x1b[01;36m\x1b[K^~~~~~\x1b[m\x1b[K\n'}
[4.317725] (unitree_guide2) StderrLine: {'line': b'\x1b[01m\x1b[K/usr/include/eigen3/Eigen/src/Core/Matrix.h:259:5:\x1b[m\x1b[K \x1b[01;36m\x1b[Knote: \x1b[m\x1b[K  candidate expects 0 arguments, 1 provided\n'}
[4.361209] (unitree_guide2) StderrLine: {'line': b'\x1b[01m\x1b[K/home/nebbackwards/WPI/Classes/RBE521/Final/ros_workspace/src/RBE521/unitree_guide2/include/FSM/FSM.h:\x1b[m\x1b[K In member function \xe2\x80\x98\x1b[01m\x1b[Kvoid FSMStateList::\x1b[01;32m\x1b[KdeletePtr\x1b[m\x1b[K()\x1b[m\x1b[K\xe2\x80\x99:\n'}
[4.361534] (unitree_guide2) StderrLine: {'line': b'\x1b[01m\x1b[K/home/nebbackwards/WPI/Classes/RBE521/Final/ros_workspace/src/RBE521/unitree_guide2/include/FSM/FSM.h:49:9:\x1b[m\x1b[K \x1b[01;35m\x1b[Kwarning: \x1b[m\x1b[Kdeleting object of abstract class type \xe2\x80\x98\x1b[01m\x1b[KFSMState\x1b[m\x1b[K\xe2\x80\x99 which has non-virtual destructor will cause undefined behavior [\x1b[01;35m\x1b[K\x1b]8;;https://gcc.gnu.org/onlinedocs/gcc/Warning-Options.html#index-Wdelete-non-virtual-dtor\x07-Wdelete-non-virtual-dtor\x1b]8;;\x07\x1b[m\x1b[K]\n'}
[4.361785] (unitree_guide2) StderrLine: {'line': b'   49 |         \x1b[01;35m\x1b[Kdelete invalid\x1b[m\x1b[K;\n'}
[4.361964] (unitree_guide2) StderrLine: {'line': b'      |         \x1b[01;35m\x1b[K^~~~~~~~~~~~~~\x1b[m\x1b[K\n'}
[4.362055] (unitree_guide2) StderrLine: {'line': b'\x1b[01m\x1b[K/home/nebbackwards/WPI/Classes/RBE521/Final/ros_workspace/src/RBE521/unitree_guide2/include/FSM/FSM.h:50:9:\x1b[m\x1b[K \x1b[01;35m\x1b[Kwarning: \x1b[m\x1b[Kdeleting object of polymorphic class type \xe2\x80\x98\x1b[01m\x1b[KState_Passive\x1b[m\x1b[K\xe2\x80\x99 which has non-virtual destructor might cause undefined behavior [\x1b[01;35m\x1b[K\x1b]8;;https://gcc.gnu.org/onlinedocs/gcc/Warning-Options.html#index-Wdelete-non-virtual-dtor\x07-Wdelete-non-virtual-dtor\x1b]8;;\x07\x1b[m\x1b[K]\n'}
[4.362160] (unitree_guide2) StderrLine: {'line': b'   50 |         \x1b[01;35m\x1b[Kdelete passive\x1b[m\x1b[K;\n'}
[4.362255] (unitree_guide2) StderrLine: {'line': b'      |         \x1b[01;35m\x1b[K^~~~~~~~~~~~~~\x1b[m\x1b[K\n'}
[4.362346] (unitree_guide2) StderrLine: {'line': b'\x1b[01m\x1b[K/home/nebbackwards/WPI/Classes/RBE521/Final/ros_workspace/src/RBE521/unitree_guide2/include/FSM/FSM.h:51:9:\x1b[m\x1b[K \x1b[01;35m\x1b[Kwarning: \x1b[m\x1b[Kdeleting object of polymorphic class type \xe2\x80\x98\x1b[01m\x1b[KState_FixedStand\x1b[m\x1b[K\xe2\x80\x99 which has non-virtual destructor might cause undefined behavior [\x1b[01;35m\x1b[K\x1b]8;;https://gcc.gnu.org/onlinedocs/gcc/Warning-Options.html#index-Wdelete-non-virtual-dtor\x07-Wdelete-non-virtual-dtor\x1b]8;;\x07\x1b[m\x1b[K]\n'}
[4.362438] (unitree_guide2) StderrLine: {'line': b'   51 |         \x1b[01;35m\x1b[Kdelete fixedStand\x1b[m\x1b[K;\n'}
[4.362528] (unitree_guide2) StderrLine: {'line': b'      |         \x1b[01;35m\x1b[K^~~~~~~~~~~~~~~~~\x1b[m\x1b[K\n'}
[4.362616] (unitree_guide2) StderrLine: {'line': b'\x1b[01m\x1b[K/home/nebbackwards/WPI/Classes/RBE521/Final/ros_workspace/src/RBE521/unitree_guide2/include/FSM/FSM.h:52:9:\x1b[m\x1b[K \x1b[01;35m\x1b[Kwarning: \x1b[m\x1b[Kdeleting object of polymorphic class type \xe2\x80\x98\x1b[01m\x1b[KState_GaitTransition\x1b[m\x1b[K\xe2\x80\x99 which has non-virtual destructor might cause undefined behavior [\x1b[01;35m\x1b[K\x1b]8;;https://gcc.gnu.org/onlinedocs/gcc/Warning-Options.html#index-Wdelete-non-virtual-dtor\x07-Wdelete-non-virtual-dtor\x1b]8;;\x07\x1b[m\x1b[K]\n'}
[4.362727] (unitree_guide2) StderrLine: {'line': b'   52 |         \x1b[01;35m\x1b[Kdelete gaitTransition\x1b[m\x1b[K;\n'}
[4.362822] (unitree_guide2) StderrLine: {'line': b'      |         \x1b[01;35m\x1b[K^~~~~~~~~~~~~~~~~~~~~\x1b[m\x1b[K\n'}
[4.362918] (unitree_guide2) StderrLine: {'line': b'\x1b[01m\x1b[K/home/nebbackwards/WPI/Classes/RBE521/Final/ros_workspace/src/RBE521/unitree_guide2/include/FSM/FSM.h:53:9:\x1b[m\x1b[K \x1b[01;35m\x1b[Kwarning: \x1b[m\x1b[Kdeleting object of polymorphic class type \xe2\x80\x98\x1b[01m\x1b[KState_FreeStand\x1b[m\x1b[K\xe2\x80\x99 which has non-virtual destructor might cause undefined behavior [\x1b[01;35m\x1b[K\x1b]8;;https://gcc.gnu.org/onlinedocs/gcc/Warning-Options.html#index-Wdelete-non-virtual-dtor\x07-Wdelete-non-virtual-dtor\x1b]8;;\x07\x1b[m\x1b[K]\n'}
[4.363010] (unitree_guide2) StderrLine: {'line': b'   53 |         \x1b[01;35m\x1b[Kdelete freeStand\x1b[m\x1b[K;\n'}
[4.363098] (unitree_guide2) StderrLine: {'line': b'      |         \x1b[01;35m\x1b[K^~~~~~~~~~~~~~~~\x1b[m\x1b[K\n'}
[4.363181] (unitree_guide2) StderrLine: {'line': b'\x1b[01m\x1b[K/home/nebbackwards/WPI/Classes/RBE521/Final/ros_workspace/src/RBE521/unitree_guide2/include/FSM/FSM.h:54:9:\x1b[m\x1b[K \x1b[01;35m\x1b[Kwarning: \x1b[m\x1b[Kdeleting object of polymorphic class type \xe2\x80\x98\x1b[01m\x1b[KState_Trotting\x1b[m\x1b[K\xe2\x80\x99 which has non-virtual destructor might cause undefined behavior [\x1b[01;35m\x1b[K\x1b]8;;https://gcc.gnu.org/onlinedocs/gcc/Warning-Options.html#index-Wdelete-non-virtual-dtor\x07-Wdelete-non-virtual-dtor\x1b]8;;\x07\x1b[m\x1b[K]\n'}
[4.363270] (unitree_guide2) StderrLine: {'line': b'   54 |         \x1b[01;35m\x1b[Kdelete trotting\x1b[m\x1b[K;\n'}
[4.363353] (unitree_guide2) StderrLine: {'line': b'      |         \x1b[01;35m\x1b[K^~~~~~~~~~~~~~~\x1b[m\x1b[K\n'}
[4.363435] (unitree_guide2) StderrLine: {'line': b'\x1b[01m\x1b[K/home/nebbackwards/WPI/Classes/RBE521/Final/ros_workspace/src/RBE521/unitree_guide2/include/FSM/FSM.h:55:9:\x1b[m\x1b[K \x1b[01;35m\x1b[Kwarning: \x1b[m\x1b[Kdeleting object of polymorphic class type \xe2\x80\x98\x1b[01m\x1b[KState_BalanceTest\x1b[m\x1b[K\xe2\x80\x99 which has non-virtual destructor might cause undefined behavior [\x1b[01;35m\x1b[K\x1b]8;;https://gcc.gnu.org/onlinedocs/gcc/Warning-Options.html#index-Wdelete-non-virtual-dtor\x07-Wdelete-non-virtual-dtor\x1b]8;;\x07\x1b[m\x1b[K]\n'}
[4.363537] (unitree_guide2) StderrLine: {'line': b'   55 |         \x1b[01;35m\x1b[Kdelete balanceTest\x1b[m\x1b[K;\n'}
[4.363624] (unitree_guide2) StderrLine: {'line': b'      |         \x1b[01;35m\x1b[K^~~~~~~~~~~~~~~~~~\x1b[m\x1b[K\n'}
[4.363720] (unitree_guide2) StderrLine: {'line': b'\x1b[01m\x1b[K/home/nebbackwards/WPI/Classes/RBE521/Final/ros_workspace/src/RBE521/unitree_guide2/include/FSM/FSM.h:56:9:\x1b[m\x1b[K \x1b[01;35m\x1b[Kwarning: \x1b[m\x1b[Kdeleting object of polymorphic class type \xe2\x80\x98\x1b[01m\x1b[KState_SwingTest\x1b[m\x1b[K\xe2\x80\x99 which has non-virtual destructor might cause undefined behavior [\x1b[01;35m\x1b[K\x1b]8;;https://gcc.gnu.org/onlinedocs/gcc/Warning-Options.html#index-Wdelete-non-virtual-dtor\x07-Wdelete-non-virtual-dtor\x1b]8;;\x07\x1b[m\x1b[K]\n'}
[4.363826] (unitree_guide2) StderrLine: {'line': b'   56 |         \x1b[01;35m\x1b[Kdelete swingTest\x1b[m\x1b[K;\n'}
[4.363929] (unitree_guide2) StderrLine: {'line': b'      |         \x1b[01;35m\x1b[K^~~~~~~~~~~~~~~~\x1b[m\x1b[K\n'}
[4.364028] (unitree_guide2) StderrLine: {'line': b'\x1b[01m\x1b[K/home/nebbackwards/WPI/Classes/RBE521/Final/ros_workspace/src/RBE521/unitree_guide2/include/FSM/FSM.h:57:9:\x1b[m\x1b[K \x1b[01;35m\x1b[Kwarning: \x1b[m\x1b[Kdeleting object of polymorphic class type \xe2\x80\x98\x1b[01m\x1b[KState_StepTest\x1b[m\x1b[K\xe2\x80\x99 which has non-virtual destructor might cause undefined behavior [\x1b[01;35m\x1b[K\x1b]8;;https://gcc.gnu.org/onlinedocs/gcc/Warning-Options.html#index-Wdelete-non-virtual-dtor\x07-Wdelete-non-virtual-dtor\x1b]8;;\x07\x1b[m\x1b[K]\n'}
[4.364147] (unitree_guide2) StderrLine: {'line': b'   57 |         \x1b[01;35m\x1b[Kdelete stepTest\x1b[m\x1b[K;\n'}
[4.364244] (unitree_guide2) StderrLine: {'line': b'      |         \x1b[01;35m\x1b[K^~~~~~~~~~~~~~~\x1b[m\x1b[K\n'}
[4.364362] (unitree_guide2) StderrLine: {'line': b'\x1b[01m\x1b[K/home/nebbackwards/WPI/Classes/RBE521/Final/ros_workspace/src/RBE521/unitree_guide2/include/FSM/FSM.h:63:9:\x1b[m\x1b[K \x1b[01;35m\x1b[Kwarning: \x1b[m\x1b[Kdeleting object of polymorphic class type \xe2\x80\x98\x1b[01m\x1b[KState_move_base\x1b[m\x1b[K\xe2\x80\x99 which has non-virtual destructor might cause undefined behavior [\x1b[01;35m\x1b[K\x1b]8;;https://gcc.gnu.org/onlinedocs/gcc/Warning-Options.html#index-Wdelete-non-virtual-dtor\x07-Wdelete-non-virtual-dtor\x1b]8;;\x07\x1b[m\x1b[K]\n'}
[4.364470] (unitree_guide2) StderrLine: {'line': b'   63 |         \x1b[01;35m\x1b[Kdelete moveBase\x1b[m\x1b[K;\n'}
[4.364583] (unitree_guide2) StderrLine: {'line': b'      |         \x1b[01;35m\x1b[K^~~~~~~~~~~~~~~\x1b[m\x1b[K\n'}
[4.364681] (unitree_guide2) StderrLine: {'line': b'\x1b[01m\x1b[K/home/nebbackwards/WPI/Classes/RBE521/Final/ros_workspace/src/RBE521/unitree_guide2/include/FSM/FSM.h:64:9:\x1b[m\x1b[K \x1b[01;35m\x1b[Kwarning: \x1b[m\x1b[Kdeleting object of polymorphic class type \xe2\x80\x98\x1b[01m\x1b[KState_move_gait\x1b[m\x1b[K\xe2\x80\x99 which has non-virtual destructor might cause undefined behavior [\x1b[01;35m\x1b[K\x1b]8;;https://gcc.gnu.org/onlinedocs/gcc/Warning-Options.html#index-Wdelete-non-virtual-dtor\x07-Wdelete-non-virtual-dtor\x1b]8;;\x07\x1b[m\x1b[K]\n'}
[4.364809] (unitree_guide2) StderrLine: {'line': b'   64 |         \x1b[01;35m\x1b[Kdelete moveGait\x1b[m\x1b[K;\n'}
[4.364930] (unitree_guide2) StderrLine: {'line': b'      |         \x1b[01;35m\x1b[K^~~~~~~~~~~~~~~\x1b[m\x1b[K\n'}
[4.373998] (unitree_guide2) StderrLine: {'line': b'\x1b[01m\x1b[K/home/nebbackwards/WPI/Classes/RBE521/Final/ros_workspace/src/RBE521/unitree_guide2/include/FSM/FSM.h:\x1b[m\x1b[K In member function \xe2\x80\x98\x1b[01m\x1b[Kvoid FSMStateList::\x1b[01;32m\x1b[KdeletePtr\x1b[m\x1b[K()\x1b[m\x1b[K\xe2\x80\x99:\n'}
[4.374340] (unitree_guide2) StderrLine: {'line': b'\x1b[01m\x1b[K/home/nebbackwards/WPI/Classes/RBE521/Final/ros_workspace/src/RBE521/unitree_guide2/include/FSM/FSM.h:49:9:\x1b[m\x1b[K \x1b[01;35m\x1b[Kwarning: \x1b[m\x1b[Kdeleting object of abstract class type \xe2\x80\x98\x1b[01m\x1b[KFSMState\x1b[m\x1b[K\xe2\x80\x99 which has non-virtual destructor will cause undefined behavior [\x1b[01;35m\x1b[K\x1b]8;;https://gcc.gnu.org/onlinedocs/gcc/Warning-Options.html#index-Wdelete-non-virtual-dtor\x07-Wdelete-non-virtual-dtor\x1b]8;;\x07\x1b[m\x1b[K]\n'}
[4.374560] (unitree_guide2) StderrLine: {'line': b'   49 |         \x1b[01;35m\x1b[Kdelete invalid\x1b[m\x1b[K;\n'}
[4.374768] (unitree_guide2) StderrLine: {'line': b'      |         \x1b[01;35m\x1b[K^~~~~~~~~~~~~~\x1b[m\x1b[K\n'}
[4.374948] (unitree_guide2) StderrLine: {'line': b'\x1b[01m\x1b[K/home/nebbackwards/WPI/Classes/RBE521/Final/ros_workspace/src/RBE521/unitree_guide2/include/FSM/FSM.h:50:9:\x1b[m\x1b[K \x1b[01;35m\x1b[Kwarning: \x1b[m\x1b[Kdeleting object of polymorphic class type \xe2\x80\x98\x1b[01m\x1b[KState_Passive\x1b[m\x1b[K\xe2\x80\x99 which has non-virtual destructor might cause undefined behavior [\x1b[01;35m\x1b[K\x1b]8;;https://gcc.gnu.org/onlinedocs/gcc/Warning-Options.html#index-Wdelete-non-virtual-dtor\x07-Wdelete-non-virtual-dtor\x1b]8;;\x07\x1b[m\x1b[K]\n'}
[4.375124] (unitree_guide2) StderrLine: {'line': b'   50 |         \x1b[01;35m\x1b[Kdelete passive\x1b[m\x1b[K;\n'}
[4.375224] (unitree_guide2) StderrLine: {'line': b'      |         \x1b[01;35m\x1b[K^~~~~~~~~~~~~~\x1b[m\x1b[K\n'}
[4.375320] (unitree_guide2) StderrLine: {'line': b'\x1b[01m\x1b[K/home/nebbackwards/WPI/Classes/RBE521/Final/ros_workspace/src/RBE521/unitree_guide2/include/FSM/FSM.h:51:9:\x1b[m\x1b[K \x1b[01;35m\x1b[Kwarning: \x1b[m\x1b[Kdeleting object of polymorphic class type \xe2\x80\x98\x1b[01m\x1b[KState_FixedStand\x1b[m\x1b[K\xe2\x80\x99 which has non-virtual destructor might cause undefined behavior [\x1b[01;35m\x1b[K\x1b]8;;https://gcc.gnu.org/onlinedocs/gcc/Warning-Options.html#index-Wdelete-non-virtual-dtor\x07-Wdelete-non-virtual-dtor\x1b]8;;\x07\x1b[m\x1b[K]\n'}
[4.375439] (unitree_guide2) StderrLine: {'line': b'   51 |         \x1b[01;35m\x1b[Kdelete fixedStand\x1b[m\x1b[K;\n'}
[4.375535] (unitree_guide2) StderrLine: {'line': b'      |         \x1b[01;35m\x1b[K^~~~~~~~~~~~~~~~~\x1b[m\x1b[K\n'}
[4.375630] (unitree_guide2) StderrLine: {'line': b'\x1b[01m\x1b[K/home/nebbackwards/WPI/Classes/RBE521/Final/ros_workspace/src/RBE521/unitree_guide2/include/FSM/FSM.h:52:9:\x1b[m\x1b[K \x1b[01;35m\x1b[Kwarning: \x1b[m\x1b[Kdeleting object of polymorphic class type \xe2\x80\x98\x1b[01m\x1b[KState_GaitTransition\x1b[m\x1b[K\xe2\x80\x99 which has non-virtual destructor might cause undefined behavior [\x1b[01;35m\x1b[K\x1b]8;;https://gcc.gnu.org/onlinedocs/gcc/Warning-Options.html#index-Wdelete-non-virtual-dtor\x07-Wdelete-non-virtual-dtor\x1b]8;;\x07\x1b[m\x1b[K]\n'}
[4.375755] (unitree_guide2) StderrLine: {'line': b'   52 |         \x1b[01;35m\x1b[Kdelete gaitTransition\x1b[m\x1b[K;\n'}
[4.375854] (unitree_guide2) StderrLine: {'line': b'      |         \x1b[01;35m\x1b[K^~~~~~~~~~~~~~~~~~~~~\x1b[m\x1b[K\n'}
[4.375977] (unitree_guide2) StderrLine: {'line': b'\x1b[01m\x1b[K/home/nebbackwards/WPI/Classes/RBE521/Final/ros_workspace/src/RBE521/unitree_guide2/include/FSM/FSM.h:53:9:\x1b[m\x1b[K \x1b[01;35m\x1b[Kwarning: \x1b[m\x1b[Kdeleting object of polymorphic class type \xe2\x80\x98\x1b[01m\x1b[KState_FreeStand\x1b[m\x1b[K\xe2\x80\x99 which has non-virtual destructor might cause undefined behavior [\x1b[01;35m\x1b[K\x1b]8;;https://gcc.gnu.org/onlinedocs/gcc/Warning-Options.html#index-Wdelete-non-virtual-dtor\x07-Wdelete-non-virtual-dtor\x1b]8;;\x07\x1b[m\x1b[K]\n'}
[4.376091] (unitree_guide2) StderrLine: {'line': b'   53 |         \x1b[01;35m\x1b[Kdelete freeStand\x1b[m\x1b[K;\n'}
[4.376184] (unitree_guide2) StderrLine: {'line': b'      |         \x1b[01;35m\x1b[K^~~~~~~~~~~~~~~~\x1b[m\x1b[K\n'}
[4.376275] (unitree_guide2) StderrLine: {'line': b'\x1b[01m\x1b[K/home/nebbackwards/WPI/Classes/RBE521/Final/ros_workspace/src/RBE521/unitree_guide2/include/FSM/FSM.h:54:9:\x1b[m\x1b[K \x1b[01;35m\x1b[Kwarning: \x1b[m\x1b[Kdeleting object of polymorphic class type \xe2\x80\x98\x1b[01m\x1b[KState_Trotting\x1b[m\x1b[K\xe2\x80\x99 which has non-virtual destructor might cause undefined behavior [\x1b[01;35m\x1b[K\x1b]8;;https://gcc.gnu.org/onlinedocs/gcc/Warning-Options.html#index-Wdelete-non-virtual-dtor\x07-Wdelete-non-virtual-dtor\x1b]8;;\x07\x1b[m\x1b[K]\n'}
[4.376370] (unitree_guide2) StderrLine: {'line': b'   54 |         \x1b[01;35m\x1b[Kdelete trotting\x1b[m\x1b[K;\n'}
[4.376457] (unitree_guide2) StderrLine: {'line': b'      |         \x1b[01;35m\x1b[K^~~~~~~~~~~~~~~\x1b[m\x1b[K\n'}
[4.376545] (unitree_guide2) StderrLine: {'line': b'\x1b[01m\x1b[K/home/nebbackwards/WPI/Classes/RBE521/Final/ros_workspace/src/RBE521/unitree_guide2/include/FSM/FSM.h:55:9:\x1b[m\x1b[K \x1b[01;35m\x1b[Kwarning: \x1b[m\x1b[Kdeleting object of polymorphic class type \xe2\x80\x98\x1b[01m\x1b[KState_BalanceTest\x1b[m\x1b[K\xe2\x80\x99 which has non-virtual destructor might cause undefined behavior [\x1b[01;35m\x1b[K\x1b]8;;https://gcc.gnu.org/onlinedocs/gcc/Warning-Options.html#index-Wdelete-non-virtual-dtor\x07-Wdelete-non-virtual-dtor\x1b]8;;\x07\x1b[m\x1b[K]\n'}
[4.376638] (unitree_guide2) StderrLine: {'line': b'   55 |         \x1b[01;35m\x1b[Kdelete balanceTest\x1b[m\x1b[K;\n'}
[4.376740] (unitree_guide2) StderrLine: {'line': b'      |         \x1b[01;35m\x1b[K^~~~~~~~~~~~~~~~~~\x1b[m\x1b[K\n'}
[4.376831] (unitree_guide2) StderrLine: {'line': b'\x1b[01m\x1b[K/home/nebbackwards/WPI/Classes/RBE521/Final/ros_workspace/src/RBE521/unitree_guide2/include/FSM/FSM.h:56:9:\x1b[m\x1b[K \x1b[01;35m\x1b[Kwarning: \x1b[m\x1b[Kdeleting object of polymorphic class type \xe2\x80\x98\x1b[01m\x1b[KState_SwingTest\x1b[m\x1b[K\xe2\x80\x99 which has non-virtual destructor might cause undefined behavior [\x1b[01;35m\x1b[K\x1b]8;;https://gcc.gnu.org/onlinedocs/gcc/Warning-Options.html#index-Wdelete-non-virtual-dtor\x07-Wdelete-non-virtual-dtor\x1b]8;;\x07\x1b[m\x1b[K]\n'}
[4.376941] (unitree_guide2) StderrLine: {'line': b'   56 |         \x1b[01;35m\x1b[Kdelete swingTest\x1b[m\x1b[K;\n'}
[4.377032] (unitree_guide2) StderrLine: {'line': b'      |         \x1b[01;35m\x1b[K^~~~~~~~~~~~~~~~\x1b[m\x1b[K\n'}
[4.377122] (unitree_guide2) StderrLine: {'line': b'\x1b[01m\x1b[K/home/nebbackwards/WPI/Classes/RBE521/Final/ros_workspace/src/RBE521/unitree_guide2/include/FSM/FSM.h:57:9:\x1b[m\x1b[K \x1b[01;35m\x1b[Kwarning: \x1b[m\x1b[Kdeleting object of polymorphic class type \xe2\x80\x98\x1b[01m\x1b[KState_StepTest\x1b[m\x1b[K\xe2\x80\x99 which has non-virtual destructor might cause undefined behavior [\x1b[01;35m\x1b[K\x1b]8;;https://gcc.gnu.org/onlinedocs/gcc/Warning-Options.html#index-Wdelete-non-virtual-dtor\x07-Wdelete-non-virtual-dtor\x1b]8;;\x07\x1b[m\x1b[K]\n'}
[4.377212] (unitree_guide2) StderrLine: {'line': b'   57 |         \x1b[01;35m\x1b[Kdelete stepTest\x1b[m\x1b[K;\n'}
[4.377303] (unitree_guide2) StderrLine: {'line': b'      |         \x1b[01;35m\x1b[K^~~~~~~~~~~~~~~\x1b[m\x1b[K\n'}
[4.377393] (unitree_guide2) StderrLine: {'line': b'\x1b[01m\x1b[K/home/nebbackwards/WPI/Classes/RBE521/Final/ros_workspace/src/RBE521/unitree_guide2/include/FSM/FSM.h:63:9:\x1b[m\x1b[K \x1b[01;35m\x1b[Kwarning: \x1b[m\x1b[Kdeleting object of polymorphic class type \xe2\x80\x98\x1b[01m\x1b[KState_move_base\x1b[m\x1b[K\xe2\x80\x99 which has non-virtual destructor might cause undefined behavior [\x1b[01;35m\x1b[K\x1b]8;;https://gcc.gnu.org/onlinedocs/gcc/Warning-Options.html#index-Wdelete-non-virtual-dtor\x07-Wdelete-non-virtual-dtor\x1b]8;;\x07\x1b[m\x1b[K]\n'}
[4.377485] (unitree_guide2) StderrLine: {'line': b'   63 |         \x1b[01;35m\x1b[Kdelete moveBase\x1b[m\x1b[K;\n'}
[4.377576] (unitree_guide2) StderrLine: {'line': b'      |         \x1b[01;35m\x1b[K^~~~~~~~~~~~~~~\x1b[m\x1b[K\n'}
[4.377669] (unitree_guide2) StderrLine: {'line': b'\x1b[01m\x1b[K/home/nebbackwards/WPI/Classes/RBE521/Final/ros_workspace/src/RBE521/unitree_guide2/include/FSM/FSM.h:64:9:\x1b[m\x1b[K \x1b[01;35m\x1b[Kwarning: \x1b[m\x1b[Kdeleting object of polymorphic class type \xe2\x80\x98\x1b[01m\x1b[KState_move_gait\x1b[m\x1b[K\xe2\x80\x99 which has non-virtual destructor might cause undefined behavior [\x1b[01;35m\x1b[K\x1b]8;;https://gcc.gnu.org/onlinedocs/gcc/Warning-Options.html#index-Wdelete-non-virtual-dtor\x07-Wdelete-non-virtual-dtor\x1b]8;;\x07\x1b[m\x1b[K]\n'}
[4.377822] (unitree_guide2) StderrLine: {'line': b'   64 |         \x1b[01;35m\x1b[Kdelete moveGait\x1b[m\x1b[K;\n'}
[4.377919] (unitree_guide2) StderrLine: {'line': b'      |         \x1b[01;35m\x1b[K^~~~~~~~~~~~~~~\x1b[m\x1b[K\n'}
[4.417196] (-) TimerEvent: {}
[4.517779] (-) TimerEvent: {}
[4.594229] (unitree_guide2) StderrLine: {'line': b'\x1b[01m\x1b[K/home/nebbackwards/WPI/Classes/RBE521/Final/ros_workspace/src/RBE521/unitree_guide2/src/main.cpp:\x1b[m\x1b[K In function \xe2\x80\x98\x1b[01m\x1b[Kvoid\x1b[01;32m\x1b[K ShutDown\x1b[m\x1b[K(int)\x1b[m\x1b[K\xe2\x80\x99:\n'}
[4.594663] (unitree_guide2) StderrLine: {'line': b'\x1b[01m\x1b[K/home/nebbackwards/WPI/Classes/RBE521/Final/ros_workspace/src/RBE521/unitree_guide2/src/main.cpp:31:19:\x1b[m\x1b[K \x1b[01;35m\x1b[Kwarning: \x1b[m\x1b[Kunused parameter \xe2\x80\x98\x1b[01m\x1b[Ksig\x1b[m\x1b[K\xe2\x80\x99 [\x1b[01;35m\x1b[K\x1b]8;;https://gcc.gnu.org/onlinedocs/gcc/Warning-Options.html#index-Wunused-parameter\x07-Wunused-parameter\x1b]8;;\x07\x1b[m\x1b[K]\n'}
[4.594994] (unitree_guide2) StderrLine: {'line': b'   31 | void ShutDown(\x1b[01;35m\x1b[Kint sig\x1b[m\x1b[K)\n'}
[4.595290] (unitree_guide2) StderrLine: {'line': b'      |               \x1b[01;35m\x1b[K~~~~^~~\x1b[m\x1b[K\n'}
[4.617996] (-) TimerEvent: {}
[4.718435] (-) TimerEvent: {}
[4.818815] (-) TimerEvent: {}
[4.919215] (-) TimerEvent: {}
[5.019587] (-) TimerEvent: {}
[5.119998] (-) TimerEvent: {}
[5.151622] (unitree_guide2) StderrLine: {'line': b'In file included from \x1b[01m\x1b[K/opt/ros/jazzy/include/rclcpp/rclcpp/subscription_base.hpp:32\x1b[m\x1b[K,\n'}
[5.152765] (unitree_guide2) StderrLine: {'line': b'                 from \x1b[01m\x1b[K/opt/ros/jazzy/include/rclcpp/rclcpp/callback_group.hpp:29\x1b[m\x1b[K,\n'}
[5.152876] (unitree_guide2) StderrLine: {'line': b'                 from \x1b[01m\x1b[K/opt/ros/jazzy/include/rclcpp/rclcpp/any_executable.hpp:20\x1b[m\x1b[K,\n'}
[5.152962] (unitree_guide2) StderrLine: {'line': b'                 from \x1b[01m\x1b[K/opt/ros/jazzy/include/rclcpp/rclcpp/memory_strategy.hpp:25\x1b[m\x1b[K,\n'}
[5.153047] (unitree_guide2) StderrLine: {'line': b'                 from \x1b[01m\x1b[K/opt/ros/jazzy/include/rclcpp/rclcpp/memory_strategies.hpp:18\x1b[m\x1b[K,\n'}
[5.153135] (unitree_guide2) StderrLine: {'line': b'                 from \x1b[01m\x1b[K/opt/ros/jazzy/include/rclcpp/rclcpp/executor_options.hpp:22\x1b[m\x1b[K,\n'}
[5.153219] (unitree_guide2) StderrLine: {'line': b'                 from \x1b[01m\x1b[K/opt/ros/jazzy/include/rclcpp/rclcpp/executor.hpp:38\x1b[m\x1b[K,\n'}
[5.153304] (unitree_guide2) StderrLine: {'line': b'                 from \x1b[01m\x1b[K/opt/ros/jazzy/include/rclcpp/rclcpp/executors/multi_threaded_executor.hpp:25\x1b[m\x1b[K,\n'}
[5.153392] (unitree_guide2) StderrLine: {'line': b'                 from \x1b[01m\x1b[K/opt/ros/jazzy/include/rclcpp/rclcpp/executors.hpp:21\x1b[m\x1b[K,\n'}
[5.153482] (unitree_guide2) StderrLine: {'line': b'                 from \x1b[01m\x1b[K/opt/ros/jazzy/include/rclcpp/rclcpp/rclcpp.hpp:172\x1b[m\x1b[K,\n'}
[5.153578] (unitree_guide2) StderrLine: {'line': b'                 from \x1b[01m\x1b[K/home/nebbackwards/WPI/Classes/RBE521/Final/ros_workspace/src/RBE521/unitree_guide2/include/control/Estimator.h:29\x1b[m\x1b[K,\n'}
[5.153661] (unitree_guide2) StderrLine: {'line': b'                 from \x1b[01m\x1b[K/home/nebbackwards/WPI/Classes/RBE521/Final/ros_workspace/src/RBE521/unitree_guide2/include/control/CtrlComponents.h:13\x1b[m\x1b[K:\n'}
[5.153793] (unitree_guide2) StderrLine: {'line': b'/opt/ros/jazzy/include/rclcpp/rclcpp/any_subscription_callback.hpp: In instantiation of \xe2\x80\x98\x1b[01m\x1b[Krclcpp::AnySubscriptionCallback<MessageT, AllocatorT> rclcpp::AnySubscriptionCallback<MessageT, AllocatorT>::\x1b[01;32m\x1b[Kset\x1b[m\x1b[K(CallbackT) \x1b[35m\x1b[K[with CallbackT = std::_Bind<void (State_move_gait::*(State_move_gait*, std::_Placeholder<1>))(int)>; MessageT = GaitCmd; AllocatorT = std::allocator<void>]\x1b[m\x1b[K\x1b[m\x1b[K\xe2\x80\x99:\n'}
[5.153982] (unitree_guide2) StderrLine: {'line': b'\x1b[01m\x1b[K/opt/ros/jazzy/include/rclcpp/rclcpp/subscription_factory.hpp:93:32:\x1b[m\x1b[K   required from \xe2\x80\x98\x1b[01m\x1b[Krclcpp::SubscriptionFactory rclcpp::\x1b[01;32m\x1b[Kcreate_subscription_factory\x1b[m\x1b[K(CallbackT&&, const SubscriptionOptionsWithAllocator<AllocatorT>&, typename MessageMemoryStrategyT::SharedPtr, std::shared_ptr<topic_statistics::SubscriptionTopicStatistics>) \x1b[35m\x1b[K[with MessageT = GaitCmd; CallbackT = std::_Bind<void (State_move_gait::*(State_move_gait*, std::_Placeholder<1>))(int)>; AllocatorT = std::allocator<void>; SubscriptionT = Subscription<GaitCmd>; MessageMemoryStrategyT = message_memory_strategy::MessageMemoryStrategy<GaitCmd, std::allocator<void> >; typename MessageMemoryStrategyT::SharedPtr = std::shared_ptr<message_memory_strategy::MessageMemoryStrategy<GaitCmd, std::allocator<void> > >]\x1b[m\x1b[K\x1b[m\x1b[K\xe2\x80\x99\n'}
[5.154243] (unitree_guide2) StderrLine: {'line': b'\x1b[01m\x1b[K/opt/ros/jazzy/include/rclcpp/rclcpp/create_subscription.hpp:121:63:\x1b[m\x1b[K   required from \xe2\x80\x98\x1b[01m\x1b[Kstd::shared_ptr<ROSMessageT> rclcpp::detail::\x1b[01;32m\x1b[Kcreate_subscription\x1b[m\x1b[K(NodeParametersT&, NodeTopicsT&, const std::string&, const rclcpp::QoS&, CallbackT&&, const rclcpp::SubscriptionOptionsWithAllocator<AllocatorT>&, typename MessageMemoryStrategyT::SharedPtr) \x1b[35m\x1b[K[with MessageT = GaitCmd; CallbackT = std::_Bind<void (State_move_gait::*(State_move_gait*, std::_Placeholder<1>))(int)>; AllocatorT = std::allocator<void>; SubscriptionT = rclcpp::Subscription<GaitCmd>; MessageMemoryStrategyT = rclcpp::message_memory_strategy::MessageMemoryStrategy<GaitCmd, std::allocator<void> >; NodeParametersT = rclcpp::Node; NodeTopicsT = rclcpp::Node; std::string = std::__cxx11::basic_string<char>; typename MessageMemoryStrategyT::SharedPtr = std::shared_ptr<rclcpp::message_memory_strategy::MessageMemoryStrategy<GaitCmd, std::allocator<void> > >]\x1b[m\x1b[K\x1b[m\x1b[K\xe2\x80\x99\n'}
[5.154548] (unitree_guide2) StderrLine: {'line': b'\x1b[01m\x1b[K/opt/ros/jazzy/include/rclcpp/rclcpp/create_subscription.hpp:190:76:\x1b[m\x1b[K   required from \xe2\x80\x98\x1b[01m\x1b[Kstd::shared_ptr<ROSMessageT> rclcpp::\x1b[01;32m\x1b[Kcreate_subscription\x1b[m\x1b[K(NodeT&, const std::string&, const QoS&, CallbackT&&, const SubscriptionOptionsWithAllocator<AllocatorT>&, typename MessageMemoryStrategyT::SharedPtr) \x1b[35m\x1b[K[with MessageT = GaitCmd; CallbackT = std::_Bind<void (State_move_gait::*(State_move_gait*, std::_Placeholder<1>))(int)>; AllocatorT = std::allocator<void>; SubscriptionT = Subscription<GaitCmd>; MessageMemoryStrategyT = message_memory_strategy::MessageMemoryStrategy<GaitCmd, std::allocator<void> >; NodeT = Node; std::string = std::__cxx11::basic_string<char>; typename MessageMemoryStrategyT::SharedPtr = std::shared_ptr<message_memory_strategy::MessageMemoryStrategy<GaitCmd, std::allocator<void> > >]\x1b[m\x1b[K\x1b[m\x1b[K\xe2\x80\x99\n'}
[5.154831] (unitree_guide2) StderrLine: {'line': b'\x1b[01m\x1b[K/opt/ros/jazzy/include/rclcpp/rclcpp/node_impl.hpp:99:47:\x1b[m\x1b[K   required from \xe2\x80\x98\x1b[01m\x1b[Kstd::shared_ptr<ROSMessageT> rclcpp::Node::\x1b[01;32m\x1b[Kcreate_subscription\x1b[m\x1b[K(const std::string&, const rclcpp::QoS&, CallbackT&&, const rclcpp::SubscriptionOptionsWithAllocator<AllocatorT>&, typename MessageMemoryStrategyT::SharedPtr) \x1b[35m\x1b[K[with MessageT = GaitCmd; CallbackT = std::_Bind<void (State_move_gait::*(State_move_gait*, std::_Placeholder<1>))(int)>; AllocatorT = std::allocator<void>; SubscriptionT = rclcpp::Subscription<GaitCmd>; MessageMemoryStrategyT = rclcpp::message_memory_strategy::MessageMemoryStrategy<GaitCmd, std::allocator<void> >; std::string = std::__cxx11::basic_string<char>; typename MessageMemoryStrategyT::SharedPtr = std::shared_ptr<rclcpp::message_memory_strategy::MessageMemoryStrategy<GaitCmd, std::allocator<void> > >]\x1b[m\x1b[K\x1b[m\x1b[K\xe2\x80\x99\n'}
[5.155040] (unitree_guide2) StderrLine: {'line': b'\x1b[01m\x1b[K/home/nebbackwards/WPI/Classes/RBE521/Final/ros_workspace/src/RBE521/unitree_guide2/src/FSM/State_move_gait.cpp:101:49:\x1b[m\x1b[K   required from here\n'}
[5.155209] (unitree_guide2) StderrLine: {'line': b'\x1b[01m\x1b[K/opt/ros/jazzy/include/rclcpp/rclcpp/any_subscription_callback.hpp:396:23:\x1b[m\x1b[K \x1b[01;31m\x1b[Kerror: \x1b[m\x1b[Kno match for \xe2\x80\x98\x1b[01m\x1b[Koperator=\x1b[m\x1b[K\xe2\x80\x99 (operand types are \xe2\x80\x98\x1b[01m\x1b[Krclcpp::detail::AnySubscriptionCallbackHelper<GaitCmd, std::allocator<void>, false, false>::variant_type\x1b[m\x1b[K\xe2\x80\x99 {aka \xe2\x80\x98\x1b[01m\x1b[Kstd::variant<std::function<void(const GaitCmd&)>, std::function<void(const GaitCmd&, const rclcpp::MessageInfo&)>, std::function<void(const rclcpp::SerializedMessage&)>, std::function<void(const rclcpp::SerializedMessage&, const rclcpp::MessageInfo&)>, std::function<void(std::unique_ptr<GaitCmd, std::default_delete<GaitCmd> >)>, std::function<void(std::unique_ptr<GaitCmd, std::default_delete<GaitCmd> >, const rclcpp::MessageInfo&)>, std::function<void(std::unique_ptr<rclcpp::SerializedMessage, std::default_delete<rclcpp::SerializedMessage> >)>, std::function<void(std::unique_ptr<rclcpp::SerializedMessage, std::default_delete<rclcpp::SerializedMessage> >, const rclcpp::MessageInfo&)>, std::function<void(std::shared_ptr<const GaitCmd>)>, std::function<void(std::shared_ptr<const GaitCmd>, const rclcpp::MessageInfo&)>, std::function<void(std::shared_ptr<const rclcpp::SerializedMessage>)>, std::function<void(std::shared_ptr<const rclcpp::SerializedMessage>, const rclcpp::MessageInfo&)>, std::function<void(const std::shared_ptr<const GaitCmd>&)>, std::function<void(const std::shared_ptr<const GaitCmd>&, const rclcpp::MessageInfo&)>, std::function<void(const std::shared_ptr<const rclcpp::SerializedMessage>&)>, std::function<void(const std::shared_ptr<const rclcpp::SerializedMessage>&, const rclcpp::MessageInfo&)>, std::function<void(std::shared_ptr<GaitCmd>)>, std::function<void(std::shared_ptr<GaitCmd>, const rclcpp::MessageInfo&)>, std::function<void(std::shared_ptr<rclcpp::SerializedMessage>)>, std::function<void(std::shared_ptr<rclcpp::SerializedMessage>, const rclcpp::MessageInfo&)> >\x1b[m\x1b[K\xe2\x80\x99} and \xe2\x80\x98\x1b[01m\x1b[Krclcpp::detail::SubscriptionCallbackTypeHelper<GaitCmd, std::_Bind<void (State_move_gait::*(State_move_gait*, std::_Placeholder<1>))(int)>, void>::callback_type\x1b[m\x1b[K\xe2\x80\x99 {aka \xe2\x80\x98\x1b[01m\x1b[Kstd::function<void(int)>\x1b[m\x1b[K\xe2\x80\x99})\n'}
[5.155336] (unitree_guide2) StderrLine: {'line': b'  396 |     \x1b[01;31m\x1b[Kcallback_variant_ = static_cast<typename scbth::callback_type>(callback)\x1b[m\x1b[K;\n'}
[5.155423] (unitree_guide2) StderrLine: {'line': b'      |     \x1b[01;31m\x1b[K~~~~~~~~~~~~~~~~~~^~~~~~~~~~~~~~~~~~~~~~~~~~~~~~~~~~~~~~~~~~~~~~~~~~~~~~\x1b[m\x1b[K\n'}
[5.155510] (unitree_guide2) StderrLine: {'line': b'In file included from \x1b[01m\x1b[K/opt/ros/jazzy/include/rclcpp/rclcpp/client.hpp:29\x1b[m\x1b[K,\n'}
[5.155596] (unitree_guide2) StderrLine: {'line': b'                 from \x1b[01m\x1b[K/opt/ros/jazzy/include/rclcpp/rclcpp/callback_group.hpp:24\x1b[m\x1b[K:\n'}
[5.155681] (unitree_guide2) StderrLine: {'line': b'\x1b[01m\x1b[K/usr/include/c++/13/variant:1494:9:\x1b[m\x1b[K \x1b[01;36m\x1b[Knote: \x1b[m\x1b[Kcandidate: \xe2\x80\x98\x1b[01m\x1b[Ktemplate<class _Tp> std::enable_if_t<((__exactly_once<std::variant<_Types>::__accepted_type<_Tp&&, typename std::enable_if<__not_self<_Tp&&>, void>::type> > && is_constructible_v<std::variant<_Types>::__accepted_type<_Tp&&, typename std::enable_if<__not_self<_Tp&&>, void>::type>, _Tp>) && is_assignable_v<std::variant<_Types>::__accepted_type<_Tp&&, typename std::enable_if<__not_self<_Tp&&>, void>::type>&, _Tp>), std::variant<_Types>&> std::variant<_Types>::\x1b[01;32m\x1b[Koperator=\x1b[m\x1b[K(_Tp&&) \x1b[35m\x1b[K[with _Types = {std::function<void(const GaitCmd&)>, std::function<void(const GaitCmd&, const rclcpp::MessageInfo&)>, std::function<void(const rclcpp::SerializedMessage&)>, std::function<void(const rclcpp::SerializedMessage&, const rclcpp::MessageInfo&)>, std::function<void(std::unique_ptr<GaitCmd, std::default_delete<GaitCmd> >)>, std::function<void(std::unique_ptr<GaitCmd, std::default_delete<GaitCmd> >, const rclcpp::MessageInfo&)>, std::function<void(std::unique_ptr<rclcpp::SerializedMessage, std::default_delete<rclcpp::SerializedMessage> >)>, std::function<void(std::unique_ptr<rclcpp::SerializedMessage, std::default_delete<rclcpp::SerializedMessage> >, const rclcpp::MessageInfo&)>, std::function<void(std::shared_ptr<const GaitCmd>)>, std::function<void(std::shared_ptr<const GaitCmd>, const rclcpp::MessageInfo&)>, std::function<void(std::shared_ptr<const rclcpp::SerializedMessage>)>, std::function<void(std::shared_ptr<const rclcpp::SerializedMessage>, const rclcpp::MessageInfo&)>, std::function<void(const std::shared_ptr<const GaitCmd>&)>, std::function<void(const std::shared_ptr<const GaitCmd>&, const rclcpp::MessageInfo&)>, std::function<void(const std::shared_ptr<const rclcpp::SerializedMessage>&)>, std::function<void(const std::shared_ptr<const rclcpp::SerializedMessage>&, const rclcpp::MessageInfo&)>, std::function<void(std::shared_ptr<GaitCmd>)>, std::function<void(std::shared_ptr<GaitCmd>, const rclcpp::MessageInfo&)>, std::function<void(std::shared_ptr<rclcpp::SerializedMessage>)>, std::function<void(std::shared_ptr<rclcpp::SerializedMessage>, const rclcpp::MessageInfo&)>}]\x1b[m\x1b[K\x1b[m\x1b[K\xe2\x80\x99\n'}
[5.155795] (unitree_guide2) StderrLine: {'line': b' 1494 |         \x1b[01;36m\x1b[Koperator\x1b[m\x1b[K=(_Tp&& __rhs)\n'}
[5.155911] (unitree_guide2) StderrLine: {'line': b'      |         \x1b[01;36m\x1b[K^~~~~~~~\x1b[m\x1b[K\n'}
[5.156024] (unitree_guide2) StderrLine: {'line': b'\x1b[01m\x1b[K/usr/include/c++/13/variant:1494:9:\x1b[m\x1b[K \x1b[01;36m\x1b[Knote: \x1b[m\x1b[K  template argument deduction/substitution failed:\n'}
[5.156113] (unitree_guide2) StderrLine: {'line': b'/usr/include/c++/13/variant: In substitution of \xe2\x80\x98\x1b[01m\x1b[Ktemplate<class ... _Types> template<class _Tp, class> using std::variant<_Types>::__accepted_type = std::variant<_Types>::__to_type<__accepted_index<_Tp> > \x1b[35m\x1b[K[with _Tp = std::function<void(int)>&&; <template-parameter-2-2> = void; _Types = {std::function<void(const GaitCmd&)>, std::function<void(const GaitCmd&, const rclcpp::MessageInfo&)>, std::function<void(const rclcpp::SerializedMessage&)>, std::function<void(const rclcpp::SerializedMessage&, const rclcpp::MessageInfo&)>, std::function<void(std::unique_ptr<GaitCmd, std::default_delete<GaitCmd> >)>, std::function<void(std::unique_ptr<GaitCmd, std::default_delete<GaitCmd> >, const rclcpp::MessageInfo&)>, std::function<void(std::unique_ptr<rclcpp::SerializedMessage, std::default_delete<rclcpp::SerializedMessage> >)>, std::function<void(std::unique_ptr<rclcpp::SerializedMessage, std::default_delete<rclcpp::SerializedMessage> >, const rclcpp::MessageInfo&)>, std::function<void(std::shared_ptr<const GaitCmd>)>, std::function<void(std::shared_ptr<const GaitCmd>, const rclcpp::MessageInfo&)>, std::function<void(std::shared_ptr<const rclcpp::SerializedMessage>)>, std::function<void(std::shared_ptr<const rclcpp::SerializedMessage>, const rclcpp::MessageInfo&)>, std::function<void(const std::shared_ptr<const GaitCmd>&)>, std::function<void(const std::shared_ptr<const GaitCmd>&, const rclcpp::MessageInfo&)>, std::function<void(const std::shared_ptr<const rclcpp::SerializedMessage>&)>, std::function<void(const std::shared_ptr<const rclcpp::SerializedMessage>&, const rclcpp::MessageInfo&)>, std::function<void(std::shared_ptr<GaitCmd>)>, std::function<void(std::shared_ptr<GaitCmd>, const rclcpp::MessageInfo&)>, std::function<void(std::shared_ptr<rclcpp::SerializedMessage>)>, std::function<void(std::shared_ptr<rclcpp::SerializedMessage>, const rclcpp::MessageInfo&)>}]\x1b[m\x1b[K\x1b[m\x1b[K\xe2\x80\x99:\n'}
[5.156301] (unitree_guide2) StderrLine: {'line': b'\x1b[01m\x1b[K/usr/include/c++/13/variant:1490:14:\x1b[m\x1b[K   required by substitution of \xe2\x80\x98\x1b[01m\x1b[Ktemplate<class _Tp> std::enable_if_t<((__exactly_once<std::variant<std::function<void(const GaitCmd&)>, std::function<void(const GaitCmd&, const rclcpp::MessageInfo&)>, std::function<void(const rclcpp::SerializedMessage&)>, std::function<void(const rclcpp::SerializedMessage&, const rclcpp::MessageInfo&)>, std::function<void(std::unique_ptr<GaitCmd, std::default_delete<GaitCmd> >)>, std::function<void(std::unique_ptr<GaitCmd, std::default_delete<GaitCmd> >, const rclcpp::MessageInfo&)>, std::function<void(std::unique_ptr<rclcpp::SerializedMessage, std::default_delete<rclcpp::SerializedMessage> >)>, std::function<void(std::unique_ptr<rclcpp::SerializedMessage, std::default_delete<rclcpp::SerializedMessage> >, const rclcpp::MessageInfo&)>, std::function<void(std::shared_ptr<const GaitCmd>)>, std::function<void(std::shared_ptr<const GaitCmd>, const rclcpp::MessageInfo&)>, std::function<void(std::shared_ptr<const rclcpp::SerializedMessage>)>, std::function<void(std::shared_ptr<const rclcpp::SerializedMessage>, const rclcpp::MessageInfo&)>, std::function<void(const std::shared_ptr<const GaitCmd>&)>, std::function<void(const std::shared_ptr<const GaitCmd>&, const rclcpp::MessageInfo&)>, std::function<void(const std::shared_ptr<const rclcpp::SerializedMessage>&)>, std::function<void(const std::shared_ptr<const rclcpp::SerializedMessage>&, const rclcpp::MessageInfo&)>, std::function<void(std::shared_ptr<GaitCmd>)>, std::function<void(std::shared_ptr<GaitCmd>, const rclcpp::MessageInfo&)>, std::function<void(std::shared_ptr<rclcpp::SerializedMessage>)>, std::function<void(std::shared_ptr<rclcpp::SerializedMessage>, const rclcpp::MessageInfo&)> >::__accepted_type<_Tp&&, typename std::enable_if<__not_self<_Tp&&>, void>::type> > && is_constructible_v<std::variant<std::function<void(const GaitCmd&)>, std::function<void(const GaitCmd&, const rclcpp::MessageInfo&)>, std::function<void(const rclcpp::SerializedMessage&)>, std::function<void(const rclcpp::SerializedMessage&, const rclcpp::MessageInfo&)>, std::function<void(std::unique_ptr<GaitCmd, std::default_delete<GaitCmd> >)>, std::function<void(std::unique_ptr<GaitCmd, std::default_delete<GaitCmd> >, const rclcpp::MessageInfo&)>, std::function<void(std::unique_ptr<rclcpp::SerializedMessage, std::default_delete<rclcpp::SerializedMessage> >)>, std::function<void(std::unique_ptr<rclcpp::SerializedMessage, std::default_delete<rclcpp::SerializedMessage> >, const rclcpp::MessageInfo&)>, std::function<void(std::shared_ptr<const GaitCmd>)>, std::function<void(std::shared_ptr<const GaitCmd>, const rclcpp::MessageInfo&)>, std::function<void(std::shared_ptr<const rclcpp::SerializedMessage>)>, std::function<void(std::shared_ptr<const rclcpp::SerializedMessage>, const rclcpp::MessageInfo&)>, std::function<void(const std::shared_ptr<const GaitCmd>&)>, std::function<void(const std::shared_ptr<const GaitCmd>&, const rclcpp::MessageInfo&)>, std::function<void(const std::shared_ptr<const rclcpp::SerializedMessage>&)>, std::function<void(const std::shared_ptr<const rclcpp::SerializedMessage>&, const rclcpp::MessageInfo&)>, std::function<void(std::shared_ptr<GaitCmd>)>, std::function<void(std::shared_ptr<GaitCmd>, const rclcpp::MessageInfo&)>, std::function<void(std::shared_ptr<rclcpp::SerializedMessage>)>, std::function<void(std::shared_ptr<rclcpp::SerializedMessage>, const rclcpp::MessageInfo&)> >::__accepted_type<_Tp&&, typename std::enable_if<__not_self<_Tp&&>, void>::type>, _Tp>) && is_assignable_v<std::variant<std::function<void(const GaitCmd&)>, std::function<void(const GaitCmd&, const rclcpp::MessageInfo&)>, std::function<void(const rclcpp::SerializedMessage&)>, std::function<void(const rclcpp::SerializedMessage&, const rclcpp::MessageInfo&)>, std::function<void(std::unique_ptr<GaitCmd, std::default_delete<GaitCmd> >)>, std::function<void(std::unique_ptr<GaitCmd, std::default_delete<GaitCmd> >, const rclcpp::MessageInfo&)>, std::function<void(std::unique_ptr<rclcpp::SerializedMessage, std::default_delete<rclcpp::SerializedMessage> >)>, std::function<void(std::unique_ptr<rclcpp::SerializedMessage, std::default_delete<rclcpp::SerializedMessage> >, const rclcpp::MessageInfo&)>, std::function<void(std::shared_ptr<const GaitCmd>)>, std::function<void(std::shared_ptr<const GaitCmd>, const rclcpp::MessageInfo&)>, std::function<void(std::shared_ptr<const rclcpp::SerializedMessage>)>, std::function<void(std::shared_ptr<const rclcpp::SerializedMessage>, const rclcpp::MessageInfo&)>, std::function<void(const std::shared_ptr<const GaitCmd>&)>, std::function<void(const std::shared_ptr<const GaitCmd>&, const rclcpp::MessageInfo&)>, std::function<void(const std::shared_ptr<const rclcpp::SerializedMessage>&)>, std::function<void(const std::shared_ptr<const rclcpp::SerializedMessage>&, const rclcpp::MessageInfo&)>, std::function<void(std::shared_ptr<GaitCmd>)>, std::function<void(std::shared_ptr<GaitCmd>, const rclcpp::MessageInfo&)>, std::function<void(std::shared_ptr<rclcpp::SerializedMessage>)>, std::function<void(std::shared_ptr<rclcpp::SerializedMessage>, const rclcpp::MessageInfo&)> >::__accepted_type<_Tp&&, typename std::enable_if<__not_self<_Tp&&>, void>::type>&, _Tp>), std::variant<std::function<void(const GaitCmd&)>, std::function<void(const GaitCmd&, const rclcpp::MessageInfo&)>, std::function<void(const rclcpp::SerializedMessage&)>, std::function<void(const rclcpp::SerializedMessage&, const rclcpp::MessageInfo&)>, std::function<void(std::unique_ptr<GaitCmd, std::default_delete<GaitCmd> >)>, std::function<void(std::unique_ptr<GaitCmd, std::default_delete<GaitCmd> >, const rclcpp::MessageInfo&)>, std::function<void(std::unique_ptr<rclcpp::SerializedMessage, std::default_delete<rclcpp::SerializedMessage> >)>, std::function<void(std::unique_ptr<rclcpp::SerializedMessage, std::default_delete<rclcpp::SerializedMessage> >, const rclcpp::MessageInfo&)>, std::function<void(std::shared_ptr<const GaitCmd>)>, std::function<void(std::shared_ptr<const GaitCmd>, const rclcpp::MessageInfo&)>, std::function<void(std::shared_ptr<const rclcpp::SerializedMessage>)>, std::function<void(std::shared_ptr<const rclcpp::SerializedMessage>, const rclcpp::MessageInfo&)>, std::function<void(const std::shared_ptr<const GaitCmd>&)>, std::function<void(const std::shared_ptr<const GaitCmd>&, const rclcpp::MessageInfo&)>, std::function<void(const std::shared_ptr<const rclcpp::SerializedMessage>&)>, std::function<void(const std::shared_ptr<const rclcpp::SerializedMessage>&, const rclcpp::MessageInfo&)>, std::function<void(std::shared_ptr<GaitCmd>)>, std::function<void(std::shared_ptr<GaitCmd>, const rclcpp::MessageInfo&)>, std::function<void(std::shared_ptr<rclcpp::SerializedMessage>)>, std::function<void(std::shared_ptr<rclcpp::SerializedMessage>, const rclcpp::MessageInfo&)> >&> std::variant<std::function<void(const GaitCmd&)>, std::function<void(const GaitCmd&, const rclcpp::MessageInfo&)>, std::function<void(const rclcpp::SerializedMessage&)>, std::function<void(const rclcpp::SerializedMessage&, const rclcpp::MessageInfo&)>, std::function<void(std::unique_ptr<GaitCmd, std::default_delete<GaitCmd> >)>, std::function<void(std::unique_ptr<GaitCmd, std::default_delete<GaitCmd> >, const rclcpp::MessageInfo&)>, std::function<void(std::unique_ptr<rclcpp::SerializedMessage, std::default_delete<rclcpp::SerializedMessage> >)>, std::function<void(std::unique_ptr<rclcpp::SerializedMessage, std::default_delete<rclcpp::SerializedMessage> >, const rclcpp::MessageInfo&)>, std::function<void(std::shared_ptr<const GaitCmd>)>, std::function<void(std::shared_ptr<const GaitCmd>, const rclcpp::MessageInfo&)>, std::function<void(std::shared_ptr<const rclcpp::SerializedMessage>)>, std::function<void(std::shared_ptr<const rclcpp::SerializedMessage>, const rclcpp::MessageInfo&)>, std::function<void(const std::shared_ptr<const GaitCmd>&)>, std::function<void(const std::shared_ptr<const GaitCmd>&, const rclcpp::MessageInfo&)>, std::function<void(const std::shared_ptr<const rclcpp::SerializedMessage>&)>, std::function<void(const std::shared_ptr<const rclcpp::SerializedMessage>&, const rclcpp::MessageInfo&)>, std::function<void(std::shared_ptr<GaitCmd>)>, std::function<void(std::shared_ptr<GaitCmd>, const rclcpp::MessageInfo&)>, std::function<void(std::shared_ptr<rclcpp::SerializedMessage>)>, std::function<void(std::shared_ptr<rclcpp::SerializedMessage>, const rclcpp::MessageInfo&)> >::\x1b[01;32m\x1b[Koperator=\x1b[m\x1b[K(_Tp&&) \x1b[35m\x1b[K[with _Tp = std::function<void(int)>]\x1b[m\x1b[K\x1b[m\x1b[K\xe2\x80\x99\n'}
[5.156525] (unitree_guide2) StderrLine: {'line': b'\x1b[01m\x1b[K/opt/ros/jazzy/include/rclcpp/rclcpp/any_subscription_callback.hpp:396:23:\x1b[m\x1b[K   required from \xe2\x80\x98\x1b[01m\x1b[Krclcpp::AnySubscriptionCallback<MessageT, AllocatorT> rclcpp::AnySubscriptionCallback<MessageT, AllocatorT>::\x1b[01;32m\x1b[Kset\x1b[m\x1b[K(CallbackT) \x1b[35m\x1b[K[with CallbackT = std::_Bind<void (State_move_gait::*(State_move_gait*, std::_Placeholder<1>))(int)>; MessageT = GaitCmd; AllocatorT = std::allocator<void>]\x1b[m\x1b[K\x1b[m\x1b[K\xe2\x80\x99\n'}
[5.156674] (unitree_guide2) StderrLine: {'line': b'\x1b[01m\x1b[K/opt/ros/jazzy/include/rclcpp/rclcpp/subscription_factory.hpp:93:32:\x1b[m\x1b[K   required from \xe2\x80\x98\x1b[01m\x1b[Krclcpp::SubscriptionFactory rclcpp::\x1b[01;32m\x1b[Kcreate_subscription_factory\x1b[m\x1b[K(CallbackT&&, const SubscriptionOptionsWithAllocator<AllocatorT>&, typename MessageMemoryStrategyT::SharedPtr, std::shared_ptr<topic_statistics::SubscriptionTopicStatistics>) \x1b[35m\x1b[K[with MessageT = GaitCmd; CallbackT = std::_Bind<void (State_move_gait::*(State_move_gait*, std::_Placeholder<1>))(int)>; AllocatorT = std::allocator<void>; SubscriptionT = Subscription<GaitCmd>; MessageMemoryStrategyT = message_memory_strategy::MessageMemoryStrategy<GaitCmd, std::allocator<void> >; typename MessageMemoryStrategyT::SharedPtr = std::shared_ptr<message_memory_strategy::MessageMemoryStrategy<GaitCmd, std::allocator<void> > >]\x1b[m\x1b[K\x1b[m\x1b[K\xe2\x80\x99\n'}
[5.156850] (unitree_guide2) StderrLine: {'line': b'\x1b[01m\x1b[K/opt/ros/jazzy/include/rclcpp/rclcpp/create_subscription.hpp:121:63:\x1b[m\x1b[K   required from \xe2\x80\x98\x1b[01m\x1b[Kstd::shared_ptr<ROSMessageT> rclcpp::detail::\x1b[01;32m\x1b[Kcreate_subscription\x1b[m\x1b[K(NodeParametersT&, NodeTopicsT&, const std::string&, const rclcpp::QoS&, CallbackT&&, const rclcpp::SubscriptionOptionsWithAllocator<AllocatorT>&, typename MessageMemoryStrategyT::SharedPtr) \x1b[35m\x1b[K[with MessageT = GaitCmd; CallbackT = std::_Bind<void (State_move_gait::*(State_move_gait*, std::_Placeholder<1>))(int)>; AllocatorT = std::allocator<void>; SubscriptionT = rclcpp::Subscription<GaitCmd>; MessageMemoryStrategyT = rclcpp::message_memory_strategy::MessageMemoryStrategy<GaitCmd, std::allocator<void> >; NodeParametersT = rclcpp::Node; NodeTopicsT = rclcpp::Node; std::string = std::__cxx11::basic_string<char>; typename MessageMemoryStrategyT::SharedPtr = std::shared_ptr<rclcpp::message_memory_strategy::MessageMemoryStrategy<GaitCmd, std::allocator<void> > >]\x1b[m\x1b[K\x1b[m\x1b[K\xe2\x80\x99\n'}
[5.157000] (unitree_guide2) StderrLine: {'line': b'\x1b[01m\x1b[K/opt/ros/jazzy/include/rclcpp/rclcpp/create_subscription.hpp:190:76:\x1b[m\x1b[K   required from \xe2\x80\x98\x1b[01m\x1b[Kstd::shared_ptr<ROSMessageT> rclcpp::\x1b[01;32m\x1b[Kcreate_subscription\x1b[m\x1b[K(NodeT&, const std::string&, const QoS&, CallbackT&&, const SubscriptionOptionsWithAllocator<AllocatorT>&, typename MessageMemoryStrategyT::SharedPtr) \x1b[35m\x1b[K[with MessageT = GaitCmd; CallbackT = std::_Bind<void (State_move_gait::*(State_move_gait*, std::_Placeholder<1>))(int)>; AllocatorT = std::allocator<void>; SubscriptionT = Subscription<GaitCmd>; MessageMemoryStrategyT = message_memory_strategy::MessageMemoryStrategy<GaitCmd, std::allocator<void> >; NodeT = Node; std::string = std::__cxx11::basic_string<char>; typename MessageMemoryStrategyT::SharedPtr = std::shared_ptr<message_memory_strategy::MessageMemoryStrategy<GaitCmd, std::allocator<void> > >]\x1b[m\x1b[K\x1b[m\x1b[K\xe2\x80\x99\n'}
[5.157159] (unitree_guide2) StderrLine: {'line': b'\x1b[01m\x1b[K/opt/ros/jazzy/include/rclcpp/rclcpp/node_impl.hpp:99:47:\x1b[m\x1b[K   required from \xe2\x80\x98\x1b[01m\x1b[Kstd::shared_ptr<ROSMessageT> rclcpp::Node::\x1b[01;32m\x1b[Kcreate_subscription\x1b[m\x1b[K(const std::string&, const rclcpp::QoS&, CallbackT&&, const rclcpp::SubscriptionOptionsWithAllocator<AllocatorT>&, typename MessageMemoryStrategyT::SharedPtr) \x1b[35m\x1b[K[with MessageT = GaitCmd; CallbackT = std::_Bind<void (State_move_gait::*(State_move_gait*, std::_Placeholder<1>))(int)>; AllocatorT = std::allocator<void>; SubscriptionT = rclcpp::Subscription<GaitCmd>; MessageMemoryStrategyT = rclcpp::message_memory_strategy::MessageMemoryStrategy<GaitCmd, std::allocator<void> >; std::string = std::__cxx11::basic_string<char>; typename MessageMemoryStrategyT::SharedPtr = std::shared_ptr<rclcpp::message_memory_strategy::MessageMemoryStrategy<GaitCmd, std::allocator<void> > >]\x1b[m\x1b[K\x1b[m\x1b[K\xe2\x80\x99\n'}
[5.157280] (unitree_guide2) StderrLine: {'line': b'\x1b[01m\x1b[K/home/nebbackwards/WPI/Classes/RBE521/Final/ros_workspace/src/RBE521/unitree_guide2/src/FSM/State_move_gait.cpp:101:49:\x1b[m\x1b[K   required from here\n'}
[5.157383] (unitree_guide2) StderrLine: {'line': b'\x1b[01m\x1b[K/usr/include/c++/13/variant:1407:15:\x1b[m\x1b[K \x1b[01;31m\x1b[Kerror: \x1b[m\x1b[Kno type named \xe2\x80\x98\x1b[01m\x1b[Ktype\x1b[m\x1b[K\xe2\x80\x99 in \xe2\x80\x98\x1b[01m\x1b[Kstruct std::enable_if<false, void>\x1b[m\x1b[K\xe2\x80\x99\n'}
[5.157487] (unitree_guide2) StderrLine: {'line': b' 1407 |         using \x1b[01;31m\x1b[K__accepted_type\x1b[m\x1b[K = __to_type<__accepted_index<_Tp>>;\n'}
[5.157595] (unitree_guide2) StderrLine: {'line': b'      |               \x1b[01;31m\x1b[K^~~~~~~~~~~~~~~\x1b[m\x1b[K\n'}
[5.157685] (unitree_guide2) StderrLine: {'line': b'/opt/ros/jazzy/include/rclcpp/rclcpp/any_subscription_callback.hpp: In instantiation of \xe2\x80\x98\x1b[01m\x1b[Krclcpp::AnySubscriptionCallback<MessageT, AllocatorT> rclcpp::AnySubscriptionCallback<MessageT, AllocatorT>::\x1b[01;32m\x1b[Kset\x1b[m\x1b[K(CallbackT) \x1b[35m\x1b[K[with CallbackT = std::_Bind<void (State_move_gait::*(State_move_gait*, std::_Placeholder<1>))(int)>; MessageT = GaitCmd; AllocatorT = std::allocator<void>]\x1b[m\x1b[K\x1b[m\x1b[K\xe2\x80\x99:\n'}
[5.157797] (unitree_guide2) StderrLine: {'line': b'\x1b[01m\x1b[K/opt/ros/jazzy/include/rclcpp/rclcpp/subscription_factory.hpp:93:32:\x1b[m\x1b[K   required from \xe2\x80\x98\x1b[01m\x1b[Krclcpp::SubscriptionFactory rclcpp::\x1b[01;32m\x1b[Kcreate_subscription_factory\x1b[m\x1b[K(CallbackT&&, const SubscriptionOptionsWithAllocator<AllocatorT>&, typename MessageMemoryStrategyT::SharedPtr, std::shared_ptr<topic_statistics::SubscriptionTopicStatistics>) \x1b[35m\x1b[K[with MessageT = GaitCmd; CallbackT = std::_Bind<void (State_move_gait::*(State_move_gait*, std::_Placeholder<1>))(int)>; AllocatorT = std::allocator<void>; SubscriptionT = Subscription<GaitCmd>; MessageMemoryStrategyT = message_memory_strategy::MessageMemoryStrategy<GaitCmd, std::allocator<void> >; typename MessageMemoryStrategyT::SharedPtr = std::shared_ptr<message_memory_strategy::MessageMemoryStrategy<GaitCmd, std::allocator<void> > >]\x1b[m\x1b[K\x1b[m\x1b[K\xe2\x80\x99\n'}
[5.157890] (unitree_guide2) StderrLine: {'line': b'\x1b[01m\x1b[K/opt/ros/jazzy/include/rclcpp/rclcpp/create_subscription.hpp:121:63:\x1b[m\x1b[K   required from \xe2\x80\x98\x1b[01m\x1b[Kstd::shared_ptr<ROSMessageT> rclcpp::detail::\x1b[01;32m\x1b[Kcreate_subscription\x1b[m\x1b[K(NodeParametersT&, NodeTopicsT&, const std::string&, const rclcpp::QoS&, CallbackT&&, const rclcpp::SubscriptionOptionsWithAllocator<AllocatorT>&, typename MessageMemoryStrategyT::SharedPtr) \x1b[35m\x1b[K[with MessageT = GaitCmd; CallbackT = std::_Bind<void (State_move_gait::*(State_move_gait*, std::_Placeholder<1>))(int)>; AllocatorT = std::allocator<void>; SubscriptionT = rclcpp::Subscription<GaitCmd>; MessageMemoryStrategyT = rclcpp::message_memory_strategy::MessageMemoryStrategy<GaitCmd, std::allocator<void> >; NodeParametersT = rclcpp::Node; NodeTopicsT = rclcpp::Node; std::string = std::__cxx11::basic_string<char>; typename MessageMemoryStrategyT::SharedPtr = std::shared_ptr<rclcpp::message_memory_strategy::MessageMemoryStrategy<GaitCmd, std::allocator<void> > >]\x1b[m\x1b[K\x1b[m\x1b[K\xe2\x80\x99\n'}
[5.157995] (unitree_guide2) StderrLine: {'line': b'\x1b[01m\x1b[K/opt/ros/jazzy/include/rclcpp/rclcpp/create_subscription.hpp:190:76:\x1b[m\x1b[K   required from \xe2\x80\x98\x1b[01m\x1b[Kstd::shared_ptr<ROSMessageT> rclcpp::\x1b[01;32m\x1b[Kcreate_subscription\x1b[m\x1b[K(NodeT&, const std::string&, const QoS&, CallbackT&&, const SubscriptionOptionsWithAllocator<AllocatorT>&, typename MessageMemoryStrategyT::SharedPtr) \x1b[35m\x1b[K[with MessageT = GaitCmd; CallbackT = std::_Bind<void (State_move_gait::*(State_move_gait*, std::_Placeholder<1>))(int)>; AllocatorT = std::allocator<void>; SubscriptionT = Subscription<GaitCmd>; MessageMemoryStrategyT = message_memory_strategy::MessageMemoryStrategy<GaitCmd, std::allocator<void> >; NodeT = Node; std::string = std::__cxx11::basic_string<char>; typename MessageMemoryStrategyT::SharedPtr = std::shared_ptr<message_memory_strategy::MessageMemoryStrategy<GaitCmd, std::allocator<void> > >]\x1b[m\x1b[K\x1b[m\x1b[K\xe2\x80\x99\n'}
[5.158106] (unitree_guide2) StderrLine: {'line': b'\x1b[01m\x1b[K/opt/ros/jazzy/include/rclcpp/rclcpp/node_impl.hpp:99:47:\x1b[m\x1b[K   required from \xe2\x80\x98\x1b[01m\x1b[Kstd::shared_ptr<ROSMessageT> rclcpp::Node::\x1b[01;32m\x1b[Kcreate_subscription\x1b[m\x1b[K(const std::string&, const rclcpp::QoS&, CallbackT&&, const rclcpp::SubscriptionOptionsWithAllocator<AllocatorT>&, typename MessageMemoryStrategyT::SharedPtr) \x1b[35m\x1b[K[with MessageT = GaitCmd; CallbackT = std::_Bind<void (State_move_gait::*(State_move_gait*, std::_Placeholder<1>))(int)>; AllocatorT = std::allocator<void>; SubscriptionT = rclcpp::Subscription<GaitCmd>; MessageMemoryStrategyT = rclcpp::message_memory_strategy::MessageMemoryStrategy<GaitCmd, std::allocator<void> >; std::string = std::__cxx11::basic_string<char>; typename MessageMemoryStrategyT::SharedPtr = std::shared_ptr<rclcpp::message_memory_strategy::MessageMemoryStrategy<GaitCmd, std::allocator<void> > >]\x1b[m\x1b[K\x1b[m\x1b[K\xe2\x80\x99\n'}
[5.158202] (unitree_guide2) StderrLine: {'line': b'\x1b[01m\x1b[K/home/nebbackwards/WPI/Classes/RBE521/Final/ros_workspace/src/RBE521/unitree_guide2/src/FSM/State_move_gait.cpp:101:49:\x1b[m\x1b[K   required from here\n'}
[5.158292] (unitree_guide2) StderrLine: {'line': b'\x1b[01m\x1b[K/usr/include/c++/13/variant:1430:16:\x1b[m\x1b[K \x1b[01;36m\x1b[Knote: \x1b[m\x1b[Kcandidate: \xe2\x80\x98\x1b[01m\x1b[Kstd::variant<_Types>& std::variant<_Types>::\x1b[01;32m\x1b[Koperator=\x1b[m\x1b[K(const std::variant<_Types>&) \x1b[35m\x1b[K[with _Types = {std::function<void(const GaitCmd&)>, std::function<void(const GaitCmd&, const rclcpp::MessageInfo&)>, std::function<void(const rclcpp::SerializedMessage&)>, std::function<void(const rclcpp::SerializedMessage&, const rclcpp::MessageInfo&)>, std::function<void(std::unique_ptr<GaitCmd, std::default_delete<GaitCmd> >)>, std::function<void(std::unique_ptr<GaitCmd, std::default_delete<GaitCmd> >, const rclcpp::MessageInfo&)>, std::function<void(std::unique_ptr<rclcpp::SerializedMessage, std::default_delete<rclcpp::SerializedMessage> >)>, std::function<void(std::unique_ptr<rclcpp::SerializedMessage, std::default_delete<rclcpp::SerializedMessage> >, const rclcpp::MessageInfo&)>, std::function<void(std::shared_ptr<const GaitCmd>)>, std::function<void(std::shared_ptr<const GaitCmd>, const rclcpp::MessageInfo&)>, std::function<void(std::shared_ptr<const rclcpp::SerializedMessage>)>, std::function<void(std::shared_ptr<const rclcpp::SerializedMessage>, const rclcpp::MessageInfo&)>, std::function<void(const std::shared_ptr<const GaitCmd>&)>, std::function<void(const std::shared_ptr<const GaitCmd>&, const rclcpp::MessageInfo&)>, std::function<void(const std::shared_ptr<const rclcpp::SerializedMessage>&)>, std::function<void(const std::shared_ptr<const rclcpp::SerializedMessage>&, const rclcpp::MessageInfo&)>, std::function<void(std::shared_ptr<GaitCmd>)>, std::function<void(std::shared_ptr<GaitCmd>, const rclcpp::MessageInfo&)>, std::function<void(std::shared_ptr<rclcpp::SerializedMessage>)>, std::function<void(std::shared_ptr<rclcpp::SerializedMessage>, const rclcpp::MessageInfo&)>}]\x1b[m\x1b[K\x1b[m\x1b[K\xe2\x80\x99\n'}
[5.158385] (unitree_guide2) StderrLine: {'line': b' 1430 |       variant& \x1b[01;36m\x1b[Koperator\x1b[m\x1b[K=(const variant&) = default;\n'}
[5.158471] (unitree_guide2) StderrLine: {'line': b'      |                \x1b[01;36m\x1b[K^~~~~~~~\x1b[m\x1b[K\n'}
[5.158555] (unitree_guide2) StderrLine: {'line': b'\x1b[01m\x1b[K/usr/include/c++/13/variant:1430:26:\x1b[m\x1b[K \x1b[01;36m\x1b[Knote: \x1b[m\x1b[K  no known conversion for argument 1 from \xe2\x80\x98\x1b[01m\x1b[Krclcpp::detail::SubscriptionCallbackTypeHelper<GaitCmd, std::_Bind<void (State_move_gait::*(State_move_gait*, std::_Placeholder<1>))(int)>, void>::callback_type\x1b[m\x1b[K\xe2\x80\x99 {aka \xe2\x80\x98\x1b[01m\x1b[Kstd::function<void(int)>\x1b[m\x1b[K\xe2\x80\x99} to \xe2\x80\x98\x1b[01m\x1b[Kconst std::variant<std::function<void(const GaitCmd&)>, std::function<void(const GaitCmd&, const rclcpp::MessageInfo&)>, std::function<void(const rclcpp::SerializedMessage&)>, std::function<void(const rclcpp::SerializedMessage&, const rclcpp::MessageInfo&)>, std::function<void(std::unique_ptr<GaitCmd, std::default_delete<GaitCmd> >)>, std::function<void(std::unique_ptr<GaitCmd, std::default_delete<GaitCmd> >, const rclcpp::MessageInfo&)>, std::function<void(std::unique_ptr<rclcpp::SerializedMessage, std::default_delete<rclcpp::SerializedMessage> >)>, std::function<void(std::unique_ptr<rclcpp::SerializedMessage, std::default_delete<rclcpp::SerializedMessage> >, const rclcpp::MessageInfo&)>, std::function<void(std::shared_ptr<const GaitCmd>)>, std::function<void(std::shared_ptr<const GaitCmd>, const rclcpp::MessageInfo&)>, std::function<void(std::shared_ptr<const rclcpp::SerializedMessage>)>, std::function<void(std::shared_ptr<const rclcpp::SerializedMessage>, const rclcpp::MessageInfo&)>, std::function<void(const std::shared_ptr<const GaitCmd>&)>, std::function<void(const std::shared_ptr<const GaitCmd>&, const rclcpp::MessageInfo&)>, std::function<void(const std::shared_ptr<const rclcpp::SerializedMessage>&)>, std::function<void(const std::shared_ptr<const rclcpp::SerializedMessage>&, const rclcpp::MessageInfo&)>, std::function<void(std::shared_ptr<GaitCmd>)>, std::function<void(std::shared_ptr<GaitCmd>, const rclcpp::MessageInfo&)>, std::function<void(std::shared_ptr<rclcpp::SerializedMessage>)>, std::function<void(std::shared_ptr<rclcpp::SerializedMessage>, const rclcpp::MessageInfo&)> >&\x1b[m\x1b[K\xe2\x80\x99\n'}
[5.158674] (unitree_guide2) StderrLine: {'line': b' 1430 |       variant& operator=(\x1b[01;36m\x1b[Kconst variant&\x1b[m\x1b[K) = default;\n'}
[5.158783] (unitree_guide2) StderrLine: {'line': b'      |                          \x1b[01;36m\x1b[K^~~~~~~~~~~~~~\x1b[m\x1b[K\n'}
[5.158870] (unitree_guide2) StderrLine: {'line': b'\x1b[01m\x1b[K/usr/include/c++/13/variant:1431:16:\x1b[m\x1b[K \x1b[01;36m\x1b[Knote: \x1b[m\x1b[Kcandidate: \xe2\x80\x98\x1b[01m\x1b[Kstd::variant<_Types>& std::variant<_Types>::\x1b[01;32m\x1b[Koperator=\x1b[m\x1b[K(std::variant<_Types>&&) \x1b[35m\x1b[K[with _Types = {std::function<void(const GaitCmd&)>, std::function<void(const GaitCmd&, const rclcpp::MessageInfo&)>, std::function<void(const rclcpp::SerializedMessage&)>, std::function<void(const rclcpp::SerializedMessage&, const rclcpp::MessageInfo&)>, std::function<void(std::unique_ptr<GaitCmd, std::default_delete<GaitCmd> >)>, std::function<void(std::unique_ptr<GaitCmd, std::default_delete<GaitCmd> >, const rclcpp::MessageInfo&)>, std::function<void(std::unique_ptr<rclcpp::SerializedMessage, std::default_delete<rclcpp::SerializedMessage> >)>, std::function<void(std::unique_ptr<rclcpp::SerializedMessage, std::default_delete<rclcpp::SerializedMessage> >, const rclcpp::MessageInfo&)>, std::function<void(std::shared_ptr<const GaitCmd>)>, std::function<void(std::shared_ptr<const GaitCmd>, const rclcpp::MessageInfo&)>, std::function<void(std::shared_ptr<const rclcpp::SerializedMessage>)>, std::function<void(std::shared_ptr<const rclcpp::SerializedMessage>, const rclcpp::MessageInfo&)>, std::function<void(const std::shared_ptr<const GaitCmd>&)>, std::function<void(const std::shared_ptr<const GaitCmd>&, const rclcpp::MessageInfo&)>, std::function<void(const std::shared_ptr<const rclcpp::SerializedMessage>&)>, std::function<void(const std::shared_ptr<const rclcpp::SerializedMessage>&, const rclcpp::MessageInfo&)>, std::function<void(std::shared_ptr<GaitCmd>)>, std::function<void(std::shared_ptr<GaitCmd>, const rclcpp::MessageInfo&)>, std::function<void(std::shared_ptr<rclcpp::SerializedMessage>)>, std::function<void(std::shared_ptr<rclcpp::SerializedMessage>, const rclcpp::MessageInfo&)>}]\x1b[m\x1b[K\x1b[m\x1b[K\xe2\x80\x99\n'}
[5.158965] (unitree_guide2) StderrLine: {'line': b' 1431 |       variant& \x1b[01;36m\x1b[Koperator\x1b[m\x1b[K=(variant&&) = default;\n'}
[5.159051] (unitree_guide2) StderrLine: {'line': b'      |                \x1b[01;36m\x1b[K^~~~~~~~\x1b[m\x1b[K\n'}
[5.159139] (unitree_guide2) StderrLine: {'line': b'\x1b[01m\x1b[K/usr/include/c++/13/variant:1431:26:\x1b[m\x1b[K \x1b[01;36m\x1b[Knote: \x1b[m\x1b[K  no known conversion for argument 1 from \xe2\x80\x98\x1b[01m\x1b[Krclcpp::detail::SubscriptionCallbackTypeHelper<GaitCmd, std::_Bind<void (State_move_gait::*(State_move_gait*, std::_Placeholder<1>))(int)>, void>::callback_type\x1b[m\x1b[K\xe2\x80\x99 {aka \xe2\x80\x98\x1b[01m\x1b[Kstd::function<void(int)>\x1b[m\x1b[K\xe2\x80\x99} to \xe2\x80\x98\x1b[01m\x1b[Kstd::variant<std::function<void(const GaitCmd&)>, std::function<void(const GaitCmd&, const rclcpp::MessageInfo&)>, std::function<void(const rclcpp::SerializedMessage&)>, std::function<void(const rclcpp::SerializedMessage&, const rclcpp::MessageInfo&)>, std::function<void(std::unique_ptr<GaitCmd, std::default_delete<GaitCmd> >)>, std::function<void(std::unique_ptr<GaitCmd, std::default_delete<GaitCmd> >, const rclcpp::MessageInfo&)>, std::function<void(std::unique_ptr<rclcpp::SerializedMessage, std::default_delete<rclcpp::SerializedMessage> >)>, std::function<void(std::unique_ptr<rclcpp::SerializedMessage, std::default_delete<rclcpp::SerializedMessage> >, const rclcpp::MessageInfo&)>, std::function<void(std::shared_ptr<const GaitCmd>)>, std::function<void(std::shared_ptr<const GaitCmd>, const rclcpp::MessageInfo&)>, std::function<void(std::shared_ptr<const rclcpp::SerializedMessage>)>, std::function<void(std::shared_ptr<const rclcpp::SerializedMessage>, const rclcpp::MessageInfo&)>, std::function<void(const std::shared_ptr<const GaitCmd>&)>, std::function<void(const std::shared_ptr<const GaitCmd>&, const rclcpp::MessageInfo&)>, std::function<void(const std::shared_ptr<const rclcpp::SerializedMessage>&)>, std::function<void(const std::shared_ptr<const rclcpp::SerializedMessage>&, const rclcpp::MessageInfo&)>, std::function<void(std::shared_ptr<GaitCmd>)>, std::function<void(std::shared_ptr<GaitCmd>, const rclcpp::MessageInfo&)>, std::function<void(std::shared_ptr<rclcpp::SerializedMessage>)>, std::function<void(std::shared_ptr<rclcpp::SerializedMessage>, const rclcpp::MessageInfo&)> >&&\x1b[m\x1b[K\xe2\x80\x99\n'}
[5.159253] (unitree_guide2) StderrLine: {'line': b' 1431 |       variant& operator=(\x1b[01;36m\x1b[Kvariant&&\x1b[m\x1b[K) = default;\n'}
[5.159344] (unitree_guide2) StderrLine: {'line': b'      |                          \x1b[01;36m\x1b[K^~~~~~~~~\x1b[m\x1b[K\n'}
[5.220107] (-) TimerEvent: {}
[5.320445] (-) TimerEvent: {}
[5.420765] (-) TimerEvent: {}
[5.521140] (-) TimerEvent: {}
[5.562595] (unitree_guide2) StderrLine: {'line': b'gmake[2]: *** [CMakeFiles/junior_ctrl.dir/build.make:356: CMakeFiles/junior_ctrl.dir/src/control/ControlFrame.cpp.o] Error 1\n'}
[5.562934] (unitree_guide2) StderrLine: {'line': b'gmake[2]: *** Waiting for unfinished jobs....\n'}
[5.621330] (-) TimerEvent: {}
[5.651985] (unitree_guide2) StderrLine: {'line': b'gmake[2]: *** [CMakeFiles/junior_ctrl.dir/build.make:90: CMakeFiles/junior_ctrl.dir/src/FSM/FSM.cpp.o] Error 1\n'}
[5.721498] (-) TimerEvent: {}
[5.821917] (-) TimerEvent: {}
[5.838789] (unitree_guide2) StderrLine: {'line': b'gmake[2]: *** [CMakeFiles/junior_ctrl.dir/build.make:76: CMakeFiles/junior_ctrl.dir/src/main.cpp.o] Error 1\n'}
[5.922087] (-) TimerEvent: {}
[6.022470] (-) TimerEvent: {}
[6.122820] (-) TimerEvent: {}
[6.223193] (-) TimerEvent: {}
[6.323865] (-) TimerEvent: {}
[6.424245] (-) TimerEvent: {}
[6.524613] (-) TimerEvent: {}
[6.625132] (-) TimerEvent: {}
[6.725487] (-) TimerEvent: {}
[6.825884] (-) TimerEvent: {}
[6.926224] (-) TimerEvent: {}
[7.026581] (-) TimerEvent: {}
[7.098056] (unitree_guide2) StderrLine: {'line': b'gmake[2]: *** [CMakeFiles/junior_ctrl.dir/build.make:244: CMakeFiles/junior_ctrl.dir/src/FSM/State_move_gait.cpp.o] Error 1\n'}
[7.098986] (unitree_guide2) StderrLine: {'line': b'gmake[1]: *** [CMakeFiles/Makefile2:137: CMakeFiles/junior_ctrl.dir/all] Error 2\n'}
[7.099327] (unitree_guide2) StderrLine: {'line': b'gmake: *** [Makefile:146: all] Error 2\n'}
[7.102458] (unitree_guide2) CommandEnded: {'returncode': 2}
[7.109695] (unitree_guide2) JobEnded: {'identifier': 'unitree_guide2', 'rc': 2}
[7.120874] (-) EventReactorShutdown: {}
