[0.000000] (-) TimerEvent: {}
[0.001791] (unitree_guide2) JobQueued: {'identifier': 'unitree_guide2', 'dependencies': OrderedDict()}
[0.001885] (unitree_guide2) JobStarted: {'identifier': 'unitree_guide2'}
[0.019748] (unitree_guide2) JobProgress: {'identifier': 'unitree_guide2', 'progress': 'cmake'}
[0.020975] (unitree_guide2) JobProgress: {'identifier': 'unitree_guide2', 'progress': 'build'}
[0.022123] (unitree_guide2) Command: {'cmd': ['/usr/bin/cmake', '--build', '/home/nebbackwards/WPI/Classes/RBE521/Final/ros_workspace/src/RBE521/unitree_guide2/build/unitree_guide2', '--', '-j16', '-l16'], 'cwd': '/home/nebbackwards/WPI/Classes/RBE521/Final/ros_workspace/src/RBE521/unitree_guide2/build/unitree_guide2', 'env': OrderedDict({'LESSOPEN': '| /usr/bin/lesspipe %s', 'GZ_SIM_RESOURCE_PATH': '/opt/ros/jazzy/share', 'LANGUAGE': '', 'USER': 'nebbackwards', 'GZ_CONFIG_PATH': '/opt/ros/jazzy/opt/gz_sim_vendor/share/gz:/opt/ros/jazzy/opt/sdformat_vendor/share/gz:/opt/ros/jazzy/opt/gz_gui_vendor/share/gz:/opt/ros/jazzy/opt/gz_transport_vendor/share/gz:/opt/ros/jazzy/opt/gz_rendering_vendor/share/gz:/opt/ros/jazzy/opt/gz_plugin_vendor/share/gz:/opt/ros/jazzy/opt/gz_fuel_tools_vendor/share/gz:/opt/ros/jazzy/opt/gz_msgs_vendor/share/gz:/opt/ros/jazzy/opt/gz_common_vendor/share/gz', 'XDG_SESSION_TYPE': 'wayland', 'XCURSOR_SIZE': '24', 'SHLVL': '1', 'LD_LIBRARY_PATH': '/home/nebbackwards/WPI/Classes/RBE521/Final/ros_workspace/install/ros2_unitree_legged_control/lib:/home/nebbackwards/WPI/Classes/RBE521/Final/ros_workspace/install/ros2_unitree_legged_msgs/lib:/opt/ros/jazzy/opt/gz_sim_vendor/lib:/opt/ros/jazzy/opt/gz_sensors_vendor/lib:/opt/ros/jazzy/opt/gz_physics_vendor/lib:/opt/ros/jazzy/opt/sdformat_vendor/lib:/opt/ros/jazzy/opt/rviz_ogre_vendor/lib:/opt/ros/jazzy/lib/x86_64-linux-gnu:/opt/ros/jazzy/opt/gz_gui_vendor/lib:/opt/ros/jazzy/opt/gz_transport_vendor/lib:/opt/ros/jazzy/opt/gz_rendering_vendor/lib:/opt/ros/jazzy/opt/gz_plugin_vendor/lib:/opt/ros/jazzy/opt/gz_fuel_tools_vendor/lib:/opt/ros/jazzy/opt/gz_msgs_vendor/lib:/opt/ros/jazzy/opt/gz_common_vendor/lib:/opt/ros/jazzy/opt/gz_math_vendor/lib:/opt/ros/jazzy/opt/gz_utils_vendor/lib:/opt/ros/jazzy/opt/gz_tools_vendor/lib:/opt/ros/jazzy/opt/gz_ogre_next_vendor/lib:/opt/ros/jazzy/opt/gz_dartsim_vendor/lib:/opt/ros/jazzy/opt/gz_cmake_vendor/lib:/opt/ros/jazzy/lib', 'HOME': '/home/nebbackwards', 'CONDA_SHLVL': '0', 'OLDPWD': '/home/nebbackwards/WPI/Classes/RBE521/Final/ros_workspace/src/RBE521', 'DESKTOP_SESSION': 'ubuntu', 'ROS_PYTHON_VERSION': '3', 'GNOME_SHELL_SESSION_MODE': 'ubuntu', 'GTK_MODULES': 'gail:atk-bridge', 'KB_LAYOUT_DIR': '/usr/lib/x86_64-linux-gnu/qt5/qml/QMLTermWidget/kb-layouts', 'PS1': '\\[\x1b(B\x1b[m\\]\\[\\033[38;5;40m\\]\\u\\[\x1b(B\x1b[m\\]\\[\\033[38;5;40m\\]@\\h\\[\x1b(B\x1b[m\\]\\[\\033[38;5;27m\\]\\w\\e[38;5;196m\\]$(parse_git_branch)\\[\x1b(B\x1b[m\\]\\[\x1b(B\x1b[m\\]\\[\\e[38;5;15m\\] \\[\x1b(B\x1b[m\\]', 'MANAGERPID': '3841', 'SYSTEMD_EXEC_PID': '4339', 'GSM_SKIP_SSH_AGENT_WORKAROUND': 'true', 'DBUS_SESSION_BUS_ADDRESS': 'unix:path=/run/user/1000/bus', 'COLORTERM': 'truecolor', '_CE_M': '', '_CONDA_ROOT': '/home/nebbackwards/miniconda3', 'GIO_LAUNCHED_DESKTOP_FILE_PID': '17754', 'GNOME_KEYRING_CONTROL': '/run/user/1000/keyring', 'DEBUGINFOD_URLS': 'https://debuginfod.ubuntu.com', 'QT_QPA_PLATFORMTHEME': '', 'IM_CONFIG_PHASE': '1', 'WAYLAND_DISPLAY': 'wayland-0', 'COLCON_PREFIX_PATH': '/home/nebbackwards/WPI/Classes/RBE521/Final/ros_workspace/install', 'ROS_DISTRO': 'jazzy', 'LOGNAME': 'nebbackwards', 'WINDOWID': '0', 'JOURNAL_STREAM': '9:30599', '_': '/usr/bin/colcon', 'ROS_VERSION': '2', 'MEMORY_PRESSURE_WATCH': '/sys/fs/cgroup/user.slice/user-1000.slice/user@1000.service/session.slice/org.gnome.SettingsDaemon.MediaKeys.service/memory.pressure', 'XDG_SESSION_CLASS': 'user', 'COLORFGBG': '15;0', 'USERNAME': 'nebbackwards', 'TERM': 'xterm', 'GNOME_DESKTOP_SESSION_ID': 'this-is-deprecated', '_CE_CONDA': '', 'PATH': '/opt/ros/jazzy/opt/gz_msgs_vendor/bin:/opt/ros/jazzy/opt/gz_tools_vendor/bin:/opt/ros/jazzy/opt/gz_ogre_next_vendor/bin:/opt/ros/jazzy/bin:/home/nebbackwards/miniconda3/condabin:/home/nebbackwards/.local/bin:/usr/local/sbin:/usr/local/bin:/usr/sbin:/usr/bin:/sbin:/bin:/usr/games:/usr/local/games:/snap/bin:/snap/bin', 'SESSION_MANAGER': 'local/thinkpad-E16:@/tmp/.ICE-unix/4085,unix/thinkpad-E16:/tmp/.ICE-unix/4085', 'INVOCATION_ID': 'bde06ef6f1b0436fa4a2100dc12ab920', 'XDG_MENU_PREFIX': 'gnome-', 'GNOME_SETUP_DISPLAY': ':1', 'XDG_RUNTIME_DIR': '/run/user/1000', 'XCURSOR_THEME': 'Yaru', 'DISPLAY': ':0', 'LANG': 'en_US.UTF-8', 'XDG_CURRENT_DESKTOP': 'ubuntu:GNOME', 'XMODIFIERS': '@im=ibus', 'XDG_SESSION_DESKTOP': 'ubuntu', 'XAUTHORITY': '/run/user/1000/.mutter-Xwaylandauth.QV91N3', 'LS_COLORS': 'rs=0:di=01;34:ln=01;36:mh=00:pi=40;33:so=01;35:do=01;35:bd=40;33;01:cd=40;33;01:or=40;31;01:mi=00:su=37;41:sg=30;43:ca=00:tw=30;42:ow=34;42:st=37;44:ex=01;32:*.tar=01;31:*.tgz=01;31:*.arc=01;31:*.arj=01;31:*.taz=01;31:*.lha=01;31:*.lz4=01;31:*.lzh=01;31:*.lzma=01;31:*.tlz=01;31:*.txz=01;31:*.tzo=01;31:*.t7z=01;31:*.zip=01;31:*.z=01;31:*.dz=01;31:*.gz=01;31:*.lrz=01;31:*.lz=01;31:*.lzo=01;31:*.xz=01;31:*.zst=01;31:*.tzst=01;31:*.bz2=01;31:*.bz=01;31:*.tbz=01;31:*.tbz2=01;31:*.tz=01;31:*.deb=01;31:*.rpm=01;31:*.jar=01;31:*.war=01;31:*.ear=01;31:*.sar=01;31:*.rar=01;31:*.alz=01;31:*.ace=01;31:*.zoo=01;31:*.cpio=01;31:*.7z=01;31:*.rz=01;31:*.cab=01;31:*.wim=01;31:*.swm=01;31:*.dwm=01;31:*.esd=01;31:*.avif=01;35:*.jpg=01;35:*.jpeg=01;35:*.mjpg=01;35:*.mjpeg=01;35:*.gif=01;35:*.bmp=01;35:*.pbm=01;35:*.pgm=01;35:*.ppm=01;35:*.tga=01;35:*.xbm=01;35:*.xpm=01;35:*.tif=01;35:*.tiff=01;35:*.png=01;35:*.svg=01;35:*.svgz=01;35:*.mng=01;35:*.pcx=01;35:*.mov=01;35:*.mpg=01;35:*.mpeg=01;35:*.m2v=01;35:*.mkv=01;35:*.webm=01;35:*.webp=01;35:*.ogm=01;35:*.mp4=01;35:*.m4v=01;35:*.mp4v=01;35:*.vob=01;35:*.qt=01;35:*.nuv=01;35:*.wmv=01;35:*.asf=01;35:*.rm=01;35:*.rmvb=01;35:*.flc=01;35:*.avi=01;35:*.fli=01;35:*.flv=01;35:*.gl=01;35:*.dl=01;35:*.xcf=01;35:*.xwd=01;35:*.yuv=01;35:*.cgm=01;35:*.emf=01;35:*.ogv=01;35:*.ogx=01;35:*.aac=00;36:*.au=00;36:*.flac=00;36:*.m4a=00;36:*.mid=00;36:*.midi=00;36:*.mka=00;36:*.mp3=00;36:*.mpc=00;36:*.ogg=00;36:*.ra=00;36:*.wav=00;36:*.oga=00;36:*.opus=00;36:*.spx=00;36:*.xspf=00;36:*~=00;90:*#=00;90:*.bak=00;90:*.crdownload=00;90:*.dpkg-dist=00;90:*.dpkg-new=00;90:*.dpkg-old=00;90:*.dpkg-tmp=00;90:*.old=00;90:*.orig=00;90:*.part=00;90:*.rej=00;90:*.rpmnew=00;90:*.rpmorig=00;90:*.rpmsave=00;90:*.swp=00;90:*.tmp=00;90:*.ucf-dist=00;90:*.ucf-new=00;90:*.ucf-old=00;90:', 'SSH_AUTH_SOCK': '/run/user/1000/keyring/ssh', 'AMENT_PREFIX_PATH': '/home/nebbackwards/WPI/Classes/RBE521/Final/ros_workspace/install/unitree_guide2:/home/nebbackwards/WPI/Classes/RBE521/Final/ros_workspace/install/ros2_unitree_legged_control:/home/nebbackwards/WPI/Classes/RBE521/Final/ros_workspace/install/ros2_unitree_legged_msgs:/home/nebbackwards/WPI/Classes/RBE521/Final/ros_workspace/install/go1_navigation:/home/nebbackwards/WPI/Classes/RBE521/Final/ros_workspace/install/go1_gazebo:/home/nebbackwards/WPI/Classes/RBE521/Final/ros_workspace/install/go1_description:/opt/ros/jazzy', 'CONDA_PYTHON_EXE': '/home/nebbackwards/miniconda3/bin/python', 'QSG_RENDER_LOOP': 'threaded', 'SHELL': '/bin/bash', 'QT_ACCESSIBILITY': '1', 'GDMSESSION': 'ubuntu', 'LESSCLOSE': '/usr/bin/lesspipe %s %s', '_CONDA_EXE': '/home/nebbackwards/miniconda3/bin/conda', 'COLORSCHEMES_DIR': '/usr/lib/x86_64-linux-gnu/qt5/qml/QMLTermWidget/color-schemes', 'ROS_AUTOMATIC_DISCOVERY_RANGE': 'SUBNET', 'QT_IM_MODULE': 'ibus', 'PWD': '/home/nebbackwards/WPI/Classes/RBE521/Final/ros_workspace/src/RBE521/unitree_guide2/build/unitree_guide2', 'XDG_CONFIG_DIRS': '/etc/xdg/xdg-ubuntu:/etc/xdg', 'CONDA_EXE': '/home/nebbackwards/miniconda3/bin/conda', 'XDG_DATA_DIRS': '/usr/share/ubuntu:/usr/share/gnome:/home/nebbackwards/.local/share/flatpak/exports/share:/var/lib/flatpak/exports/share:/usr/local/share/:/usr/share/:/var/lib/snapd/desktop', 'PYTHONPATH': '/home/nebbackwards/WPI/Classes/RBE521/Final/ros_workspace/install/ros2_unitree_legged_msgs/lib/python3.12/site-packages:/home/nebbackwards/WPI/Classes/RBE521/Final/ros_workspace/install/go1_navigation/lib/python3.12/site-packages:/opt/ros/jazzy/lib/python3.12/site-packages', 'COLCON': '1', 'MEMORY_PRESSURE_WRITE': 'c29tZSAyMDAwMDAgMjAwMDAwMAA=', 'CMAKE_PREFIX_PATH': '/home/nebbackwards/WPI/Classes/RBE521/Final/ros_workspace/install/unitree_guide2:/home/nebbackwards/WPI/Classes/RBE521/Final/ros_workspace/install/ros2_unitree_legged_control:/home/nebbackwards/WPI/Classes/RBE521/Final/ros_workspace/install/ros2_unitree_legged_msgs:/home/nebbackwards/WPI/Classes/RBE521/Final/ros_workspace/install/go1_gazebo:/home/nebbackwards/WPI/Classes/RBE521/Final/ros_workspace/install/go1_description:/opt/ros/jazzy/opt/gz_sim_vendor:/opt/ros/jazzy/opt/gz_sensors_vendor:/opt/ros/jazzy/opt/gz_physics_vendor:/opt/ros/jazzy/opt/sdformat_vendor:/opt/ros/jazzy/opt/gz_gui_vendor:/opt/ros/jazzy/opt/gz_transport_vendor:/opt/ros/jazzy/opt/gz_rendering_vendor:/opt/ros/jazzy/opt/gz_plugin_vendor:/opt/ros/jazzy/opt/gz_fuel_tools_vendor:/opt/ros/jazzy/opt/gz_msgs_vendor:/opt/ros/jazzy/opt/gz_common_vendor:/opt/ros/jazzy/opt/gz_math_vendor:/opt/ros/jazzy/opt/gz_utils_vendor:/opt/ros/jazzy/opt/gz_tools_vendor:/opt/ros/jazzy/opt/gz_ogre_next_vendor:/opt/ros/jazzy/opt/gz_dartsim_vendor:/opt/ros/jazzy/opt/gz_cmake_vendor:/home/nebbackwards/WPI/Classes/RBE521/Final/ros_workspace/install/go1_navigation:/opt/ros/jazzy'}), 'shell': False}
[0.099641] (-) TimerEvent: {}
[0.200182] (-) TimerEvent: {}
[0.301243] (-) TimerEvent: {}
[0.376010] (unitree_guide2) StdoutLine: {'line': b'[  3%] \x1b[32mBuilding CXX object CMakeFiles/junior_ctrl.dir/src/main.cpp.o\x1b[0m\n'}
[0.379079] (unitree_guide2) StdoutLine: {'line': b'[  6%] \x1b[32mBuilding CXX object CMakeFiles/junior_ctrl.dir/src/FSM/FSM.cpp.o\x1b[0m\n'}
[0.381359] (unitree_guide2) StdoutLine: {'line': b'[ 13%] \x1b[32mBuilding CXX object CMakeFiles/junior_ctrl.dir/src/interface/KeyBoard.cpp.o\x1b[0m\n'}
[0.381973] (unitree_guide2) StdoutLine: {'line': b'[ 13%] \x1b[32mBuilding CXX object CMakeFiles/junior_ctrl.dir/src/FSM/State_move_gait.cpp.o\x1b[0m\n'}
[0.382366] (unitree_guide2) StdoutLine: {'line': b'[ 17%] \x1b[32mBuilding CXX object CMakeFiles/junior_ctrl.dir/src/interface/IOROS.cpp.o\x1b[0m\n'}
[0.384025] (unitree_guide2) StdoutLine: {'line': b'[ 20%] \x1b[32mBuilding CXX object CMakeFiles/junior_ctrl.dir/src/quadProgpp/QuadProg++.cc.o\x1b[0m\n'}
[0.385244] (unitree_guide2) StdoutLine: {'line': b'[ 24%] \x1b[32mBuilding CXX object CMakeFiles/junior_ctrl.dir/src/control/ControlFrame.cpp.o\x1b[0m\n'}
[0.385635] (unitree_guide2) StdoutLine: {'line': b'[ 27%] \x1b[32mBuilding CXX object CMakeFiles/junior_ctrl.dir/src/interface/IOSDK.cpp.o\x1b[0m\n'}
[0.386593] (unitree_guide2) StdoutLine: {'line': b'[ 31%] \x1b[32mBuilding CXX object CMakeFiles/junior_ctrl.dir/src/interface/WirelessHandle.cpp.o\x1b[0m\n'}
[0.387700] (unitree_guide2) StdoutLine: {'line': b'[ 34%] \x1b[32mBuilding CXX object CMakeFiles/junior_ctrl.dir/src/quadProgpp/Array.cc.o\x1b[0m\n'}
[0.401511] (-) TimerEvent: {}
[0.502002] (-) TimerEvent: {}
[0.602487] (-) TimerEvent: {}
[0.702931] (-) TimerEvent: {}
[0.803374] (-) TimerEvent: {}
[0.903811] (-) TimerEvent: {}
[1.004288] (-) TimerEvent: {}
[1.104891] (-) TimerEvent: {}
[1.189091] (unitree_guide2) StderrLine: {'line': b'In file included from \x1b[01m\x1b[K/home/nebbackwards/WPI/Classes/RBE521/Final/ros_workspace/src/RBE521/unitree_guide2/include/interface/KeyBoard.h:14\x1b[m\x1b[K,\n'}
[1.189599] (unitree_guide2) StderrLine: {'line': b'                 from \x1b[01m\x1b[K/home/nebbackwards/WPI/Classes/RBE521/Final/ros_workspace/src/RBE521/unitree_guide2/src/interface/KeyBoard.cpp:4\x1b[m\x1b[K:\n'}
[1.189855] (unitree_guide2) StderrLine: {'line': b'\x1b[01m\x1b[K/home/nebbackwards/WPI/Classes/RBE521/Final/ros_workspace/src/RBE521/unitree_guide2/include/interface/CmdPanel.h:\x1b[m\x1b[K In member function \xe2\x80\x98\x1b[01m\x1b[Kvirtual void* CmdPanel::\x1b[01;32m\x1b[Krun\x1b[m\x1b[K(void*)\x1b[m\x1b[K\xe2\x80\x99:\n'}
[1.190101] (unitree_guide2) StderrLine: {'line': b'\x1b[01m\x1b[K/home/nebbackwards/WPI/Classes/RBE521/Final/ros_workspace/src/RBE521/unitree_guide2/include/interface/CmdPanel.h:50:29:\x1b[m\x1b[K \x1b[01;35m\x1b[Kwarning: \x1b[m\x1b[Kunused parameter \xe2\x80\x98\x1b[01m\x1b[Karg\x1b[m\x1b[K\xe2\x80\x99 [\x1b[01;35m\x1b[K\x1b]8;;https://gcc.gnu.org/onlinedocs/gcc/Warning-Options.html#index-Wunused-parameter\x07-Wunused-parameter\x1b]8;;\x07\x1b[m\x1b[K]\n'}
[1.190393] (unitree_guide2) StderrLine: {'line': b'   50 |     virtual void* run(\x1b[01;35m\x1b[Kvoid *arg\x1b[m\x1b[K){return NULL;}\n'}
[1.190636] (unitree_guide2) StderrLine: {'line': b'      |                       \x1b[01;35m\x1b[K~~~~~~^~~\x1b[m\x1b[K\n'}
[1.205092] (-) TimerEvent: {}
[1.305605] (-) TimerEvent: {}
[1.406108] (-) TimerEvent: {}
[1.506644] (-) TimerEvent: {}
[1.607129] (-) TimerEvent: {}
[1.707663] (-) TimerEvent: {}
[1.808150] (-) TimerEvent: {}
[1.908623] (-) TimerEvent: {}
[2.009071] (-) TimerEvent: {}
[2.090480] (unitree_guide2) StderrLine: {'line': b'\x1b[01m\x1b[K/home/nebbackwards/WPI/Classes/RBE521/Final/ros_workspace/src/RBE521/unitree_guide2/src/quadProgpp/QuadProg++.cc:\x1b[m\x1b[K In function \xe2\x80\x98\x1b[01m\x1b[Kdouble quadprogpp::\x1b[01;32m\x1b[Ksolve_quadprog\x1b[m\x1b[K(Matrix<double>&, Vector<double>&, const Matrix<double>&, const Vector<double>&, const Matrix<double>&, const Vector<double>&, Vector<double>&)\x1b[m\x1b[K\xe2\x80\x99:\n'}
[2.090825] (unitree_guide2) StderrLine: {'line': b'\x1b[01m\x1b[K/home/nebbackwards/WPI/Classes/RBE521/Final/ros_workspace/src/RBE521/unitree_guide2/src/quadProgpp/QuadProg++.cc:84:25:\x1b[m\x1b[K \x1b[01;35m\x1b[Kwarning: \x1b[m\x1b[KISO C++17 does not allow \xe2\x80\x98\x1b[01m\x1b[Kregister\x1b[m\x1b[K\xe2\x80\x99 storage class specifier [\x1b[01;35m\x1b[K\x1b]8;;https://gcc.gnu.org/onlinedocs/gcc/Warning-Options.html#index-Wregister\x07-Wregister\x1b]8;;\x07\x1b[m\x1b[K]\n'}
[2.091046] (unitree_guide2) StderrLine: {'line': b'   84 |   register unsigned int \x1b[01;35m\x1b[Ki\x1b[m\x1b[K, j, k, l; /* indices */\n'}
[2.091371] (unitree_guide2) StderrLine: {'line': b'      |                         \x1b[01;35m\x1b[K^\x1b[m\x1b[K\n'}
[2.091620] (unitree_guide2) StderrLine: {'line': b'\x1b[01m\x1b[K/home/nebbackwards/WPI/Classes/RBE521/Final/ros_workspace/src/RBE521/unitree_guide2/src/quadProgpp/QuadProg++.cc:84:28:\x1b[m\x1b[K \x1b[01;35m\x1b[Kwarning: \x1b[m\x1b[KISO C++17 does not allow \xe2\x80\x98\x1b[01m\x1b[Kregister\x1b[m\x1b[K\xe2\x80\x99 storage class specifier [\x1b[01;35m\x1b[K\x1b]8;;https://gcc.gnu.org/onlinedocs/gcc/Warning-Options.html#index-Wregister\x07-Wregister\x1b]8;;\x07\x1b[m\x1b[K]\n'}
[2.091790] (unitree_guide2) StderrLine: {'line': b'   84 |   register unsigned int i, \x1b[01;35m\x1b[Kj\x1b[m\x1b[K, k, l; /* indices */\n'}
[2.091959] (unitree_guide2) StderrLine: {'line': b'      |                            \x1b[01;35m\x1b[K^\x1b[m\x1b[K\n'}
[2.092136] (unitree_guide2) StderrLine: {'line': b'\x1b[01m\x1b[K/home/nebbackwards/WPI/Classes/RBE521/Final/ros_workspace/src/RBE521/unitree_guide2/src/quadProgpp/QuadProg++.cc:84:31:\x1b[m\x1b[K \x1b[01;35m\x1b[Kwarning: \x1b[m\x1b[KISO C++17 does not allow \xe2\x80\x98\x1b[01m\x1b[Kregister\x1b[m\x1b[K\xe2\x80\x99 storage class specifier [\x1b[01;35m\x1b[K\x1b]8;;https://gcc.gnu.org/onlinedocs/gcc/Warning-Options.html#index-Wregister\x07-Wregister\x1b]8;;\x07\x1b[m\x1b[K]\n'}
[2.092417] (unitree_guide2) StderrLine: {'line': b'   84 |   register unsigned int i, j, \x1b[01;35m\x1b[Kk\x1b[m\x1b[K, l; /* indices */\n'}
[2.092610] (unitree_guide2) StderrLine: {'line': b'      |                               \x1b[01;35m\x1b[K^\x1b[m\x1b[K\n'}
[2.092797] (unitree_guide2) StderrLine: {'line': b'\x1b[01m\x1b[K/home/nebbackwards/WPI/Classes/RBE521/Final/ros_workspace/src/RBE521/unitree_guide2/src/quadProgpp/QuadProg++.cc:84:34:\x1b[m\x1b[K \x1b[01;35m\x1b[Kwarning: \x1b[m\x1b[KISO C++17 does not allow \xe2\x80\x98\x1b[01m\x1b[Kregister\x1b[m\x1b[K\xe2\x80\x99 storage class specifier [\x1b[01;35m\x1b[K\x1b]8;;https://gcc.gnu.org/onlinedocs/gcc/Warning-Options.html#index-Wregister\x07-Wregister\x1b]8;;\x07\x1b[m\x1b[K]\n'}
[2.092992] (unitree_guide2) StderrLine: {'line': b'   84 |   register unsigned int i, j, k, \x1b[01;35m\x1b[Kl\x1b[m\x1b[K; /* indices */\n'}
[2.093203] (unitree_guide2) StderrLine: {'line': b'      |                                  \x1b[01;35m\x1b[K^\x1b[m\x1b[K\n'}
[2.093406] (unitree_guide2) StderrLine: {'line': b'\x1b[01m\x1b[K/home/nebbackwards/WPI/Classes/RBE521/Final/ros_workspace/src/RBE521/unitree_guide2/src/quadProgpp/QuadProg++.cc:120:14:\x1b[m\x1b[K \x1b[01;35m\x1b[Kwarning: \x1b[m\x1b[Kaddress requested for \xe2\x80\x98\x1b[01m\x1b[Ki\x1b[m\x1b[K\xe2\x80\x99, which is declared \xe2\x80\x98\x1b[01m\x1b[Kregister\x1b[m\x1b[K\xe2\x80\x99 [\x1b[01;35m\x1b[K\x1b]8;;https://gcc.gnu.org/onlinedocs/gcc/Warning-Options.html#index-Wextra\x07-Wextra\x1b]8;;\x07\x1b[m\x1b[K]\n'}
[2.093586] (unitree_guide2) StderrLine: {'line': b'  120 |     c1 += G[i\x1b[01;35m\x1b[K]\x1b[m\x1b[K[i];\n'}
[2.094062] (unitree_guide2) StderrLine: {'line': b'      |              \x1b[01;35m\x1b[K^\x1b[m\x1b[K\n'}
[2.094222] (unitree_guide2) StderrLine: {'line': b'\x1b[01m\x1b[K/home/nebbackwards/WPI/Classes/RBE521/Final/ros_workspace/src/RBE521/unitree_guide2/src/quadProgpp/QuadProg++.cc:143:20:\x1b[m\x1b[K \x1b[01;35m\x1b[Kwarning: \x1b[m\x1b[Kaddress requested for \xe2\x80\x98\x1b[01m\x1b[Kj\x1b[m\x1b[K\xe2\x80\x99, which is declared \xe2\x80\x98\x1b[01m\x1b[Kregister\x1b[m\x1b[K\xe2\x80\x99 [\x1b[01;35m\x1b[K\x1b]8;;https://gcc.gnu.org/onlinedocs/gcc/Warning-Options.html#index-Wextra\x07-Wextra\x1b]8;;\x07\x1b[m\x1b[K]\n'}
[2.094509] (unitree_guide2) StderrLine: {'line': b'  143 |       J[i][j] = z[j\x1b[01;35m\x1b[K]\x1b[m\x1b[K;\n'}
[2.094649] (unitree_guide2) StderrLine: {'line': b'      |                    \x1b[01;35m\x1b[K^\x1b[m\x1b[K\n'}
[2.094953] (unitree_guide2) StderrLine: {'line': b'\x1b[01m\x1b[K/home/nebbackwards/WPI/Classes/RBE521/Final/ros_workspace/src/RBE521/unitree_guide2/src/quadProgpp/QuadProg++.cc:192:10:\x1b[m\x1b[K \x1b[01;35m\x1b[Kwarning: \x1b[m\x1b[Kaddress requested for \xe2\x80\x98\x1b[01m\x1b[Kk\x1b[m\x1b[K\xe2\x80\x99, which is declared \xe2\x80\x98\x1b[01m\x1b[Kregister\x1b[m\x1b[K\xe2\x80\x99 [\x1b[01;35m\x1b[K\x1b]8;;https://gcc.gnu.org/onlinedocs/gcc/Warning-Options.html#index-Wextra\x07-Wextra\x1b]8;;\x07\x1b[m\x1b[K]\n'}
[2.095124] (unitree_guide2) StderrLine: {'line': b'  192 |       x[k\x1b[01;35m\x1b[K]\x1b[m\x1b[K += t2 * z[k];\n'}
[2.095347] (unitree_guide2) StderrLine: {'line': b'      |          \x1b[01;35m\x1b[K^\x1b[m\x1b[K\n'}
[2.095463] (unitree_guide2) StderrLine: {'line': b'\x1b[01m\x1b[K/home/nebbackwards/WPI/Classes/RBE521/Final/ros_workspace/src/RBE521/unitree_guide2/src/quadProgpp/QuadProg++.cc:351:10:\x1b[m\x1b[K \x1b[01;35m\x1b[Kwarning: \x1b[m\x1b[Kaddress requested for \xe2\x80\x98\x1b[01m\x1b[Kl\x1b[m\x1b[K\xe2\x80\x99, which is declared \xe2\x80\x98\x1b[01m\x1b[Kregister\x1b[m\x1b[K\xe2\x80\x99 [\x1b[01;35m\x1b[K\x1b]8;;https://gcc.gnu.org/onlinedocs/gcc/Warning-Options.html#index-Wextra\x07-Wextra\x1b]8;;\x07\x1b[m\x1b[K]\n'}
[2.095568] (unitree_guide2) StderrLine: {'line': b'  351 |     iai[l\x1b[01;35m\x1b[K]\x1b[m\x1b[K = l;\n'}
[2.095667] (unitree_guide2) StderrLine: {'line': b'      |          \x1b[01;35m\x1b[K^\x1b[m\x1b[K\n'}
[2.095763] (unitree_guide2) StderrLine: {'line': b'\x1b[01m\x1b[K/home/nebbackwards/WPI/Classes/RBE521/Final/ros_workspace/src/RBE521/unitree_guide2/src/quadProgpp/QuadProg++.cc:\x1b[m\x1b[K In function \xe2\x80\x98\x1b[01m\x1b[Kvoid quadprogpp::\x1b[01;32m\x1b[Kcompute_d\x1b[m\x1b[K(Vector<double>&, const Matrix<double>&, const Vector<double>&)\x1b[m\x1b[K\xe2\x80\x99:\n'}
[2.096056] (unitree_guide2) StderrLine: {'line': b'\x1b[01m\x1b[K/home/nebbackwards/WPI/Classes/RBE521/Final/ros_workspace/src/RBE521/unitree_guide2/src/quadProgpp/QuadProg++.cc:449:16:\x1b[m\x1b[K \x1b[01;35m\x1b[Kwarning: \x1b[m\x1b[KISO C++17 does not allow \xe2\x80\x98\x1b[01m\x1b[Kregister\x1b[m\x1b[K\xe2\x80\x99 storage class specifier [\x1b[01;35m\x1b[K\x1b]8;;https://gcc.gnu.org/onlinedocs/gcc/Warning-Options.html#index-Wregister\x07-Wregister\x1b]8;;\x07\x1b[m\x1b[K]\n'}
[2.096164] (unitree_guide2) StderrLine: {'line': b'  449 |   register int \x1b[01;35m\x1b[Ki\x1b[m\x1b[K, j, n = d.size();\n'}
[2.096300] (unitree_guide2) StderrLine: {'line': b'      |                \x1b[01;35m\x1b[K^\x1b[m\x1b[K\n'}
[2.096399] (unitree_guide2) StderrLine: {'line': b'\x1b[01m\x1b[K/home/nebbackwards/WPI/Classes/RBE521/Final/ros_workspace/src/RBE521/unitree_guide2/src/quadProgpp/QuadProg++.cc:449:19:\x1b[m\x1b[K \x1b[01;35m\x1b[Kwarning: \x1b[m\x1b[KISO C++17 does not allow \xe2\x80\x98\x1b[01m\x1b[Kregister\x1b[m\x1b[K\xe2\x80\x99 storage class specifier [\x1b[01;35m\x1b[K\x1b]8;;https://gcc.gnu.org/onlinedocs/gcc/Warning-Options.html#index-Wregister\x07-Wregister\x1b]8;;\x07\x1b[m\x1b[K]\n'}
[2.096503] (unitree_guide2) StderrLine: {'line': b'  449 |   register int i, \x1b[01;35m\x1b[Kj\x1b[m\x1b[K, n = d.size();\n'}
[2.096597] (unitree_guide2) StderrLine: {'line': b'      |                   \x1b[01;35m\x1b[K^\x1b[m\x1b[K\n'}
[2.096694] (unitree_guide2) StderrLine: {'line': b'\x1b[01m\x1b[K/home/nebbackwards/WPI/Classes/RBE521/Final/ros_workspace/src/RBE521/unitree_guide2/src/quadProgpp/QuadProg++.cc:449:22:\x1b[m\x1b[K \x1b[01;35m\x1b[Kwarning: \x1b[m\x1b[KISO C++17 does not allow \xe2\x80\x98\x1b[01m\x1b[Kregister\x1b[m\x1b[K\xe2\x80\x99 storage class specifier [\x1b[01;35m\x1b[K\x1b]8;;https://gcc.gnu.org/onlinedocs/gcc/Warning-Options.html#index-Wregister\x07-Wregister\x1b]8;;\x07\x1b[m\x1b[K]\n'}
[2.096862] (unitree_guide2) StderrLine: {'line': b'  449 |   register int i, j, \x1b[01;35m\x1b[Kn\x1b[m\x1b[K = d.size();\n'}
[2.096966] (unitree_guide2) StderrLine: {'line': b'      |                      \x1b[01;35m\x1b[K^\x1b[m\x1b[K\n'}
[2.097060] (unitree_guide2) StderrLine: {'line': b'\x1b[01m\x1b[K/home/nebbackwards/WPI/Classes/RBE521/Final/ros_workspace/src/RBE521/unitree_guide2/src/quadProgpp/QuadProg++.cc:450:19:\x1b[m\x1b[K \x1b[01;35m\x1b[Kwarning: \x1b[m\x1b[KISO C++17 does not allow \xe2\x80\x98\x1b[01m\x1b[Kregister\x1b[m\x1b[K\xe2\x80\x99 storage class specifier [\x1b[01;35m\x1b[K\x1b]8;;https://gcc.gnu.org/onlinedocs/gcc/Warning-Options.html#index-Wregister\x07-Wregister\x1b]8;;\x07\x1b[m\x1b[K]\n'}
[2.097155] (unitree_guide2) StderrLine: {'line': b'  450 |   register double \x1b[01;35m\x1b[Ksum\x1b[m\x1b[K;\n'}
[2.097280] (unitree_guide2) StderrLine: {'line': b'      |                   \x1b[01;35m\x1b[K^~~\x1b[m\x1b[K\n'}
[2.097385] (unitree_guide2) StderrLine: {'line': b'\x1b[01m\x1b[K/home/nebbackwards/WPI/Classes/RBE521/Final/ros_workspace/src/RBE521/unitree_guide2/src/quadProgpp/QuadProg++.cc:\x1b[m\x1b[K In function \xe2\x80\x98\x1b[01m\x1b[Kvoid quadprogpp::\x1b[01;32m\x1b[Kupdate_z\x1b[m\x1b[K(Vector<double>&, const Matrix<double>&, const Vector<double>&, int)\x1b[m\x1b[K\xe2\x80\x99:\n'}
[2.097563] (unitree_guide2) StderrLine: {'line': b'\x1b[01m\x1b[K/home/nebbackwards/WPI/Classes/RBE521/Final/ros_workspace/src/RBE521/unitree_guide2/src/quadProgpp/QuadProg++.cc:464:16:\x1b[m\x1b[K \x1b[01;35m\x1b[Kwarning: \x1b[m\x1b[KISO C++17 does not allow \xe2\x80\x98\x1b[01m\x1b[Kregister\x1b[m\x1b[K\xe2\x80\x99 storage class specifier [\x1b[01;35m\x1b[K\x1b]8;;https://gcc.gnu.org/onlinedocs/gcc/Warning-Options.html#index-Wregister\x07-Wregister\x1b]8;;\x07\x1b[m\x1b[K]\n'}
[2.097670] (unitree_guide2) StderrLine: {'line': b'  464 |   register int \x1b[01;35m\x1b[Ki\x1b[m\x1b[K, j, n = z.size();\n'}
[2.097772] (unitree_guide2) StderrLine: {'line': b'      |                \x1b[01;35m\x1b[K^\x1b[m\x1b[K\n'}
[2.097878] (unitree_guide2) StderrLine: {'line': b'\x1b[01m\x1b[K/home/nebbackwards/WPI/Classes/RBE521/Final/ros_workspace/src/RBE521/unitree_guide2/src/quadProgpp/QuadProg++.cc:464:19:\x1b[m\x1b[K \x1b[01;35m\x1b[Kwarning: \x1b[m\x1b[KISO C++17 does not allow \xe2\x80\x98\x1b[01m\x1b[Kregister\x1b[m\x1b[K\xe2\x80\x99 storage class specifier [\x1b[01;35m\x1b[K\x1b]8;;https://gcc.gnu.org/onlinedocs/gcc/Warning-Options.html#index-Wregister\x07-Wregister\x1b]8;;\x07\x1b[m\x1b[K]\n'}
[2.098474] (unitree_guide2) StderrLine: {'line': b'  464 |   register int i, \x1b[01;35m\x1b[Kj\x1b[m\x1b[K, n = z.size();\n'}
[2.098601] (unitree_guide2) StderrLine: {'line': b'      |                   \x1b[01;35m\x1b[K^\x1b[m\x1b[K\n'}
[2.098720] (unitree_guide2) StderrLine: {'line': b'\x1b[01m\x1b[K/home/nebbackwards/WPI/Classes/RBE521/Final/ros_workspace/src/RBE521/unitree_guide2/src/quadProgpp/QuadProg++.cc:464:22:\x1b[m\x1b[K \x1b[01;35m\x1b[Kwarning: \x1b[m\x1b[KISO C++17 does not allow \xe2\x80\x98\x1b[01m\x1b[Kregister\x1b[m\x1b[K\xe2\x80\x99 storage class specifier [\x1b[01;35m\x1b[K\x1b]8;;https://gcc.gnu.org/onlinedocs/gcc/Warning-Options.html#index-Wregister\x07-Wregister\x1b]8;;\x07\x1b[m\x1b[K]\n'}
[2.098829] (unitree_guide2) StderrLine: {'line': b'  464 |   register int i, j, \x1b[01;35m\x1b[Kn\x1b[m\x1b[K = z.size();\n'}
[2.098927] (unitree_guide2) StderrLine: {'line': b'      |                      \x1b[01;35m\x1b[K^\x1b[m\x1b[K\n'}
[2.099025] (unitree_guide2) StderrLine: {'line': b'\x1b[01m\x1b[K/home/nebbackwards/WPI/Classes/RBE521/Final/ros_workspace/src/RBE521/unitree_guide2/src/quadProgpp/QuadProg++.cc:\x1b[m\x1b[K In function \xe2\x80\x98\x1b[01m\x1b[Kvoid quadprogpp::\x1b[01;32m\x1b[Kupdate_r\x1b[m\x1b[K(const Matrix<double>&, Vector<double>&, const Vector<double>&, int)\x1b[m\x1b[K\xe2\x80\x99:\n'}
[2.099123] (unitree_guide2) StderrLine: {'line': b'\x1b[01m\x1b[K/home/nebbackwards/WPI/Classes/RBE521/Final/ros_workspace/src/RBE521/unitree_guide2/src/quadProgpp/QuadProg++.cc:477:16:\x1b[m\x1b[K \x1b[01;35m\x1b[Kwarning: \x1b[m\x1b[KISO C++17 does not allow \xe2\x80\x98\x1b[01m\x1b[Kregister\x1b[m\x1b[K\xe2\x80\x99 storage class specifier [\x1b[01;35m\x1b[K\x1b]8;;https://gcc.gnu.org/onlinedocs/gcc/Warning-Options.html#index-Wregister\x07-Wregister\x1b]8;;\x07\x1b[m\x1b[K]\n'}
[2.099223] (unitree_guide2) StderrLine: {'line': b'  477 |   register int \x1b[01;35m\x1b[Ki\x1b[m\x1b[K, j;\n'}
[2.099336] (unitree_guide2) StderrLine: {'line': b'      |                \x1b[01;35m\x1b[K^\x1b[m\x1b[K\n'}
[2.099433] (unitree_guide2) StderrLine: {'line': b'\x1b[01m\x1b[K/home/nebbackwards/WPI/Classes/RBE521/Final/ros_workspace/src/RBE521/unitree_guide2/src/quadProgpp/QuadProg++.cc:477:19:\x1b[m\x1b[K \x1b[01;35m\x1b[Kwarning: \x1b[m\x1b[KISO C++17 does not allow \xe2\x80\x98\x1b[01m\x1b[Kregister\x1b[m\x1b[K\xe2\x80\x99 storage class specifier [\x1b[01;35m\x1b[K\x1b]8;;https://gcc.gnu.org/onlinedocs/gcc/Warning-Options.html#index-Wregister\x07-Wregister\x1b]8;;\x07\x1b[m\x1b[K]\n'}
[2.099548] (unitree_guide2) StderrLine: {'line': b'  477 |   register int i, \x1b[01;35m\x1b[Kj\x1b[m\x1b[K;\n'}
[2.099652] (unitree_guide2) StderrLine: {'line': b'      |                   \x1b[01;35m\x1b[K^\x1b[m\x1b[K\n'}
[2.099749] (unitree_guide2) StderrLine: {'line': b'\x1b[01m\x1b[K/home/nebbackwards/WPI/Classes/RBE521/Final/ros_workspace/src/RBE521/unitree_guide2/src/quadProgpp/QuadProg++.cc:478:19:\x1b[m\x1b[K \x1b[01;35m\x1b[Kwarning: \x1b[m\x1b[KISO C++17 does not allow \xe2\x80\x98\x1b[01m\x1b[Kregister\x1b[m\x1b[K\xe2\x80\x99 storage class specifier [\x1b[01;35m\x1b[K\x1b]8;;https://gcc.gnu.org/onlinedocs/gcc/Warning-Options.html#index-Wregister\x07-Wregister\x1b]8;;\x07\x1b[m\x1b[K]\n'}
[2.099851] (unitree_guide2) StderrLine: {'line': b'  478 |   register double \x1b[01;35m\x1b[Ksum\x1b[m\x1b[K;\n'}
[2.100205] (unitree_guide2) StderrLine: {'line': b'      |                   \x1b[01;35m\x1b[K^~~\x1b[m\x1b[K\n'}
[2.100374] (unitree_guide2) StderrLine: {'line': b'\x1b[01m\x1b[K/home/nebbackwards/WPI/Classes/RBE521/Final/ros_workspace/src/RBE521/unitree_guide2/src/quadProgpp/QuadProg++.cc:\x1b[m\x1b[K In function \xe2\x80\x98\x1b[01m\x1b[Kbool quadprogpp::\x1b[01;32m\x1b[Kadd_constraint\x1b[m\x1b[K(Matrix<double>&, Matrix<double>&, Vector<double>&, unsigned int&, double&)\x1b[m\x1b[K\xe2\x80\x99:\n'}
[2.100495] (unitree_guide2) StderrLine: {'line': b'\x1b[01m\x1b[K/home/nebbackwards/WPI/Classes/RBE521/Final/ros_workspace/src/RBE521/unitree_guide2/src/quadProgpp/QuadProg++.cc:496:25:\x1b[m\x1b[K \x1b[01;35m\x1b[Kwarning: \x1b[m\x1b[KISO C++17 does not allow \xe2\x80\x98\x1b[01m\x1b[Kregister\x1b[m\x1b[K\xe2\x80\x99 storage class specifier [\x1b[01;35m\x1b[K\x1b]8;;https://gcc.gnu.org/onlinedocs/gcc/Warning-Options.html#index-Wregister\x07-Wregister\x1b]8;;\x07\x1b[m\x1b[K]\n'}
[2.100622] (unitree_guide2) StderrLine: {'line': b'  496 |   register unsigned int \x1b[01;35m\x1b[Ki\x1b[m\x1b[K, j, k;\n'}
[2.100728] (unitree_guide2) StderrLine: {'line': b'      |                         \x1b[01;35m\x1b[K^\x1b[m\x1b[K\n'}
[2.100826] (unitree_guide2) StderrLine: {'line': b'\x1b[01m\x1b[K/home/nebbackwards/WPI/Classes/RBE521/Final/ros_workspace/src/RBE521/unitree_guide2/src/quadProgpp/QuadProg++.cc:496:28:\x1b[m\x1b[K \x1b[01;35m\x1b[Kwarning: \x1b[m\x1b[KISO C++17 does not allow \xe2\x80\x98\x1b[01m\x1b[Kregister\x1b[m\x1b[K\xe2\x80\x99 storage class specifier [\x1b[01;35m\x1b[K\x1b]8;;https://gcc.gnu.org/onlinedocs/gcc/Warning-Options.html#index-Wregister\x07-Wregister\x1b]8;;\x07\x1b[m\x1b[K]\n'}
[2.100936] (unitree_guide2) StderrLine: {'line': b'  496 |   register unsigned int i, \x1b[01;35m\x1b[Kj\x1b[m\x1b[K, k;\n'}
[2.101033] (unitree_guide2) StderrLine: {'line': b'      |                            \x1b[01;35m\x1b[K^\x1b[m\x1b[K\n'}
[2.101134] (unitree_guide2) StderrLine: {'line': b'\x1b[01m\x1b[K/home/nebbackwards/WPI/Classes/RBE521/Final/ros_workspace/src/RBE521/unitree_guide2/src/quadProgpp/QuadProg++.cc:496:31:\x1b[m\x1b[K \x1b[01;35m\x1b[Kwarning: \x1b[m\x1b[KISO C++17 does not allow \xe2\x80\x98\x1b[01m\x1b[Kregister\x1b[m\x1b[K\xe2\x80\x99 storage class specifier [\x1b[01;35m\x1b[K\x1b]8;;https://gcc.gnu.org/onlinedocs/gcc/Warning-Options.html#index-Wregister\x07-Wregister\x1b]8;;\x07\x1b[m\x1b[K]\n'}
[2.101241] (unitree_guide2) StderrLine: {'line': b'  496 |   register unsigned int i, j, \x1b[01;35m\x1b[Kk\x1b[m\x1b[K;\n'}
[2.101364] (unitree_guide2) StderrLine: {'line': b'      |                               \x1b[01;35m\x1b[K^\x1b[m\x1b[K\n'}
[2.101462] (unitree_guide2) StderrLine: {'line': b'\x1b[01m\x1b[K/home/nebbackwards/WPI/Classes/RBE521/Final/ros_workspace/src/RBE521/unitree_guide2/src/quadProgpp/QuadProg++.cc:514:13:\x1b[m\x1b[K \x1b[01;35m\x1b[Kwarning: \x1b[m\x1b[Kaddress requested for \xe2\x80\x98\x1b[01m\x1b[Kj\x1b[m\x1b[K\xe2\x80\x99, which is declared \xe2\x80\x98\x1b[01m\x1b[Kregister\x1b[m\x1b[K\xe2\x80\x99 [\x1b[01;35m\x1b[K\x1b]8;;https://gcc.gnu.org/onlinedocs/gcc/Warning-Options.html#index-Wextra\x07-Wextra\x1b]8;;\x07\x1b[m\x1b[K]\n'}
[2.101613] (unitree_guide2) StderrLine: {'line': b'  514 |     ss = d[j\x1b[01;35m\x1b[K]\x1b[m\x1b[K;\n'}
[2.101768] (unitree_guide2) StderrLine: {'line': b'      |             \x1b[01;35m\x1b[K^\x1b[m\x1b[K\n'}
[2.101935] (unitree_guide2) StderrLine: {'line': b'\x1b[01m\x1b[K/home/nebbackwards/WPI/Classes/RBE521/Final/ros_workspace/src/RBE521/unitree_guide2/src/quadProgpp/QuadProg++.cc:532:15:\x1b[m\x1b[K \x1b[01;35m\x1b[Kwarning: \x1b[m\x1b[Kaddress requested for \xe2\x80\x98\x1b[01m\x1b[Kk\x1b[m\x1b[K\xe2\x80\x99, which is declared \xe2\x80\x98\x1b[01m\x1b[Kregister\x1b[m\x1b[K\xe2\x80\x99 [\x1b[01;35m\x1b[K\x1b]8;;https://gcc.gnu.org/onlinedocs/gcc/Warning-Options.html#index-Wextra\x07-Wextra\x1b]8;;\x07\x1b[m\x1b[K]\n'}
[2.102112] (unitree_guide2) StderrLine: {'line': b'  532 |       t1 = J[k\x1b[01;35m\x1b[K]\x1b[m\x1b[K[j - 1];\n'}
[2.102299] (unitree_guide2) StderrLine: {'line': b'      |               \x1b[01;35m\x1b[K^\x1b[m\x1b[K\n'}
[2.102427] (unitree_guide2) StderrLine: {'line': b'\x1b[01m\x1b[K/home/nebbackwards/WPI/Classes/RBE521/Final/ros_workspace/src/RBE521/unitree_guide2/src/quadProgpp/QuadProg++.cc:544:8:\x1b[m\x1b[K \x1b[01;35m\x1b[Kwarning: \x1b[m\x1b[Kaddress requested for \xe2\x80\x98\x1b[01m\x1b[Ki\x1b[m\x1b[K\xe2\x80\x99, which is declared \xe2\x80\x98\x1b[01m\x1b[Kregister\x1b[m\x1b[K\xe2\x80\x99 [\x1b[01;35m\x1b[K\x1b]8;;https://gcc.gnu.org/onlinedocs/gcc/Warning-Options.html#index-Wextra\x07-Wextra\x1b]8;;\x07\x1b[m\x1b[K]\n'}
[2.102569] (unitree_guide2) StderrLine: {'line': b'  544 |     R[i\x1b[01;35m\x1b[K]\x1b[m\x1b[K[iq - 1] = d[i];\n'}
[2.102714] (unitree_guide2) StderrLine: {'line': b'      |        \x1b[01;35m\x1b[K^\x1b[m\x1b[K\n'}
[2.102863] (unitree_guide2) StderrLine: {'line': b'\x1b[01m\x1b[K/home/nebbackwards/WPI/Classes/RBE521/Final/ros_workspace/src/RBE521/unitree_guide2/src/quadProgpp/QuadProg++.cc:\x1b[m\x1b[K In function \xe2\x80\x98\x1b[01m\x1b[Kvoid quadprogpp::\x1b[01;32m\x1b[Kdelete_constraint\x1b[m\x1b[K(Matrix<double>&, Matrix<double>&, Vector<int>&, Vector<double>&, unsigned int, int, unsigned int&, int)\x1b[m\x1b[K\xe2\x80\x99:\n'}
[2.103030] (unitree_guide2) StderrLine: {'line': b'\x1b[01m\x1b[K/home/nebbackwards/WPI/Classes/RBE521/Final/ros_workspace/src/RBE521/unitree_guide2/src/quadProgpp/QuadProg++.cc:566:25:\x1b[m\x1b[K \x1b[01;35m\x1b[Kwarning: \x1b[m\x1b[KISO C++17 does not allow \xe2\x80\x98\x1b[01m\x1b[Kregister\x1b[m\x1b[K\xe2\x80\x99 storage class specifier [\x1b[01;35m\x1b[K\x1b]8;;https://gcc.gnu.org/onlinedocs/gcc/Warning-Options.html#index-Wregister\x07-Wregister\x1b]8;;\x07\x1b[m\x1b[K]\n'}
[2.103173] (unitree_guide2) StderrLine: {'line': b'  566 |   register unsigned int \x1b[01;35m\x1b[Ki\x1b[m\x1b[K, j, k, qq = 0; // just to prevent warnings from smart compilers\n'}
[2.103305] (unitree_guide2) StderrLine: {'line': b'      |                         \x1b[01;35m\x1b[K^\x1b[m\x1b[K\n'}
[2.103413] (unitree_guide2) StderrLine: {'line': b'\x1b[01m\x1b[K/home/nebbackwards/WPI/Classes/RBE521/Final/ros_workspace/src/RBE521/unitree_guide2/src/quadProgpp/QuadProg++.cc:566:28:\x1b[m\x1b[K \x1b[01;35m\x1b[Kwarning: \x1b[m\x1b[KISO C++17 does not allow \xe2\x80\x98\x1b[01m\x1b[Kregister\x1b[m\x1b[K\xe2\x80\x99 storage class specifier [\x1b[01;35m\x1b[K\x1b]8;;https://gcc.gnu.org/onlinedocs/gcc/Warning-Options.html#index-Wregister\x07-Wregister\x1b]8;;\x07\x1b[m\x1b[K]\n'}
[2.103512] (unitree_guide2) StderrLine: {'line': b'  566 |   register unsigned int i, \x1b[01;35m\x1b[Kj\x1b[m\x1b[K, k, qq = 0; // just to prevent warnings from smart compilers\n'}
[2.103608] (unitree_guide2) StderrLine: {'line': b'      |                            \x1b[01;35m\x1b[K^\x1b[m\x1b[K\n'}
[2.103710] (unitree_guide2) StderrLine: {'line': b'\x1b[01m\x1b[K/home/nebbackwards/WPI/Classes/RBE521/Final/ros_workspace/src/RBE521/unitree_guide2/src/quadProgpp/QuadProg++.cc:566:31:\x1b[m\x1b[K \x1b[01;35m\x1b[Kwarning: \x1b[m\x1b[KISO C++17 does not allow \xe2\x80\x98\x1b[01m\x1b[Kregister\x1b[m\x1b[K\xe2\x80\x99 storage class specifier [\x1b[01;35m\x1b[K\x1b]8;;https://gcc.gnu.org/onlinedocs/gcc/Warning-Options.html#index-Wregister\x07-Wregister\x1b]8;;\x07\x1b[m\x1b[K]\n'}
[2.103826] (unitree_guide2) StderrLine: {'line': b'  566 |   register unsigned int i, j, \x1b[01;35m\x1b[Kk\x1b[m\x1b[K, qq = 0; // just to prevent warnings from smart compilers\n'}
[2.103927] (unitree_guide2) StderrLine: {'line': b'      |                               \x1b[01;35m\x1b[K^\x1b[m\x1b[K\n'}
[2.104079] (unitree_guide2) StderrLine: {'line': b'\x1b[01m\x1b[K/home/nebbackwards/WPI/Classes/RBE521/Final/ros_workspace/src/RBE521/unitree_guide2/src/quadProgpp/QuadProg++.cc:566:34:\x1b[m\x1b[K \x1b[01;35m\x1b[Kwarning: \x1b[m\x1b[KISO C++17 does not allow \xe2\x80\x98\x1b[01m\x1b[Kregister\x1b[m\x1b[K\xe2\x80\x99 storage class specifier [\x1b[01;35m\x1b[K\x1b]8;;https://gcc.gnu.org/onlinedocs/gcc/Warning-Options.html#index-Wregister\x07-Wregister\x1b]8;;\x07\x1b[m\x1b[K]\n'}
[2.104221] (unitree_guide2) StderrLine: {'line': b'  566 |   register unsigned int i, j, k, \x1b[01;35m\x1b[Kqq\x1b[m\x1b[K = 0; // just to prevent warnings from smart compilers\n'}
[2.104346] (unitree_guide2) StderrLine: {'line': b'      |                                  \x1b[01;35m\x1b[K^~\x1b[m\x1b[K\n'}
[2.104445] (unitree_guide2) StderrLine: {'line': b'\x1b[01m\x1b[K/home/nebbackwards/WPI/Classes/RBE521/Final/ros_workspace/src/RBE521/unitree_guide2/src/quadProgpp/QuadProg++.cc:572:12:\x1b[m\x1b[K \x1b[01;35m\x1b[Kwarning: \x1b[m\x1b[Kaddress requested for \xe2\x80\x98\x1b[01m\x1b[Ki\x1b[m\x1b[K\xe2\x80\x99, which is declared \xe2\x80\x98\x1b[01m\x1b[Kregister\x1b[m\x1b[K\xe2\x80\x99 [\x1b[01;35m\x1b[K\x1b]8;;https://gcc.gnu.org/onlinedocs/gcc/Warning-Options.html#index-Wextra\x07-Wextra\x1b]8;;\x07\x1b[m\x1b[K]\n'}
[2.104544] (unitree_guide2) StderrLine: {'line': b'  572 |     if (A[i\x1b[01;35m\x1b[K]\x1b[m\x1b[K == l)\n'}
[2.104650] (unitree_guide2) StderrLine: {'line': b'      |            \x1b[01;35m\x1b[K^\x1b[m\x1b[K\n'}
[2.104746] (unitree_guide2) StderrLine: {'line': b'\x1b[01m\x1b[K/home/nebbackwards/WPI/Classes/RBE521/Final/ros_workspace/src/RBE521/unitree_guide2/src/quadProgpp/QuadProg++.cc:591:12:\x1b[m\x1b[K \x1b[01;35m\x1b[Kwarning: \x1b[m\x1b[Kaddress requested for \xe2\x80\x98\x1b[01m\x1b[Kj\x1b[m\x1b[K\xe2\x80\x99, which is declared \xe2\x80\x98\x1b[01m\x1b[Kregister\x1b[m\x1b[K\xe2\x80\x99 [\x1b[01;35m\x1b[K\x1b]8;;https://gcc.gnu.org/onlinedocs/gcc/Warning-Options.html#index-Wextra\x07-Wextra\x1b]8;;\x07\x1b[m\x1b[K]\n'}
[2.104857] (unitree_guide2) StderrLine: {'line': b'  591 |         R[j\x1b[01;35m\x1b[K]\x1b[m\x1b[K[i] = R[j][i + 1];\n'}
[2.104954] (unitree_guide2) StderrLine: {'line': b'      |            \x1b[01;35m\x1b[K^\x1b[m\x1b[K\n'}
[2.105054] (unitree_guide2) StderrLine: {'line': b'\x1b[01m\x1b[K/home/nebbackwards/WPI/Classes/RBE521/Final/ros_workspace/src/RBE521/unitree_guide2/src/quadProgpp/QuadProg++.cc:638:15:\x1b[m\x1b[K \x1b[01;35m\x1b[Kwarning: \x1b[m\x1b[Kaddress requested for \xe2\x80\x98\x1b[01m\x1b[Kk\x1b[m\x1b[K\xe2\x80\x99, which is declared \xe2\x80\x98\x1b[01m\x1b[Kregister\x1b[m\x1b[K\xe2\x80\x99 [\x1b[01;35m\x1b[K\x1b]8;;https://gcc.gnu.org/onlinedocs/gcc/Warning-Options.html#index-Wextra\x07-Wextra\x1b]8;;\x07\x1b[m\x1b[K]\n'}
[2.105161] (unitree_guide2) StderrLine: {'line': b'  638 |       t1 = J[k\x1b[01;35m\x1b[K]\x1b[m\x1b[K[j];\n'}
[2.105276] (unitree_guide2) StderrLine: {'line': b'      |               \x1b[01;35m\x1b[K^\x1b[m\x1b[K\n'}
[2.105375] (unitree_guide2) StderrLine: {'line': b'\x1b[01m\x1b[K/home/nebbackwards/WPI/Classes/RBE521/Final/ros_workspace/src/RBE521/unitree_guide2/src/quadProgpp/QuadProg++.cc:\x1b[m\x1b[K In function \xe2\x80\x98\x1b[01m\x1b[Kdouble quadprogpp::\x1b[01;32m\x1b[Kdistance\x1b[m\x1b[K(double, double)\x1b[m\x1b[K\xe2\x80\x99:\n'}
[2.105470] (unitree_guide2) StderrLine: {'line': b'\x1b[01m\x1b[K/home/nebbackwards/WPI/Classes/RBE521/Final/ros_workspace/src/RBE521/unitree_guide2/src/quadProgpp/QuadProg++.cc:648:19:\x1b[m\x1b[K \x1b[01;35m\x1b[Kwarning: \x1b[m\x1b[KISO C++17 does not allow \xe2\x80\x98\x1b[01m\x1b[Kregister\x1b[m\x1b[K\xe2\x80\x99 storage class specifier [\x1b[01;35m\x1b[K\x1b]8;;https://gcc.gnu.org/onlinedocs/gcc/Warning-Options.html#index-Wregister\x07-Wregister\x1b]8;;\x07\x1b[m\x1b[K]\n'}
[2.105569] (unitree_guide2) StderrLine: {'line': b'  648 |   register double \x1b[01;35m\x1b[Ka1\x1b[m\x1b[K, b1, t;\n'}
[2.105664] (unitree_guide2) StderrLine: {'line': b'      |                   \x1b[01;35m\x1b[K^~\x1b[m\x1b[K\n'}
[2.105767] (unitree_guide2) StderrLine: {'line': b'\x1b[01m\x1b[K/home/nebbackwards/WPI/Classes/RBE521/Final/ros_workspace/src/RBE521/unitree_guide2/src/quadProgpp/QuadProg++.cc:648:23:\x1b[m\x1b[K \x1b[01;35m\x1b[Kwarning: \x1b[m\x1b[KISO C++17 does not allow \xe2\x80\x98\x1b[01m\x1b[Kregister\x1b[m\x1b[K\xe2\x80\x99 storage class specifier [\x1b[01;35m\x1b[K\x1b]8;;https://gcc.gnu.org/onlinedocs/gcc/Warning-Options.html#index-Wregister\x07-Wregister\x1b]8;;\x07\x1b[m\x1b[K]\n'}
[2.105879] (unitree_guide2) StderrLine: {'line': b'  648 |   register double a1, \x1b[01;35m\x1b[Kb1\x1b[m\x1b[K, t;\n'}
[2.106013] (unitree_guide2) StderrLine: {'line': b'      |                       \x1b[01;35m\x1b[K^~\x1b[m\x1b[K\n'}
[2.106146] (unitree_guide2) StderrLine: {'line': b'\x1b[01m\x1b[K/home/nebbackwards/WPI/Classes/RBE521/Final/ros_workspace/src/RBE521/unitree_guide2/src/quadProgpp/QuadProg++.cc:648:27:\x1b[m\x1b[K \x1b[01;35m\x1b[Kwarning: \x1b[m\x1b[KISO C++17 does not allow \xe2\x80\x98\x1b[01m\x1b[Kregister\x1b[m\x1b[K\xe2\x80\x99 storage class specifier [\x1b[01;35m\x1b[K\x1b]8;;https://gcc.gnu.org/onlinedocs/gcc/Warning-Options.html#index-Wregister\x07-Wregister\x1b]8;;\x07\x1b[m\x1b[K]\n'}
[2.106355] (unitree_guide2) StderrLine: {'line': b'  648 |   register double a1, b1, \x1b[01;35m\x1b[Kt\x1b[m\x1b[K;\n'}
[2.106455] (unitree_guide2) StderrLine: {'line': b'      |                           \x1b[01;35m\x1b[K^\x1b[m\x1b[K\n'}
[2.106559] (unitree_guide2) StderrLine: {'line': b'\x1b[01m\x1b[K/home/nebbackwards/WPI/Classes/RBE521/Final/ros_workspace/src/RBE521/unitree_guide2/src/quadProgpp/QuadProg++.cc:\x1b[m\x1b[K In function \xe2\x80\x98\x1b[01m\x1b[Kdouble quadprogpp::\x1b[01;32m\x1b[Kscalar_product\x1b[m\x1b[K(const Vector<double>&, const Vector<double>&)\x1b[m\x1b[K\xe2\x80\x99:\n'}
[2.106659] (unitree_guide2) StderrLine: {'line': b'\x1b[01m\x1b[K/home/nebbackwards/WPI/Classes/RBE521/Final/ros_workspace/src/RBE521/unitree_guide2/src/quadProgpp/QuadProg++.cc:668:16:\x1b[m\x1b[K \x1b[01;35m\x1b[Kwarning: \x1b[m\x1b[KISO C++17 does not allow \xe2\x80\x98\x1b[01m\x1b[Kregister\x1b[m\x1b[K\xe2\x80\x99 storage class specifier [\x1b[01;35m\x1b[K\x1b]8;;https://gcc.gnu.org/onlinedocs/gcc/Warning-Options.html#index-Wregister\x07-Wregister\x1b]8;;\x07\x1b[m\x1b[K]\n'}
[2.106763] (unitree_guide2) StderrLine: {'line': b'  668 |   register int \x1b[01;35m\x1b[Ki\x1b[m\x1b[K, n = x.size();\n'}
[2.106859] (unitree_guide2) StderrLine: {'line': b'      |                \x1b[01;35m\x1b[K^\x1b[m\x1b[K\n'}
[2.106953] (unitree_guide2) StderrLine: {'line': b'\x1b[01m\x1b[K/home/nebbackwards/WPI/Classes/RBE521/Final/ros_workspace/src/RBE521/unitree_guide2/src/quadProgpp/QuadProg++.cc:668:19:\x1b[m\x1b[K \x1b[01;35m\x1b[Kwarning: \x1b[m\x1b[KISO C++17 does not allow \xe2\x80\x98\x1b[01m\x1b[Kregister\x1b[m\x1b[K\xe2\x80\x99 storage class specifier [\x1b[01;35m\x1b[K\x1b]8;;https://gcc.gnu.org/onlinedocs/gcc/Warning-Options.html#index-Wregister\x07-Wregister\x1b]8;;\x07\x1b[m\x1b[K]\n'}
[2.107059] (unitree_guide2) StderrLine: {'line': b'  668 |   register int i, \x1b[01;35m\x1b[Kn\x1b[m\x1b[K = x.size();\n'}
[2.107154] (unitree_guide2) StderrLine: {'line': b'      |                   \x1b[01;35m\x1b[K^\x1b[m\x1b[K\n'}
[2.107248] (unitree_guide2) StderrLine: {'line': b'\x1b[01m\x1b[K/home/nebbackwards/WPI/Classes/RBE521/Final/ros_workspace/src/RBE521/unitree_guide2/src/quadProgpp/QuadProg++.cc:669:19:\x1b[m\x1b[K \x1b[01;35m\x1b[Kwarning: \x1b[m\x1b[KISO C++17 does not allow \xe2\x80\x98\x1b[01m\x1b[Kregister\x1b[m\x1b[K\xe2\x80\x99 storage class specifier [\x1b[01;35m\x1b[K\x1b]8;;https://gcc.gnu.org/onlinedocs/gcc/Warning-Options.html#index-Wregister\x07-Wregister\x1b]8;;\x07\x1b[m\x1b[K]\n'}
[2.107367] (unitree_guide2) StderrLine: {'line': b'  669 |   register double \x1b[01;35m\x1b[Ksum\x1b[m\x1b[K;\n'}
[2.107463] (unitree_guide2) StderrLine: {'line': b'      |                   \x1b[01;35m\x1b[K^~~\x1b[m\x1b[K\n'}
[2.107554] (unitree_guide2) StderrLine: {'line': b'\x1b[01m\x1b[K/home/nebbackwards/WPI/Classes/RBE521/Final/ros_workspace/src/RBE521/unitree_guide2/src/quadProgpp/QuadProg++.cc:\x1b[m\x1b[K In function \xe2\x80\x98\x1b[01m\x1b[Kvoid quadprogpp::\x1b[01;32m\x1b[Kcholesky_decomposition\x1b[m\x1b[K(Matrix<double>&)\x1b[m\x1b[K\xe2\x80\x99:\n'}
[2.107663] (unitree_guide2) StderrLine: {'line': b'\x1b[01m\x1b[K/home/nebbackwards/WPI/Classes/RBE521/Final/ros_workspace/src/RBE521/unitree_guide2/src/quadProgpp/QuadProg++.cc:679:16:\x1b[m\x1b[K \x1b[01;35m\x1b[Kwarning: \x1b[m\x1b[KISO C++17 does not allow \xe2\x80\x98\x1b[01m\x1b[Kregister\x1b[m\x1b[K\xe2\x80\x99 storage class specifier [\x1b[01;35m\x1b[K\x1b]8;;https://gcc.gnu.org/onlinedocs/gcc/Warning-Options.html#index-Wregister\x07-Wregister\x1b]8;;\x07\x1b[m\x1b[K]\n'}
[2.107764] (unitree_guide2) StderrLine: {'line': b'  679 |   register int \x1b[01;35m\x1b[Ki\x1b[m\x1b[K, j, k, n = A.nrows();\n'}
[2.107870] (unitree_guide2) StderrLine: {'line': b'      |                \x1b[01;35m\x1b[K^\x1b[m\x1b[K\n'}
[2.107976] (unitree_guide2) StderrLine: {'line': b'\x1b[01m\x1b[K/home/nebbackwards/WPI/Classes/RBE521/Final/ros_workspace/src/RBE521/unitree_guide2/src/quadProgpp/QuadProg++.cc:679:19:\x1b[m\x1b[K \x1b[01;35m\x1b[Kwarning: \x1b[m\x1b[KISO C++17 does not allow \xe2\x80\x98\x1b[01m\x1b[Kregister\x1b[m\x1b[K\xe2\x80\x99 storage class specifier [\x1b[01;35m\x1b[K\x1b]8;;https://gcc.gnu.org/onlinedocs/gcc/Warning-Options.html#index-Wregister\x07-Wregister\x1b]8;;\x07\x1b[m\x1b[K]\n'}
[2.108087] (unitree_guide2) StderrLine: {'line': b'  679 |   register int i, \x1b[01;35m\x1b[Kj\x1b[m\x1b[K, k, n = A.nrows();\n'}
[2.108186] (unitree_guide2) StderrLine: {'line': b'      |                   \x1b[01;35m\x1b[K^\x1b[m\x1b[K\n'}
[2.108302] (unitree_guide2) StderrLine: {'line': b'\x1b[01m\x1b[K/home/nebbackwards/WPI/Classes/RBE521/Final/ros_workspace/src/RBE521/unitree_guide2/src/quadProgpp/QuadProg++.cc:679:22:\x1b[m\x1b[K \x1b[01;35m\x1b[Kwarning: \x1b[m\x1b[KISO C++17 does not allow \xe2\x80\x98\x1b[01m\x1b[Kregister\x1b[m\x1b[K\xe2\x80\x99 storage class specifier [\x1b[01;35m\x1b[K\x1b]8;;https://gcc.gnu.org/onlinedocs/gcc/Warning-Options.html#index-Wregister\x07-Wregister\x1b]8;;\x07\x1b[m\x1b[K]\n'}
[2.108408] (unitree_guide2) StderrLine: {'line': b'  679 |   register int i, j, \x1b[01;35m\x1b[Kk\x1b[m\x1b[K, n = A.nrows();\n'}
[2.108514] (unitree_guide2) StderrLine: {'line': b'      |                      \x1b[01;35m\x1b[K^\x1b[m\x1b[K\n'}
[2.108622] (unitree_guide2) StderrLine: {'line': b'\x1b[01m\x1b[K/home/nebbackwards/WPI/Classes/RBE521/Final/ros_workspace/src/RBE521/unitree_guide2/src/quadProgpp/QuadProg++.cc:679:25:\x1b[m\x1b[K \x1b[01;35m\x1b[Kwarning: \x1b[m\x1b[KISO C++17 does not allow \xe2\x80\x98\x1b[01m\x1b[Kregister\x1b[m\x1b[K\xe2\x80\x99 storage class specifier [\x1b[01;35m\x1b[K\x1b]8;;https://gcc.gnu.org/onlinedocs/gcc/Warning-Options.html#index-Wregister\x07-Wregister\x1b]8;;\x07\x1b[m\x1b[K]\n'}
[2.108725] (unitree_guide2) StderrLine: {'line': b'  679 |   register int i, j, k, \x1b[01;35m\x1b[Kn\x1b[m\x1b[K = A.nrows();\n'}
[2.108829] (unitree_guide2) StderrLine: {'line': b'      |                         \x1b[01;35m\x1b[K^\x1b[m\x1b[K\n'}
[2.108926] (unitree_guide2) StderrLine: {'line': b'\x1b[01m\x1b[K/home/nebbackwards/WPI/Classes/RBE521/Final/ros_workspace/src/RBE521/unitree_guide2/src/quadProgpp/QuadProg++.cc:680:19:\x1b[m\x1b[K \x1b[01;35m\x1b[Kwarning: \x1b[m\x1b[KISO C++17 does not allow \xe2\x80\x98\x1b[01m\x1b[Kregister\x1b[m\x1b[K\xe2\x80\x99 storage class specifier [\x1b[01;35m\x1b[K\x1b]8;;https://gcc.gnu.org/onlinedocs/gcc/Warning-Options.html#index-Wregister\x07-Wregister\x1b]8;;\x07\x1b[m\x1b[K]\n'}
[2.109035] (unitree_guide2) StderrLine: {'line': b'  680 |   register double \x1b[01;35m\x1b[Ksum\x1b[m\x1b[K;\n'}
[2.109133] (-) TimerEvent: {}
[2.109245] (unitree_guide2) StderrLine: {'line': b'      |                   \x1b[01;35m\x1b[K^~~\x1b[m\x1b[K\n'}
[2.109383] (unitree_guide2) StderrLine: {'line': b'\x1b[01m\x1b[K/home/nebbackwards/WPI/Classes/RBE521/Final/ros_workspace/src/RBE521/unitree_guide2/src/quadProgpp/QuadProg++.cc:\x1b[m\x1b[K In function \xe2\x80\x98\x1b[01m\x1b[Kvoid quadprogpp::\x1b[01;32m\x1b[Kforward_elimination\x1b[m\x1b[K(const Matrix<double>&, Vector<double>&, const Vector<double>&)\x1b[m\x1b[K\xe2\x80\x99:\n'}
[2.109490] (unitree_guide2) StderrLine: {'line': b'\x1b[01m\x1b[K/home/nebbackwards/WPI/Classes/RBE521/Final/ros_workspace/src/RBE521/unitree_guide2/src/quadProgpp/QuadProg++.cc:723:16:\x1b[m\x1b[K \x1b[01;35m\x1b[Kwarning: \x1b[m\x1b[KISO C++17 does not allow \xe2\x80\x98\x1b[01m\x1b[Kregister\x1b[m\x1b[K\xe2\x80\x99 storage class specifier [\x1b[01;35m\x1b[K\x1b]8;;https://gcc.gnu.org/onlinedocs/gcc/Warning-Options.html#index-Wregister\x07-Wregister\x1b]8;;\x07\x1b[m\x1b[K]\n'}
[2.109597] (unitree_guide2) StderrLine: {'line': b'  723 |   register int \x1b[01;35m\x1b[Ki\x1b[m\x1b[K, j, n = L.nrows();\n'}
[2.109727] (unitree_guide2) StderrLine: {'line': b'      |                \x1b[01;35m\x1b[K^\x1b[m\x1b[K\n'}
[2.109879] (unitree_guide2) StderrLine: {'line': b'\x1b[01m\x1b[K/home/nebbackwards/WPI/Classes/RBE521/Final/ros_workspace/src/RBE521/unitree_guide2/src/quadProgpp/QuadProg++.cc:723:19:\x1b[m\x1b[K \x1b[01;35m\x1b[Kwarning: \x1b[m\x1b[KISO C++17 does not allow \xe2\x80\x98\x1b[01m\x1b[Kregister\x1b[m\x1b[K\xe2\x80\x99 storage class specifier [\x1b[01;35m\x1b[K\x1b]8;;https://gcc.gnu.org/onlinedocs/gcc/Warning-Options.html#index-Wregister\x07-Wregister\x1b]8;;\x07\x1b[m\x1b[K]\n'}
[2.110044] (unitree_guide2) StderrLine: {'line': b'  723 |   register int i, \x1b[01;35m\x1b[Kj\x1b[m\x1b[K, n = L.nrows();\n'}
[2.110153] (unitree_guide2) StderrLine: {'line': b'      |                   \x1b[01;35m\x1b[K^\x1b[m\x1b[K\n'}
[2.110255] (unitree_guide2) StderrLine: {'line': b'\x1b[01m\x1b[K/home/nebbackwards/WPI/Classes/RBE521/Final/ros_workspace/src/RBE521/unitree_guide2/src/quadProgpp/QuadProg++.cc:723:22:\x1b[m\x1b[K \x1b[01;35m\x1b[Kwarning: \x1b[m\x1b[KISO C++17 does not allow \xe2\x80\x98\x1b[01m\x1b[Kregister\x1b[m\x1b[K\xe2\x80\x99 storage class specifier [\x1b[01;35m\x1b[K\x1b]8;;https://gcc.gnu.org/onlinedocs/gcc/Warning-Options.html#index-Wregister\x07-Wregister\x1b]8;;\x07\x1b[m\x1b[K]\n'}
[2.110376] (unitree_guide2) StderrLine: {'line': b'  723 |   register int i, j, \x1b[01;35m\x1b[Kn\x1b[m\x1b[K = L.nrows();\n'}
[2.110474] (unitree_guide2) StderrLine: {'line': b'      |                      \x1b[01;35m\x1b[K^\x1b[m\x1b[K\n'}
[2.110566] (unitree_guide2) StderrLine: {'line': b'\x1b[01m\x1b[K/home/nebbackwards/WPI/Classes/RBE521/Final/ros_workspace/src/RBE521/unitree_guide2/src/quadProgpp/QuadProg++.cc:\x1b[m\x1b[K In function \xe2\x80\x98\x1b[01m\x1b[Kvoid quadprogpp::\x1b[01;32m\x1b[Kbackward_elimination\x1b[m\x1b[K(const Matrix<double>&, Vector<double>&, const Vector<double>&)\x1b[m\x1b[K\xe2\x80\x99:\n'}
[2.110679] (unitree_guide2) StderrLine: {'line': b'\x1b[01m\x1b[K/home/nebbackwards/WPI/Classes/RBE521/Final/ros_workspace/src/RBE521/unitree_guide2/src/quadProgpp/QuadProg++.cc:737:16:\x1b[m\x1b[K \x1b[01;35m\x1b[Kwarning: \x1b[m\x1b[KISO C++17 does not allow \xe2\x80\x98\x1b[01m\x1b[Kregister\x1b[m\x1b[K\xe2\x80\x99 storage class specifier [\x1b[01;35m\x1b[K\x1b]8;;https://gcc.gnu.org/onlinedocs/gcc/Warning-Options.html#index-Wregister\x07-Wregister\x1b]8;;\x07\x1b[m\x1b[K]\n'}
[2.110783] (unitree_guide2) StderrLine: {'line': b'  737 |   register int \x1b[01;35m\x1b[Ki\x1b[m\x1b[K, j, n = U.nrows();\n'}
[2.110880] (unitree_guide2) StderrLine: {'line': b'      |                \x1b[01;35m\x1b[K^\x1b[m\x1b[K\n'}
[2.110972] (unitree_guide2) StderrLine: {'line': b'\x1b[01m\x1b[K/home/nebbackwards/WPI/Classes/RBE521/Final/ros_workspace/src/RBE521/unitree_guide2/src/quadProgpp/QuadProg++.cc:737:19:\x1b[m\x1b[K \x1b[01;35m\x1b[Kwarning: \x1b[m\x1b[KISO C++17 does not allow \xe2\x80\x98\x1b[01m\x1b[Kregister\x1b[m\x1b[K\xe2\x80\x99 storage class specifier [\x1b[01;35m\x1b[K\x1b]8;;https://gcc.gnu.org/onlinedocs/gcc/Warning-Options.html#index-Wregister\x07-Wregister\x1b]8;;\x07\x1b[m\x1b[K]\n'}
[2.111070] (unitree_guide2) StderrLine: {'line': b'  737 |   register int i, \x1b[01;35m\x1b[Kj\x1b[m\x1b[K, n = U.nrows();\n'}
[2.111175] (unitree_guide2) StderrLine: {'line': b'      |                   \x1b[01;35m\x1b[K^\x1b[m\x1b[K\n'}
[2.111287] (unitree_guide2) StderrLine: {'line': b'\x1b[01m\x1b[K/home/nebbackwards/WPI/Classes/RBE521/Final/ros_workspace/src/RBE521/unitree_guide2/src/quadProgpp/QuadProg++.cc:737:22:\x1b[m\x1b[K \x1b[01;35m\x1b[Kwarning: \x1b[m\x1b[KISO C++17 does not allow \xe2\x80\x98\x1b[01m\x1b[Kregister\x1b[m\x1b[K\xe2\x80\x99 storage class specifier [\x1b[01;35m\x1b[K\x1b]8;;https://gcc.gnu.org/onlinedocs/gcc/Warning-Options.html#index-Wregister\x07-Wregister\x1b]8;;\x07\x1b[m\x1b[K]\n'}
[2.111399] (unitree_guide2) StderrLine: {'line': b'  737 |   register int i, j, \x1b[01;35m\x1b[Kn\x1b[m\x1b[K = U.nrows();\n'}
[2.111497] (unitree_guide2) StderrLine: {'line': b'      |                      \x1b[01;35m\x1b[K^\x1b[m\x1b[K\n'}
[2.209365] (-) TimerEvent: {}
[2.245036] (unitree_guide2) StderrLine: {'line': b'In file included from \x1b[01m\x1b[K/home/nebbackwards/WPI/Classes/RBE521/Final/ros_workspace/src/RBE521/unitree_guide2/include/interface/KeyBoard.h:15\x1b[m\x1b[K:\n'}
[2.245362] (unitree_guide2) StderrLine: {'line': b'\x1b[01m\x1b[K/home/nebbackwards/WPI/Classes/RBE521/Final/ros_workspace/src/RBE521/unitree_guide2/include/common/mathTools.h:\x1b[m\x1b[K In constructor \xe2\x80\x98\x1b[01m\x1b[KAvgCov::\x1b[01;32m\x1b[KAvgCov\x1b[m\x1b[K(unsigned int, std::string, bool, unsigned int, unsigned int, double)\x1b[m\x1b[K\xe2\x80\x99:\n'}
[2.245549] (unitree_guide2) StderrLine: {'line': b'\x1b[01m\x1b[K/home/nebbackwards/WPI/Classes/RBE521/Final/ros_workspace/src/RBE521/unitree_guide2/include/common/mathTools.h:278:17:\x1b[m\x1b[K \x1b[01;35m\x1b[Kwarning: \x1b[m\x1b[K\xe2\x80\x98\x1b[01m\x1b[KAvgCov::_valueName\x1b[m\x1b[K\xe2\x80\x99 will be initialized after [\x1b[01;35m\x1b[K\x1b]8;;https://gcc.gnu.org/onlinedocs/gcc/Warning-Options.html#index-Wreorder\x07-Wreorder\x1b]8;;\x07\x1b[m\x1b[K]\n'}
[2.245715] (unitree_guide2) StderrLine: {'line': b'  278 |     std::string \x1b[01;35m\x1b[K_valueName\x1b[m\x1b[K;\n'}
[2.245866] (unitree_guide2) StderrLine: {'line': b'      |                 \x1b[01;35m\x1b[K^~~~~~~~~~\x1b[m\x1b[K\n'}
[2.246014] (unitree_guide2) StderrLine: {'line': b'\x1b[01m\x1b[K/home/nebbackwards/WPI/Classes/RBE521/Final/ros_workspace/src/RBE521/unitree_guide2/include/common/mathTools.h:272:10:\x1b[m\x1b[K \x1b[01;35m\x1b[Kwarning: \x1b[m\x1b[K  \xe2\x80\x98\x1b[01m\x1b[Kbool AvgCov::_avgOnly\x1b[m\x1b[K\xe2\x80\x99 [\x1b[01;35m\x1b[K\x1b]8;;https://gcc.gnu.org/onlinedocs/gcc/Warning-Options.html#index-Wreorder\x07-Wreorder\x1b]8;;\x07\x1b[m\x1b[K]\n'}
[2.246167] (unitree_guide2) StderrLine: {'line': b'  272 |     bool \x1b[01;35m\x1b[K_avgOnly\x1b[m\x1b[K;\n'}
[2.246333] (unitree_guide2) StderrLine: {'line': b'      |          \x1b[01;35m\x1b[K^~~~~~~~\x1b[m\x1b[K\n'}
[2.246479] (unitree_guide2) StderrLine: {'line': b'\x1b[01m\x1b[K/home/nebbackwards/WPI/Classes/RBE521/Final/ros_workspace/src/RBE521/unitree_guide2/include/common/mathTools.h:246:5:\x1b[m\x1b[K \x1b[01;35m\x1b[Kwarning: \x1b[m\x1b[K  when initialized here [\x1b[01;35m\x1b[K\x1b]8;;https://gcc.gnu.org/onlinedocs/gcc/Warning-Options.html#index-Wreorder\x07-Wreorder\x1b]8;;\x07\x1b[m\x1b[K]\n'}
[2.246628] (unitree_guide2) StderrLine: {'line': b'  246 |     \x1b[01;35m\x1b[KAvgCov\x1b[m\x1b[K(unsigned int size, std::string name, bool avgOnly=false, unsigned int showPeriod=1000, unsigned int waitCount=5000, double zoomFactor=10000)\n'}
[2.246796] (unitree_guide2) StderrLine: {'line': b'      |     \x1b[01;35m\x1b[K^~~~~~\x1b[m\x1b[K\n'}
[2.289635] (unitree_guide2) StderrLine: {'line': b'\x1b[01m\x1b[K/home/nebbackwards/WPI/Classes/RBE521/Final/ros_workspace/src/RBE521/unitree_guide2/src/interface/KeyBoard.cpp:\x1b[m\x1b[K In member function \xe2\x80\x98\x1b[01m\x1b[Kvirtual void* KeyBoard::\x1b[01;32m\x1b[Krun\x1b[m\x1b[K(void*)\x1b[m\x1b[K\xe2\x80\x99:\n'}
[2.290227] (unitree_guide2) StderrLine: {'line': b'\x1b[01m\x1b[K/home/nebbackwards/WPI/Classes/RBE521/Final/ros_workspace/src/RBE521/unitree_guide2/src/interface/KeyBoard.cpp:94:27:\x1b[m\x1b[K \x1b[01;35m\x1b[Kwarning: \x1b[m\x1b[Kunused parameter \xe2\x80\x98\x1b[01m\x1b[Karg\x1b[m\x1b[K\xe2\x80\x99 [\x1b[01;35m\x1b[K\x1b]8;;https://gcc.gnu.org/onlinedocs/gcc/Warning-Options.html#index-Wunused-parameter\x07-Wunused-parameter\x1b]8;;\x07\x1b[m\x1b[K]\n'}
[2.290579] (unitree_guide2) StderrLine: {'line': b'   94 | void* KeyBoard::run(\x1b[01;35m\x1b[Kvoid *arg\x1b[m\x1b[K){\n'}
[2.290894] (unitree_guide2) StderrLine: {'line': b'      |                     \x1b[01;35m\x1b[K~~~~~~^~~\x1b[m\x1b[K\n'}
[2.309537] (-) TimerEvent: {}
[2.410107] (-) TimerEvent: {}
[2.476464] (unitree_guide2) StderrLine: {'line': b'In file included from \x1b[01m\x1b[K/home/nebbackwards/WPI/Classes/RBE521/Final/ros_workspace/src/RBE521/unitree_guide2/include/message/LowlevelCmd.h:8\x1b[m\x1b[K,\n'}
[2.476953] (unitree_guide2) StderrLine: {'line': b'                 from \x1b[01m\x1b[K/home/nebbackwards/WPI/Classes/RBE521/Final/ros_workspace/src/RBE521/unitree_guide2/include/control/CtrlComponents.h:7\x1b[m\x1b[K,\n'}
[2.477290] (unitree_guide2) StderrLine: {'line': b'                 from \x1b[01m\x1b[K/home/nebbackwards/WPI/Classes/RBE521/Final/ros_workspace/src/RBE521/unitree_guide2/include/FSM/FSMState.h:10\x1b[m\x1b[K,\n'}
[2.477476] (unitree_guide2) StderrLine: {'line': b'                 from \x1b[01m\x1b[K/home/nebbackwards/WPI/Classes/RBE521/Final/ros_workspace/src/RBE521/unitree_guide2/include/FSM/FSM.h:8\x1b[m\x1b[K,\n'}
[2.477657] (unitree_guide2) StderrLine: {'line': b'                 from \x1b[01m\x1b[K/home/nebbackwards/WPI/Classes/RBE521/Final/ros_workspace/src/RBE521/unitree_guide2/include/control/ControlFrame.h:7\x1b[m\x1b[K,\n'}
[2.477819] (unitree_guide2) StderrLine: {'line': b'                 from \x1b[01m\x1b[K/home/nebbackwards/WPI/Classes/RBE521/Final/ros_workspace/src/RBE521/unitree_guide2/src/control/ControlFrame.cpp:4\x1b[m\x1b[K:\n'}
[2.477977] (unitree_guide2) StderrLine: {'line': b'\x1b[01m\x1b[K/home/nebbackwards/WPI/Classes/RBE521/Final/ros_workspace/src/RBE521/unitree_guide2/include/common/mathTools.h:\x1b[m\x1b[K In constructor \xe2\x80\x98\x1b[01m\x1b[KAvgCov::\x1b[01;32m\x1b[KAvgCov\x1b[m\x1b[K(unsigned int, std::string, bool, unsigned int, unsigned int, double)\x1b[m\x1b[K\xe2\x80\x99:\n'}
[2.478155] (unitree_guide2) StderrLine: {'line': b'\x1b[01m\x1b[K/home/nebbackwards/WPI/Classes/RBE521/Final/ros_workspace/src/RBE521/unitree_guide2/include/common/mathTools.h:278:17:\x1b[m\x1b[K \x1b[01;35m\x1b[Kwarning: \x1b[m\x1b[K\xe2\x80\x98\x1b[01m\x1b[KAvgCov::_valueName\x1b[m\x1b[K\xe2\x80\x99 will be initialized after [\x1b[01;35m\x1b[K\x1b]8;;https://gcc.gnu.org/onlinedocs/gcc/Warning-Options.html#index-Wreorder\x07-Wreorder\x1b]8;;\x07\x1b[m\x1b[K]\n'}
[2.478336] (unitree_guide2) StderrLine: {'line': b'  278 |     std::string \x1b[01;35m\x1b[K_valueName\x1b[m\x1b[K;\n'}
[2.478491] (unitree_guide2) StderrLine: {'line': b'      |                 \x1b[01;35m\x1b[K^~~~~~~~~~\x1b[m\x1b[K\n'}
[2.478651] (unitree_guide2) StderrLine: {'line': b'\x1b[01m\x1b[K/home/nebbackwards/WPI/Classes/RBE521/Final/ros_workspace/src/RBE521/unitree_guide2/include/common/mathTools.h:272:10:\x1b[m\x1b[K \x1b[01;35m\x1b[Kwarning: \x1b[m\x1b[K  \xe2\x80\x98\x1b[01m\x1b[Kbool AvgCov::_avgOnly\x1b[m\x1b[K\xe2\x80\x99 [\x1b[01;35m\x1b[K\x1b]8;;https://gcc.gnu.org/onlinedocs/gcc/Warning-Options.html#index-Wreorder\x07-Wreorder\x1b]8;;\x07\x1b[m\x1b[K]\n'}
[2.478807] (unitree_guide2) StderrLine: {'line': b'  272 |     bool \x1b[01;35m\x1b[K_avgOnly\x1b[m\x1b[K;\n'}
[2.478959] (unitree_guide2) StderrLine: {'line': b'      |          \x1b[01;35m\x1b[K^~~~~~~~\x1b[m\x1b[K\n'}
[2.479108] (unitree_guide2) StderrLine: {'line': b'\x1b[01m\x1b[K/home/nebbackwards/WPI/Classes/RBE521/Final/ros_workspace/src/RBE521/unitree_guide2/include/common/mathTools.h:246:5:\x1b[m\x1b[K \x1b[01;35m\x1b[Kwarning: \x1b[m\x1b[K  when initialized here [\x1b[01;35m\x1b[K\x1b]8;;https://gcc.gnu.org/onlinedocs/gcc/Warning-Options.html#index-Wreorder\x07-Wreorder\x1b]8;;\x07\x1b[m\x1b[K]\n'}
[2.479277] (unitree_guide2) StderrLine: {'line': b'  246 |     \x1b[01;35m\x1b[KAvgCov\x1b[m\x1b[K(unsigned int size, std::string name, bool avgOnly=false, unsigned int showPeriod=1000, unsigned int waitCount=5000, double zoomFactor=10000)\n'}
[2.479455] (unitree_guide2) StderrLine: {'line': b'      |     \x1b[01;35m\x1b[K^~~~~~\x1b[m\x1b[K\n'}
[2.484751] (unitree_guide2) StderrLine: {'line': b'In file included from \x1b[01m\x1b[K/home/nebbackwards/WPI/Classes/RBE521/Final/ros_workspace/src/RBE521/unitree_guide2/include/message/LowlevelCmd.h:8\x1b[m\x1b[K,\n'}
[2.485210] (unitree_guide2) StderrLine: {'line': b'                 from \x1b[01m\x1b[K/home/nebbackwards/WPI/Classes/RBE521/Final/ros_workspace/src/RBE521/unitree_guide2/include/control/CtrlComponents.h:7\x1b[m\x1b[K,\n'}
[2.485564] (unitree_guide2) StderrLine: {'line': b'                 from \x1b[01m\x1b[K/home/nebbackwards/WPI/Classes/RBE521/Final/ros_workspace/src/RBE521/unitree_guide2/include/FSM/FSMState.h:10\x1b[m\x1b[K,\n'}
[2.485756] (unitree_guide2) StderrLine: {'line': b'                 from \x1b[01m\x1b[K/home/nebbackwards/WPI/Classes/RBE521/Final/ros_workspace/src/RBE521/unitree_guide2/include/FSM/State_Trotting.h:7\x1b[m\x1b[K,\n'}
[2.485921] (unitree_guide2) StderrLine: {'line': b'                 from \x1b[01m\x1b[K/home/nebbackwards/WPI/Classes/RBE521/Final/ros_workspace/src/RBE521/unitree_guide2/include/FSM/State_move_gait.h:43\x1b[m\x1b[K,\n'}
[2.486092] (unitree_guide2) StderrLine: {'line': b'                 from \x1b[01m\x1b[K/home/nebbackwards/WPI/Classes/RBE521/Final/ros_workspace/src/RBE521/unitree_guide2/src/FSM/State_move_gait.cpp:54\x1b[m\x1b[K:\n'}
[2.486300] (unitree_guide2) StderrLine: {'line': b'\x1b[01m\x1b[K/home/nebbackwards/WPI/Classes/RBE521/Final/ros_workspace/src/RBE521/unitree_guide2/include/common/mathTools.h:\x1b[m\x1b[K In constructor \xe2\x80\x98\x1b[01m\x1b[KAvgCov::\x1b[01;32m\x1b[KAvgCov\x1b[m\x1b[K(unsigned int, std::string, bool, unsigned int, unsigned int, double)\x1b[m\x1b[K\xe2\x80\x99:\n'}
[2.486439] (unitree_guide2) StderrLine: {'line': b'\x1b[01m\x1b[K/home/nebbackwards/WPI/Classes/RBE521/Final/ros_workspace/src/RBE521/unitree_guide2/include/common/mathTools.h:278:17:\x1b[m\x1b[K \x1b[01;35m\x1b[Kwarning: \x1b[m\x1b[K\xe2\x80\x98\x1b[01m\x1b[KAvgCov::_valueName\x1b[m\x1b[K\xe2\x80\x99 will be initialized after [\x1b[01;35m\x1b[K\x1b]8;;https://gcc.gnu.org/onlinedocs/gcc/Warning-Options.html#index-Wreorder\x07-Wreorder\x1b]8;;\x07\x1b[m\x1b[K]\n'}
[2.486555] (unitree_guide2) StderrLine: {'line': b'  278 |     std::string \x1b[01;35m\x1b[K_valueName\x1b[m\x1b[K;\n'}
[2.486671] (unitree_guide2) StderrLine: {'line': b'      |                 \x1b[01;35m\x1b[K^~~~~~~~~~\x1b[m\x1b[K\n'}
[2.486775] (unitree_guide2) StderrLine: {'line': b'\x1b[01m\x1b[K/home/nebbackwards/WPI/Classes/RBE521/Final/ros_workspace/src/RBE521/unitree_guide2/include/common/mathTools.h:272:10:\x1b[m\x1b[K \x1b[01;35m\x1b[Kwarning: \x1b[m\x1b[K  \xe2\x80\x98\x1b[01m\x1b[Kbool AvgCov::_avgOnly\x1b[m\x1b[K\xe2\x80\x99 [\x1b[01;35m\x1b[K\x1b]8;;https://gcc.gnu.org/onlinedocs/gcc/Warning-Options.html#index-Wreorder\x07-Wreorder\x1b]8;;\x07\x1b[m\x1b[K]\n'}
[2.486914] (unitree_guide2) StderrLine: {'line': b'  272 |     bool \x1b[01;35m\x1b[K_avgOnly\x1b[m\x1b[K;\n'}
[2.487062] (unitree_guide2) StderrLine: {'line': b'      |          \x1b[01;35m\x1b[K^~~~~~~~\x1b[m\x1b[K\n'}
[2.487199] (unitree_guide2) StderrLine: {'line': b'\x1b[01m\x1b[K/home/nebbackwards/WPI/Classes/RBE521/Final/ros_workspace/src/RBE521/unitree_guide2/include/common/mathTools.h:246:5:\x1b[m\x1b[K \x1b[01;35m\x1b[Kwarning: \x1b[m\x1b[K  when initialized here [\x1b[01;35m\x1b[K\x1b]8;;https://gcc.gnu.org/onlinedocs/gcc/Warning-Options.html#index-Wreorder\x07-Wreorder\x1b]8;;\x07\x1b[m\x1b[K]\n'}
[2.487348] (unitree_guide2) StderrLine: {'line': b'  246 |     \x1b[01;35m\x1b[KAvgCov\x1b[m\x1b[K(unsigned int size, std::string name, bool avgOnly=false, unsigned int showPeriod=1000, unsigned int waitCount=5000, double zoomFactor=10000)\n'}
[2.487491] (unitree_guide2) StderrLine: {'line': b'      |     \x1b[01;35m\x1b[K^~~~~~\x1b[m\x1b[K\n'}
[2.491997] (unitree_guide2) StderrLine: {'line': b'In file included from \x1b[01m\x1b[K/home/nebbackwards/WPI/Classes/RBE521/Final/ros_workspace/src/RBE521/unitree_guide2/include/message/LowlevelCmd.h:8\x1b[m\x1b[K,\n'}
[2.492453] (unitree_guide2) StderrLine: {'line': b'                 from \x1b[01m\x1b[K/home/nebbackwards/WPI/Classes/RBE521/Final/ros_workspace/src/RBE521/unitree_guide2/include/control/CtrlComponents.h:7\x1b[m\x1b[K,\n'}
[2.492664] (unitree_guide2) StderrLine: {'line': b'                 from \x1b[01m\x1b[K/home/nebbackwards/WPI/Classes/RBE521/Final/ros_workspace/src/RBE521/unitree_guide2/include/FSM/FSMState.h:10\x1b[m\x1b[K,\n'}
[2.492855] (unitree_guide2) StderrLine: {'line': b'                 from \x1b[01m\x1b[K/home/nebbackwards/WPI/Classes/RBE521/Final/ros_workspace/src/RBE521/unitree_guide2/include/FSM/FSM.h:8\x1b[m\x1b[K,\n'}
[2.492967] (unitree_guide2) StderrLine: {'line': b'                 from \x1b[01m\x1b[K/home/nebbackwards/WPI/Classes/RBE521/Final/ros_workspace/src/RBE521/unitree_guide2/src/FSM/FSM.cpp:4\x1b[m\x1b[K:\n'}
[2.493072] (unitree_guide2) StderrLine: {'line': b'\x1b[01m\x1b[K/home/nebbackwards/WPI/Classes/RBE521/Final/ros_workspace/src/RBE521/unitree_guide2/include/common/mathTools.h:\x1b[m\x1b[K In constructor \xe2\x80\x98\x1b[01m\x1b[KAvgCov::\x1b[01;32m\x1b[KAvgCov\x1b[m\x1b[K(unsigned int, std::string, bool, unsigned int, unsigned int, double)\x1b[m\x1b[K\xe2\x80\x99:\n'}
[2.493197] (unitree_guide2) StderrLine: {'line': b'\x1b[01m\x1b[K/home/nebbackwards/WPI/Classes/RBE521/Final/ros_workspace/src/RBE521/unitree_guide2/include/common/mathTools.h:278:17:\x1b[m\x1b[K \x1b[01;35m\x1b[Kwarning: \x1b[m\x1b[K\xe2\x80\x98\x1b[01m\x1b[KAvgCov::_valueName\x1b[m\x1b[K\xe2\x80\x99 will be initialized after [\x1b[01;35m\x1b[K\x1b]8;;https://gcc.gnu.org/onlinedocs/gcc/Warning-Options.html#index-Wreorder\x07-Wreorder\x1b]8;;\x07\x1b[m\x1b[K]\n'}
[2.493329] (unitree_guide2) StderrLine: {'line': b'  278 |     std::string \x1b[01;35m\x1b[K_valueName\x1b[m\x1b[K;\n'}
[2.493438] (unitree_guide2) StderrLine: {'line': b'      |                 \x1b[01;35m\x1b[K^~~~~~~~~~\x1b[m\x1b[K\n'}
[2.493539] (unitree_guide2) StderrLine: {'line': b'\x1b[01m\x1b[K/home/nebbackwards/WPI/Classes/RBE521/Final/ros_workspace/src/RBE521/unitree_guide2/include/common/mathTools.h:272:10:\x1b[m\x1b[K \x1b[01;35m\x1b[Kwarning: \x1b[m\x1b[K  \xe2\x80\x98\x1b[01m\x1b[Kbool AvgCov::_avgOnly\x1b[m\x1b[K\xe2\x80\x99 [\x1b[01;35m\x1b[K\x1b]8;;https://gcc.gnu.org/onlinedocs/gcc/Warning-Options.html#index-Wreorder\x07-Wreorder\x1b]8;;\x07\x1b[m\x1b[K]\n'}
[2.493645] (unitree_guide2) StderrLine: {'line': b'  272 |     bool \x1b[01;35m\x1b[K_avgOnly\x1b[m\x1b[K;\n'}
[2.493751] (unitree_guide2) StderrLine: {'line': b'      |          \x1b[01;35m\x1b[K^~~~~~~~\x1b[m\x1b[K\n'}
[2.493904] (unitree_guide2) StderrLine: {'line': b'\x1b[01m\x1b[K/home/nebbackwards/WPI/Classes/RBE521/Final/ros_workspace/src/RBE521/unitree_guide2/include/common/mathTools.h:246:5:\x1b[m\x1b[K \x1b[01;35m\x1b[Kwarning: \x1b[m\x1b[K  when initialized here [\x1b[01;35m\x1b[K\x1b]8;;https://gcc.gnu.org/onlinedocs/gcc/Warning-Options.html#index-Wreorder\x07-Wreorder\x1b]8;;\x07\x1b[m\x1b[K]\n'}
[2.494062] (unitree_guide2) StderrLine: {'line': b'  246 |     \x1b[01;35m\x1b[KAvgCov\x1b[m\x1b[K(unsigned int size, std::string name, bool avgOnly=false, unsigned int showPeriod=1000, unsigned int waitCount=5000, double zoomFactor=10000)\n'}
[2.494229] (unitree_guide2) StderrLine: {'line': b'      |     \x1b[01;35m\x1b[K^~~~~~\x1b[m\x1b[K\n'}
[2.507225] (unitree_guide2) StderrLine: {'line': b'In file included from \x1b[01m\x1b[K/home/nebbackwards/WPI/Classes/RBE521/Final/ros_workspace/src/RBE521/unitree_guide2/include/message/LowlevelCmd.h:8\x1b[m\x1b[K,\n'}
[2.507639] (unitree_guide2) StderrLine: {'line': b'                 from \x1b[01m\x1b[K/home/nebbackwards/WPI/Classes/RBE521/Final/ros_workspace/src/RBE521/unitree_guide2/include/control/CtrlComponents.h:7\x1b[m\x1b[K,\n'}
[2.507847] (unitree_guide2) StderrLine: {'line': b'                 from \x1b[01m\x1b[K/home/nebbackwards/WPI/Classes/RBE521/Final/ros_workspace/src/RBE521/unitree_guide2/include/FSM/FSMState.h:10\x1b[m\x1b[K,\n'}
[2.508040] (unitree_guide2) StderrLine: {'line': b'                 from \x1b[01m\x1b[K/home/nebbackwards/WPI/Classes/RBE521/Final/ros_workspace/src/RBE521/unitree_guide2/include/FSM/FSM.h:8\x1b[m\x1b[K,\n'}
[2.508225] (unitree_guide2) StderrLine: {'line': b'                 from \x1b[01m\x1b[K/home/nebbackwards/WPI/Classes/RBE521/Final/ros_workspace/src/RBE521/unitree_guide2/include/control/ControlFrame.h:7\x1b[m\x1b[K,\n'}
[2.508446] (unitree_guide2) StderrLine: {'line': b'                 from \x1b[01m\x1b[K/home/nebbackwards/WPI/Classes/RBE521/Final/ros_workspace/src/RBE521/unitree_guide2/src/main.cpp:9\x1b[m\x1b[K:\n'}
[2.508553] (unitree_guide2) StderrLine: {'line': b'\x1b[01m\x1b[K/home/nebbackwards/WPI/Classes/RBE521/Final/ros_workspace/src/RBE521/unitree_guide2/include/common/mathTools.h:\x1b[m\x1b[K In constructor \xe2\x80\x98\x1b[01m\x1b[KAvgCov::\x1b[01;32m\x1b[KAvgCov\x1b[m\x1b[K(unsigned int, std::string, bool, unsigned int, unsigned int, double)\x1b[m\x1b[K\xe2\x80\x99:\n'}
[2.508681] (unitree_guide2) StderrLine: {'line': b'\x1b[01m\x1b[K/home/nebbackwards/WPI/Classes/RBE521/Final/ros_workspace/src/RBE521/unitree_guide2/include/common/mathTools.h:278:17:\x1b[m\x1b[K \x1b[01;35m\x1b[Kwarning: \x1b[m\x1b[K\xe2\x80\x98\x1b[01m\x1b[KAvgCov::_valueName\x1b[m\x1b[K\xe2\x80\x99 will be initialized after [\x1b[01;35m\x1b[K\x1b]8;;https://gcc.gnu.org/onlinedocs/gcc/Warning-Options.html#index-Wreorder\x07-Wreorder\x1b]8;;\x07\x1b[m\x1b[K]\n'}
[2.508812] (unitree_guide2) StderrLine: {'line': b'  278 |     std::string \x1b[01;35m\x1b[K_valueName\x1b[m\x1b[K;\n'}
[2.508928] (unitree_guide2) StderrLine: {'line': b'      |                 \x1b[01;35m\x1b[K^~~~~~~~~~\x1b[m\x1b[K\n'}
[2.509036] (unitree_guide2) StderrLine: {'line': b'\x1b[01m\x1b[K/home/nebbackwards/WPI/Classes/RBE521/Final/ros_workspace/src/RBE521/unitree_guide2/include/common/mathTools.h:272:10:\x1b[m\x1b[K \x1b[01;35m\x1b[Kwarning: \x1b[m\x1b[K  \xe2\x80\x98\x1b[01m\x1b[Kbool AvgCov::_avgOnly\x1b[m\x1b[K\xe2\x80\x99 [\x1b[01;35m\x1b[K\x1b]8;;https://gcc.gnu.org/onlinedocs/gcc/Warning-Options.html#index-Wreorder\x07-Wreorder\x1b]8;;\x07\x1b[m\x1b[K]\n'}
[2.509148] (unitree_guide2) StderrLine: {'line': b'  272 |     bool \x1b[01;35m\x1b[K_avgOnly\x1b[m\x1b[K;\n'}
[2.509250] (unitree_guide2) StderrLine: {'line': b'      |          \x1b[01;35m\x1b[K^~~~~~~~\x1b[m\x1b[K\n'}
[2.509378] (unitree_guide2) StderrLine: {'line': b'\x1b[01m\x1b[K/home/nebbackwards/WPI/Classes/RBE521/Final/ros_workspace/src/RBE521/unitree_guide2/include/common/mathTools.h:246:5:\x1b[m\x1b[K \x1b[01;35m\x1b[Kwarning: \x1b[m\x1b[K  when initialized here [\x1b[01;35m\x1b[K\x1b]8;;https://gcc.gnu.org/onlinedocs/gcc/Warning-Options.html#index-Wreorder\x07-Wreorder\x1b]8;;\x07\x1b[m\x1b[K]\n'}
[2.509487] (unitree_guide2) StderrLine: {'line': b'  246 |     \x1b[01;35m\x1b[KAvgCov\x1b[m\x1b[K(unsigned int size, std::string name, bool avgOnly=false, unsigned int showPeriod=1000, unsigned int waitCount=5000, double zoomFactor=10000)\n'}
[2.509589] (unitree_guide2) StderrLine: {'line': b'      |     \x1b[01;35m\x1b[K^~~~~~\x1b[m\x1b[K\n'}
[2.510230] (-) TimerEvent: {}
[2.522396] (unitree_guide2) StderrLine: {'line': b'In file included from \x1b[01m\x1b[K/home/nebbackwards/WPI/Classes/RBE521/Final/ros_workspace/src/RBE521/unitree_guide2/include/message/LowlevelState.h:10\x1b[m\x1b[K,\n'}
[2.522764] (unitree_guide2) StderrLine: {'line': b'                 from \x1b[01m\x1b[K/home/nebbackwards/WPI/Classes/RBE521/Final/ros_workspace/src/RBE521/unitree_guide2/include/control/CtrlComponents.h:8\x1b[m\x1b[K:\n'}
[2.522987] (unitree_guide2) StderrLine: {'line': b'\x1b[01m\x1b[K/home/nebbackwards/WPI/Classes/RBE521/Final/ros_workspace/src/RBE521/unitree_guide2/include/interface/CmdPanel.h:\x1b[m\x1b[K In member function \xe2\x80\x98\x1b[01m\x1b[Kvirtual void* CmdPanel::\x1b[01;32m\x1b[Krun\x1b[m\x1b[K(void*)\x1b[m\x1b[K\xe2\x80\x99:\n'}
[2.523198] (unitree_guide2) StderrLine: {'line': b'\x1b[01m\x1b[K/home/nebbackwards/WPI/Classes/RBE521/Final/ros_workspace/src/RBE521/unitree_guide2/include/interface/CmdPanel.h:50:29:\x1b[m\x1b[K \x1b[01;35m\x1b[Kwarning: \x1b[m\x1b[Kunused parameter \xe2\x80\x98\x1b[01m\x1b[Karg\x1b[m\x1b[K\xe2\x80\x99 [\x1b[01;35m\x1b[K\x1b]8;;https://gcc.gnu.org/onlinedocs/gcc/Warning-Options.html#index-Wunused-parameter\x07-Wunused-parameter\x1b]8;;\x07\x1b[m\x1b[K]\n'}
[2.523442] (unitree_guide2) StderrLine: {'line': b'   50 |     virtual void* run(\x1b[01;35m\x1b[Kvoid *arg\x1b[m\x1b[K){return NULL;}\n'}
[2.523722] (unitree_guide2) StderrLine: {'line': b'      |                       \x1b[01;35m\x1b[K~~~~~~^~~\x1b[m\x1b[K\n'}
[2.532048] (unitree_guide2) StderrLine: {'line': b'In file included from \x1b[01m\x1b[K/home/nebbackwards/WPI/Classes/RBE521/Final/ros_workspace/src/RBE521/unitree_guide2/include/message/LowlevelState.h:10\x1b[m\x1b[K,\n'}
[2.532429] (unitree_guide2) StderrLine: {'line': b'                 from \x1b[01m\x1b[K/home/nebbackwards/WPI/Classes/RBE521/Final/ros_workspace/src/RBE521/unitree_guide2/include/control/CtrlComponents.h:8\x1b[m\x1b[K:\n'}
[2.532543] (unitree_guide2) StderrLine: {'line': b'\x1b[01m\x1b[K/home/nebbackwards/WPI/Classes/RBE521/Final/ros_workspace/src/RBE521/unitree_guide2/include/interface/CmdPanel.h:\x1b[m\x1b[K In member function \xe2\x80\x98\x1b[01m\x1b[Kvirtual void* CmdPanel::\x1b[01;32m\x1b[Krun\x1b[m\x1b[K(void*)\x1b[m\x1b[K\xe2\x80\x99:\n'}
[2.532681] (unitree_guide2) StderrLine: {'line': b'\x1b[01m\x1b[K/home/nebbackwards/WPI/Classes/RBE521/Final/ros_workspace/src/RBE521/unitree_guide2/include/interface/CmdPanel.h:50:29:\x1b[m\x1b[K \x1b[01;35m\x1b[Kwarning: \x1b[m\x1b[Kunused parameter \xe2\x80\x98\x1b[01m\x1b[Karg\x1b[m\x1b[K\xe2\x80\x99 [\x1b[01;35m\x1b[K\x1b]8;;https://gcc.gnu.org/onlinedocs/gcc/Warning-Options.html#index-Wunused-parameter\x07-Wunused-parameter\x1b]8;;\x07\x1b[m\x1b[K]\n'}
[2.532807] (unitree_guide2) StderrLine: {'line': b'   50 |     virtual void* run(\x1b[01;35m\x1b[Kvoid *arg\x1b[m\x1b[K){return NULL;}\n'}
[2.532914] (unitree_guide2) StderrLine: {'line': b'      |                       \x1b[01;35m\x1b[K~~~~~~^~~\x1b[m\x1b[K\n'}
[2.537226] (unitree_guide2) StderrLine: {'line': b'In file included from \x1b[01m\x1b[K/home/nebbackwards/WPI/Classes/RBE521/Final/ros_workspace/src/RBE521/unitree_guide2/include/message/LowlevelState.h:10\x1b[m\x1b[K,\n'}
[2.537792] (unitree_guide2) StderrLine: {'line': b'                 from \x1b[01m\x1b[K/home/nebbackwards/WPI/Classes/RBE521/Final/ros_workspace/src/RBE521/unitree_guide2/include/control/CtrlComponents.h:8\x1b[m\x1b[K:\n'}
[2.537996] (unitree_guide2) StderrLine: {'line': b'\x1b[01m\x1b[K/home/nebbackwards/WPI/Classes/RBE521/Final/ros_workspace/src/RBE521/unitree_guide2/include/interface/CmdPanel.h:\x1b[m\x1b[K In member function \xe2\x80\x98\x1b[01m\x1b[Kvirtual void* CmdPanel::\x1b[01;32m\x1b[Krun\x1b[m\x1b[K(void*)\x1b[m\x1b[K\xe2\x80\x99:\n'}
[2.538192] (unitree_guide2) StderrLine: {'line': b'\x1b[01m\x1b[K/home/nebbackwards/WPI/Classes/RBE521/Final/ros_workspace/src/RBE521/unitree_guide2/include/interface/CmdPanel.h:50:29:\x1b[m\x1b[K \x1b[01;35m\x1b[Kwarning: \x1b[m\x1b[Kunused parameter \xe2\x80\x98\x1b[01m\x1b[Karg\x1b[m\x1b[K\xe2\x80\x99 [\x1b[01;35m\x1b[K\x1b]8;;https://gcc.gnu.org/onlinedocs/gcc/Warning-Options.html#index-Wunused-parameter\x07-Wunused-parameter\x1b]8;;\x07\x1b[m\x1b[K]\n'}
[2.538390] (unitree_guide2) StderrLine: {'line': b'   50 |     virtual void* run(\x1b[01;35m\x1b[Kvoid *arg\x1b[m\x1b[K){return NULL;}\n'}
[2.538564] (unitree_guide2) StderrLine: {'line': b'      |                       \x1b[01;35m\x1b[K~~~~~~^~~\x1b[m\x1b[K\n'}
[2.553082] (unitree_guide2) StderrLine: {'line': b'In file included from \x1b[01m\x1b[K/home/nebbackwards/WPI/Classes/RBE521/Final/ros_workspace/src/RBE521/unitree_guide2/include/message/LowlevelState.h:10\x1b[m\x1b[K,\n'}
[2.553613] (unitree_guide2) StderrLine: {'line': b'                 from \x1b[01m\x1b[K/home/nebbackwards/WPI/Classes/RBE521/Final/ros_workspace/src/RBE521/unitree_guide2/include/control/CtrlComponents.h:8\x1b[m\x1b[K:\n'}
[2.553910] (unitree_guide2) StderrLine: {'line': b'\x1b[01m\x1b[K/home/nebbackwards/WPI/Classes/RBE521/Final/ros_workspace/src/RBE521/unitree_guide2/include/interface/CmdPanel.h:\x1b[m\x1b[K In member function \xe2\x80\x98\x1b[01m\x1b[Kvirtual void* CmdPanel::\x1b[01;32m\x1b[Krun\x1b[m\x1b[K(void*)\x1b[m\x1b[K\xe2\x80\x99:\n'}
[2.554095] (unitree_guide2) StderrLine: {'line': b'\x1b[01m\x1b[K/home/nebbackwards/WPI/Classes/RBE521/Final/ros_workspace/src/RBE521/unitree_guide2/include/interface/CmdPanel.h:50:29:\x1b[m\x1b[K \x1b[01;35m\x1b[Kwarning: \x1b[m\x1b[Kunused parameter \xe2\x80\x98\x1b[01m\x1b[Karg\x1b[m\x1b[K\xe2\x80\x99 [\x1b[01;35m\x1b[K\x1b]8;;https://gcc.gnu.org/onlinedocs/gcc/Warning-Options.html#index-Wunused-parameter\x07-Wunused-parameter\x1b]8;;\x07\x1b[m\x1b[K]\n'}
[2.554207] (unitree_guide2) StderrLine: {'line': b'   50 |     virtual void* run(\x1b[01;35m\x1b[Kvoid *arg\x1b[m\x1b[K){return NULL;}\n'}
[2.554322] (unitree_guide2) StderrLine: {'line': b'      |                       \x1b[01;35m\x1b[K~~~~~~^~~\x1b[m\x1b[K\n'}
[2.610406] (-) TimerEvent: {}
[2.710898] (-) TimerEvent: {}
[2.811347] (-) TimerEvent: {}
[2.911773] (-) TimerEvent: {}
[3.012200] (-) TimerEvent: {}
[3.112712] (-) TimerEvent: {}
[3.213164] (-) TimerEvent: {}
[3.313663] (-) TimerEvent: {}
[3.414127] (-) TimerEvent: {}
[3.514590] (-) TimerEvent: {}
[3.615024] (-) TimerEvent: {}
[3.715492] (-) TimerEvent: {}
[3.815981] (-) TimerEvent: {}
[3.916536] (-) TimerEvent: {}
[4.016987] (-) TimerEvent: {}
[4.117435] (-) TimerEvent: {}
[4.217884] (-) TimerEvent: {}
[4.318346] (-) TimerEvent: {}
[4.358037] (unitree_guide2) StderrLine: {'line': b'In file included from \x1b[01m\x1b[K/home/nebbackwards/WPI/Classes/RBE521/Final/ros_workspace/src/RBE521/unitree_guide2/include/message/LowlevelCmd.h:8\x1b[m\x1b[K,\n'}
[4.358422] (unitree_guide2) StderrLine: {'line': b'                 from \x1b[01m\x1b[K/home/nebbackwards/WPI/Classes/RBE521/Final/ros_workspace/src/RBE521/unitree_guide2/include/interface/IOInterface.h:7\x1b[m\x1b[K,\n'}
[4.358618] (unitree_guide2) StderrLine: {'line': b'                 from \x1b[01m\x1b[K/home/nebbackwards/WPI/Classes/RBE521/Final/ros_workspace/src/RBE521/unitree_guide2/include/interface/IOROS.h:68\x1b[m\x1b[K,\n'}
[4.358796] (unitree_guide2) StderrLine: {'line': b'                 from \x1b[01m\x1b[K/home/nebbackwards/WPI/Classes/RBE521/Final/ros_workspace/src/RBE521/unitree_guide2/src/interface/IOROS.cpp:227\x1b[m\x1b[K:\n'}
[4.358951] (unitree_guide2) StderrLine: {'line': b'\x1b[01m\x1b[K/home/nebbackwards/WPI/Classes/RBE521/Final/ros_workspace/src/RBE521/unitree_guide2/include/common/mathTools.h:\x1b[m\x1b[K In constructor \xe2\x80\x98\x1b[01m\x1b[KAvgCov::\x1b[01;32m\x1b[KAvgCov\x1b[m\x1b[K(unsigned int, std::string, bool, unsigned int, unsigned int, double)\x1b[m\x1b[K\xe2\x80\x99:\n'}
[4.359052] (unitree_guide2) StderrLine: {'line': b'\x1b[01m\x1b[K/home/nebbackwards/WPI/Classes/RBE521/Final/ros_workspace/src/RBE521/unitree_guide2/include/common/mathTools.h:278:17:\x1b[m\x1b[K \x1b[01;35m\x1b[Kwarning: \x1b[m\x1b[K\xe2\x80\x98\x1b[01m\x1b[KAvgCov::_valueName\x1b[m\x1b[K\xe2\x80\x99 will be initialized after [\x1b[01;35m\x1b[K\x1b]8;;https://gcc.gnu.org/onlinedocs/gcc/Warning-Options.html#index-Wreorder\x07-Wreorder\x1b]8;;\x07\x1b[m\x1b[K]\n'}
[4.359151] (unitree_guide2) StderrLine: {'line': b'  278 |     std::string \x1b[01;35m\x1b[K_valueName\x1b[m\x1b[K;\n'}
[4.359248] (unitree_guide2) StderrLine: {'line': b'      |                 \x1b[01;35m\x1b[K^~~~~~~~~~\x1b[m\x1b[K\n'}
[4.359369] (unitree_guide2) StderrLine: {'line': b'\x1b[01m\x1b[K/home/nebbackwards/WPI/Classes/RBE521/Final/ros_workspace/src/RBE521/unitree_guide2/include/common/mathTools.h:272:10:\x1b[m\x1b[K \x1b[01;35m\x1b[Kwarning: \x1b[m\x1b[K  \xe2\x80\x98\x1b[01m\x1b[Kbool AvgCov::_avgOnly\x1b[m\x1b[K\xe2\x80\x99 [\x1b[01;35m\x1b[K\x1b]8;;https://gcc.gnu.org/onlinedocs/gcc/Warning-Options.html#index-Wreorder\x07-Wreorder\x1b]8;;\x07\x1b[m\x1b[K]\n'}
[4.359481] (unitree_guide2) StderrLine: {'line': b'  272 |     bool \x1b[01;35m\x1b[K_avgOnly\x1b[m\x1b[K;\n'}
[4.359629] (unitree_guide2) StderrLine: {'line': b'      |          \x1b[01;35m\x1b[K^~~~~~~~\x1b[m\x1b[K\n'}
[4.359720] (unitree_guide2) StderrLine: {'line': b'\x1b[01m\x1b[K/home/nebbackwards/WPI/Classes/RBE521/Final/ros_workspace/src/RBE521/unitree_guide2/include/common/mathTools.h:246:5:\x1b[m\x1b[K \x1b[01;35m\x1b[Kwarning: \x1b[m\x1b[K  when initialized here [\x1b[01;35m\x1b[K\x1b]8;;https://gcc.gnu.org/onlinedocs/gcc/Warning-Options.html#index-Wreorder\x07-Wreorder\x1b]8;;\x07\x1b[m\x1b[K]\n'}
[4.359833] (unitree_guide2) StderrLine: {'line': b'  246 |     \x1b[01;35m\x1b[KAvgCov\x1b[m\x1b[K(unsigned int size, std::string name, bool avgOnly=false, unsigned int showPeriod=1000, unsigned int waitCount=5000, double zoomFactor=10000)\n'}
[4.359928] (unitree_guide2) StderrLine: {'line': b'      |     \x1b[01;35m\x1b[K^~~~~~\x1b[m\x1b[K\n'}
[4.400760] (unitree_guide2) StderrLine: {'line': b'In file included from \x1b[01m\x1b[K/home/nebbackwards/WPI/Classes/RBE521/Final/ros_workspace/src/RBE521/unitree_guide2/include/message/LowlevelState.h:10\x1b[m\x1b[K,\n'}
[4.401113] (unitree_guide2) StderrLine: {'line': b'                 from \x1b[01m\x1b[K/home/nebbackwards/WPI/Classes/RBE521/Final/ros_workspace/src/RBE521/unitree_guide2/include/interface/IOInterface.h:8\x1b[m\x1b[K:\n'}
[4.401341] (unitree_guide2) StderrLine: {'line': b'\x1b[01m\x1b[K/home/nebbackwards/WPI/Classes/RBE521/Final/ros_workspace/src/RBE521/unitree_guide2/include/interface/CmdPanel.h:\x1b[m\x1b[K In member function \xe2\x80\x98\x1b[01m\x1b[Kvirtual void* CmdPanel::\x1b[01;32m\x1b[Krun\x1b[m\x1b[K(void*)\x1b[m\x1b[K\xe2\x80\x99:\n'}
[4.401577] (unitree_guide2) StderrLine: {'line': b'\x1b[01m\x1b[K/home/nebbackwards/WPI/Classes/RBE521/Final/ros_workspace/src/RBE521/unitree_guide2/include/interface/CmdPanel.h:50:29:\x1b[m\x1b[K \x1b[01;35m\x1b[Kwarning: \x1b[m\x1b[Kunused parameter \xe2\x80\x98\x1b[01m\x1b[Karg\x1b[m\x1b[K\xe2\x80\x99 [\x1b[01;35m\x1b[K\x1b]8;;https://gcc.gnu.org/onlinedocs/gcc/Warning-Options.html#index-Wunused-parameter\x07-Wunused-parameter\x1b]8;;\x07\x1b[m\x1b[K]\n'}
[4.401776] (unitree_guide2) StderrLine: {'line': b'   50 |     virtual void* run(\x1b[01;35m\x1b[Kvoid *arg\x1b[m\x1b[K){return NULL;}\n'}
[4.401956] (unitree_guide2) StderrLine: {'line': b'      |                       \x1b[01;35m\x1b[K~~~~~~^~~\x1b[m\x1b[K\n'}
[4.418495] (-) TimerEvent: {}
[4.518864] (-) TimerEvent: {}
[4.598855] (unitree_guide2) StderrLine: {'line': b'\x1b[01m\x1b[K/home/nebbackwards/WPI/Classes/RBE521/Final/ros_workspace/src/RBE521/unitree_guide2/include/control/CtrlComponents.h:\x1b[m\x1b[K In destructor \xe2\x80\x98\x1b[01m\x1b[KCtrlComponents::\x1b[01;32m\x1b[K~CtrlComponents\x1b[m\x1b[K()\x1b[m\x1b[K\xe2\x80\x99:\n'}
[4.599187] (unitree_guide2) StderrLine: {'line': b'\x1b[01m\x1b[K/home/nebbackwards/WPI/Classes/RBE521/Final/ros_workspace/src/RBE521/unitree_guide2/include/control/CtrlComponents.h:35:9:\x1b[m\x1b[K \x1b[01;35m\x1b[Kwarning: \x1b[m\x1b[Kdeleting object of abstract class type \xe2\x80\x98\x1b[01m\x1b[KIOInterface\x1b[m\x1b[K\xe2\x80\x99 which has non-virtual destructor will cause undefined behavior [\x1b[01;35m\x1b[K\x1b]8;;https://gcc.gnu.org/onlinedocs/gcc/Warning-Options.html#index-Wdelete-non-virtual-dtor\x07-Wdelete-non-virtual-dtor\x1b]8;;\x07\x1b[m\x1b[K]\n'}
[4.599390] (unitree_guide2) StderrLine: {'line': b'   35 |         \x1b[01;35m\x1b[Kdelete ioInter\x1b[m\x1b[K;\n'}
[4.599512] (unitree_guide2) StderrLine: {'line': b'      |         \x1b[01;35m\x1b[K^~~~~~~~~~~~~~\x1b[m\x1b[K\n'}
[4.602038] (unitree_guide2) StderrLine: {'line': b'\x1b[01m\x1b[K/home/nebbackwards/WPI/Classes/RBE521/Final/ros_workspace/src/RBE521/unitree_guide2/include/control/CtrlComponents.h:\x1b[m\x1b[K In destructor \xe2\x80\x98\x1b[01m\x1b[KCtrlComponents::\x1b[01;32m\x1b[K~CtrlComponents\x1b[m\x1b[K()\x1b[m\x1b[K\xe2\x80\x99:\n'}
[4.602387] (unitree_guide2) StderrLine: {'line': b'\x1b[01m\x1b[K/home/nebbackwards/WPI/Classes/RBE521/Final/ros_workspace/src/RBE521/unitree_guide2/include/control/CtrlComponents.h:35:9:\x1b[m\x1b[K \x1b[01;35m\x1b[Kwarning: \x1b[m\x1b[Kdeleting object of abstract class type \xe2\x80\x98\x1b[01m\x1b[KIOInterface\x1b[m\x1b[K\xe2\x80\x99 which has non-virtual destructor will cause undefined behavior [\x1b[01;35m\x1b[K\x1b]8;;https://gcc.gnu.org/onlinedocs/gcc/Warning-Options.html#index-Wdelete-non-virtual-dtor\x07-Wdelete-non-virtual-dtor\x1b]8;;\x07\x1b[m\x1b[K]\n'}
[4.602577] (unitree_guide2) StderrLine: {'line': b'   35 |         \x1b[01;35m\x1b[Kdelete ioInter\x1b[m\x1b[K;\n'}
[4.602689] (unitree_guide2) StderrLine: {'line': b'      |         \x1b[01;35m\x1b[K^~~~~~~~~~~~~~\x1b[m\x1b[K\n'}
[4.605684] (unitree_guide2) StderrLine: {'line': b'In file included from \x1b[01m\x1b[K/home/nebbackwards/WPI/Classes/RBE521/Final/ros_workspace/src/RBE521/unitree_guide2/include/FSM/FSM.h:19\x1b[m\x1b[K:\n'}
[4.606117] (unitree_guide2) StderrLine: {'line': b'\x1b[01m\x1b[K/home/nebbackwards/WPI/Classes/RBE521/Final/ros_workspace/src/RBE521/unitree_guide2/include/FSM/State_move_gait.h:\x1b[m\x1b[K At global scope:\n'}
[4.606251] (unitree_guide2) StderrLine: {'line': b'\x1b[01m\x1b[K/home/nebbackwards/WPI/Classes/RBE521/Final/ros_workspace/src/RBE521/unitree_guide2/include/FSM/State_move_gait.h:57:38:\x1b[m\x1b[K \x1b[01;31m\x1b[Kerror: \x1b[m\x1b[K\xe2\x80\x98\x1b[01m\x1b[KSharedPtr\x1b[m\x1b[K\xe2\x80\x99 in \xe2\x80\x98\x1b[01m\x1b[Kstruct GaitCmd\x1b[m\x1b[K\xe2\x80\x99 does not name a type\n'}
[4.606371] (unitree_guide2) StderrLine: {'line': b'   57 |     void gaitCallback(const GaitCmd::\x1b[01;31m\x1b[KSharedPtr\x1b[m\x1b[K msg);\n'}
[4.606487] (unitree_guide2) StderrLine: {'line': b'      |                                      \x1b[01;31m\x1b[K^~~~~~~~~\x1b[m\x1b[K\n'}
[4.608448] (unitree_guide2) StderrLine: {'line': b'In file included from \x1b[01m\x1b[K/home/nebbackwards/WPI/Classes/RBE521/Final/ros_workspace/src/RBE521/unitree_guide2/include/FSM/FSM.h:19\x1b[m\x1b[K:\n'}
[4.608748] (unitree_guide2) StderrLine: {'line': b'\x1b[01m\x1b[K/home/nebbackwards/WPI/Classes/RBE521/Final/ros_workspace/src/RBE521/unitree_guide2/include/FSM/State_move_gait.h:\x1b[m\x1b[K At global scope:\n'}
[4.608955] (unitree_guide2) StderrLine: {'line': b'\x1b[01m\x1b[K/home/nebbackwards/WPI/Classes/RBE521/Final/ros_workspace/src/RBE521/unitree_guide2/include/FSM/State_move_gait.h:57:38:\x1b[m\x1b[K \x1b[01;31m\x1b[Kerror: \x1b[m\x1b[K\xe2\x80\x98\x1b[01m\x1b[KSharedPtr\x1b[m\x1b[K\xe2\x80\x99 in \xe2\x80\x98\x1b[01m\x1b[Kstruct GaitCmd\x1b[m\x1b[K\xe2\x80\x99 does not name a type\n'}
[4.609180] (unitree_guide2) StderrLine: {'line': b'   57 |     void gaitCallback(const GaitCmd::\x1b[01;31m\x1b[KSharedPtr\x1b[m\x1b[K msg);\n'}
[4.609395] (unitree_guide2) StderrLine: {'line': b'      |                                      \x1b[01;31m\x1b[K^~~~~~~~~\x1b[m\x1b[K\n'}
[4.613040] (unitree_guide2) StderrLine: {'line': b'\x1b[01m\x1b[K/home/nebbackwards/WPI/Classes/RBE521/Final/ros_workspace/src/RBE521/unitree_guide2/include/control/CtrlComponents.h:\x1b[m\x1b[K In destructor \xe2\x80\x98\x1b[01m\x1b[KCtrlComponents::\x1b[01;32m\x1b[K~CtrlComponents\x1b[m\x1b[K()\x1b[m\x1b[K\xe2\x80\x99:\n'}
[4.613403] (unitree_guide2) StderrLine: {'line': b'\x1b[01m\x1b[K/home/nebbackwards/WPI/Classes/RBE521/Final/ros_workspace/src/RBE521/unitree_guide2/include/control/CtrlComponents.h:35:9:\x1b[m\x1b[K \x1b[01;35m\x1b[Kwarning: \x1b[m\x1b[Kdeleting object of abstract class type \xe2\x80\x98\x1b[01m\x1b[KIOInterface\x1b[m\x1b[K\xe2\x80\x99 which has non-virtual destructor will cause undefined behavior [\x1b[01;35m\x1b[K\x1b]8;;https://gcc.gnu.org/onlinedocs/gcc/Warning-Options.html#index-Wdelete-non-virtual-dtor\x07-Wdelete-non-virtual-dtor\x1b]8;;\x07\x1b[m\x1b[K]\n'}
[4.613665] (unitree_guide2) StderrLine: {'line': b'   35 |         \x1b[01;35m\x1b[Kdelete ioInter\x1b[m\x1b[K;\n'}
[4.613869] (unitree_guide2) StderrLine: {'line': b'      |         \x1b[01;35m\x1b[K^~~~~~~~~~~~~~\x1b[m\x1b[K\n'}
[4.618442] (unitree_guide2) StderrLine: {'line': b'\x1b[01m\x1b[K/home/nebbackwards/WPI/Classes/RBE521/Final/ros_workspace/src/RBE521/unitree_guide2/src/interface/IOROS.cpp:\x1b[m\x1b[K In static member function \xe2\x80\x98\x1b[01m\x1b[Kstatic void IOROS::\x1b[01;32m\x1b[KRosShutDown\x1b[m\x1b[K(int)\x1b[m\x1b[K\xe2\x80\x99:\n'}
[4.618800] (unitree_guide2) StderrLine: {'line': b'\x1b[01m\x1b[K/home/nebbackwards/WPI/Classes/RBE521/Final/ros_workspace/src/RBE521/unitree_guide2/src/interface/IOROS.cpp:236:29:\x1b[m\x1b[K \x1b[01;35m\x1b[Kwarning: \x1b[m\x1b[Kunused parameter \xe2\x80\x98\x1b[01m\x1b[Ksig\x1b[m\x1b[K\xe2\x80\x99 [\x1b[01;35m\x1b[K\x1b]8;;https://gcc.gnu.org/onlinedocs/gcc/Warning-Options.html#index-Wunused-parameter\x07-Wunused-parameter\x1b]8;;\x07\x1b[m\x1b[K]\n'}
[4.619012] (-) TimerEvent: {}
[4.619342] (unitree_guide2) StderrLine: {'line': b'  236 | void IOROS::RosShutDown(\x1b[01;35m\x1b[Kint sig\x1b[m\x1b[K){\n'}
[4.619498] (unitree_guide2) StderrLine: {'line': b'      |                         \x1b[01;35m\x1b[K~~~~^~~\x1b[m\x1b[K\n'}
[4.619609] (unitree_guide2) StderrLine: {'line': b'In file included from \x1b[01m\x1b[K/home/nebbackwards/WPI/Classes/RBE521/Final/ros_workspace/src/RBE521/unitree_guide2/include/FSM/FSM.h:19\x1b[m\x1b[K:\n'}
[4.619712] (unitree_guide2) StderrLine: {'line': b'\x1b[01m\x1b[K/home/nebbackwards/WPI/Classes/RBE521/Final/ros_workspace/src/RBE521/unitree_guide2/include/FSM/State_move_gait.h:\x1b[m\x1b[K At global scope:\n'}
[4.619814] (unitree_guide2) StderrLine: {'line': b'\x1b[01m\x1b[K/home/nebbackwards/WPI/Classes/RBE521/Final/ros_workspace/src/RBE521/unitree_guide2/include/FSM/State_move_gait.h:57:38:\x1b[m\x1b[K \x1b[01;31m\x1b[Kerror: \x1b[m\x1b[K\xe2\x80\x98\x1b[01m\x1b[KSharedPtr\x1b[m\x1b[K\xe2\x80\x99 in \xe2\x80\x98\x1b[01m\x1b[Kstruct GaitCmd\x1b[m\x1b[K\xe2\x80\x99 does not name a type\n'}
[4.619929] (unitree_guide2) StderrLine: {'line': b'   57 |     void gaitCallback(const GaitCmd::\x1b[01;31m\x1b[KSharedPtr\x1b[m\x1b[K msg);\n'}
[4.620031] (unitree_guide2) StderrLine: {'line': b'      |                                      \x1b[01;31m\x1b[K^~~~~~~~~\x1b[m\x1b[K\n'}
[4.640131] (unitree_guide2) StderrLine: {'line': b'\x1b[01m\x1b[K/home/nebbackwards/WPI/Classes/RBE521/Final/ros_workspace/src/RBE521/unitree_guide2/include/control/CtrlComponents.h:\x1b[m\x1b[K In destructor \xe2\x80\x98\x1b[01m\x1b[KCtrlComponents::\x1b[01;32m\x1b[K~CtrlComponents\x1b[m\x1b[K()\x1b[m\x1b[K\xe2\x80\x99:\n'}
[4.640550] (unitree_guide2) StderrLine: {'line': b'\x1b[01m\x1b[K/home/nebbackwards/WPI/Classes/RBE521/Final/ros_workspace/src/RBE521/unitree_guide2/include/control/CtrlComponents.h:35:9:\x1b[m\x1b[K \x1b[01;35m\x1b[Kwarning: \x1b[m\x1b[Kdeleting object of abstract class type \xe2\x80\x98\x1b[01m\x1b[KIOInterface\x1b[m\x1b[K\xe2\x80\x99 which has non-virtual destructor will cause undefined behavior [\x1b[01;35m\x1b[K\x1b]8;;https://gcc.gnu.org/onlinedocs/gcc/Warning-Options.html#index-Wdelete-non-virtual-dtor\x07-Wdelete-non-virtual-dtor\x1b]8;;\x07\x1b[m\x1b[K]\n'}
[4.640824] (unitree_guide2) StderrLine: {'line': b'   35 |         \x1b[01;35m\x1b[Kdelete ioInter\x1b[m\x1b[K;\n'}
[4.640998] (unitree_guide2) StderrLine: {'line': b'      |         \x1b[01;35m\x1b[K^~~~~~~~~~~~~~\x1b[m\x1b[K\n'}
[4.645477] (unitree_guide2) StderrLine: {'line': b'\x1b[01m\x1b[K/home/nebbackwards/WPI/Classes/RBE521/Final/ros_workspace/src/RBE521/unitree_guide2/include/FSM/State_move_gait.h:\x1b[m\x1b[K At global scope:\n'}
[4.645797] (unitree_guide2) StderrLine: {'line': b'\x1b[01m\x1b[K/home/nebbackwards/WPI/Classes/RBE521/Final/ros_workspace/src/RBE521/unitree_guide2/include/FSM/State_move_gait.h:48:52:\x1b[m\x1b[K \x1b[01;31m\x1b[Kerror: \x1b[m\x1b[Kexpected class-name before \xe2\x80\x98\x1b[01m\x1b[K{\x1b[m\x1b[K\xe2\x80\x99 token\n'}
[4.645923] (unitree_guide2) StderrLine: {'line': b'   48 | class State_move_gait : public State_GaitTransition\x1b[01;31m\x1b[K{\x1b[m\x1b[K\n'}
[4.646037] (unitree_guide2) StderrLine: {'line': b'      |                                                    \x1b[01;31m\x1b[K^\x1b[m\x1b[K\n'}
[4.646141] (unitree_guide2) StderrLine: {'line': b'\x1b[01m\x1b[K/home/nebbackwards/WPI/Classes/RBE521/Final/ros_workspace/src/RBE521/unitree_guide2/include/FSM/State_move_gait.h:57:38:\x1b[m\x1b[K \x1b[01;31m\x1b[Kerror: \x1b[m\x1b[K\xe2\x80\x98\x1b[01m\x1b[KSharedPtr\x1b[m\x1b[K\xe2\x80\x99 in \xe2\x80\x98\x1b[01m\x1b[Kstruct GaitCmd\x1b[m\x1b[K\xe2\x80\x99 does not name a type\n'}
[4.646250] (unitree_guide2) StderrLine: {'line': b'   57 |     void gaitCallback(const GaitCmd::\x1b[01;31m\x1b[KSharedPtr\x1b[m\x1b[K msg);\n'}
[4.646383] (unitree_guide2) StderrLine: {'line': b'      |                                      \x1b[01;31m\x1b[K^~~~~~~~~\x1b[m\x1b[K\n'}
[4.719220] (-) TimerEvent: {}
[4.819700] (-) TimerEvent: {}
[4.920185] (-) TimerEvent: {}
[5.020666] (-) TimerEvent: {}
[5.109962] (unitree_guide2) StderrLine: {'line': b'\x1b[01m\x1b[K/home/nebbackwards/WPI/Classes/RBE521/Final/ros_workspace/src/RBE521/unitree_guide2/include/FSM/FSM.h:\x1b[m\x1b[K In member function \xe2\x80\x98\x1b[01m\x1b[Kvoid FSMStateList::\x1b[01;32m\x1b[KdeletePtr\x1b[m\x1b[K()\x1b[m\x1b[K\xe2\x80\x99:\n'}
[5.110296] (unitree_guide2) StderrLine: {'line': b'\x1b[01m\x1b[K/home/nebbackwards/WPI/Classes/RBE521/Final/ros_workspace/src/RBE521/unitree_guide2/include/FSM/FSM.h:48:9:\x1b[m\x1b[K \x1b[01;35m\x1b[Kwarning: \x1b[m\x1b[Kdeleting object of abstract class type \xe2\x80\x98\x1b[01m\x1b[KFSMState\x1b[m\x1b[K\xe2\x80\x99 which has non-virtual destructor will cause undefined behavior [\x1b[01;35m\x1b[K\x1b]8;;https://gcc.gnu.org/onlinedocs/gcc/Warning-Options.html#index-Wdelete-non-virtual-dtor\x07-Wdelete-non-virtual-dtor\x1b]8;;\x07\x1b[m\x1b[K]\n'}
[5.110440] (unitree_guide2) StderrLine: {'line': b'   48 |         \x1b[01;35m\x1b[Kdelete invalid\x1b[m\x1b[K;\n'}
[5.110603] (unitree_guide2) StderrLine: {'line': b'      |         \x1b[01;35m\x1b[K^~~~~~~~~~~~~~\x1b[m\x1b[K\n'}
[5.110801] (unitree_guide2) StderrLine: {'line': b'\x1b[01m\x1b[K/home/nebbackwards/WPI/Classes/RBE521/Final/ros_workspace/src/RBE521/unitree_guide2/include/FSM/FSM.h:49:9:\x1b[m\x1b[K \x1b[01;35m\x1b[Kwarning: \x1b[m\x1b[Kdeleting object of polymorphic class type \xe2\x80\x98\x1b[01m\x1b[KState_Passive\x1b[m\x1b[K\xe2\x80\x99 which has non-virtual destructor might cause undefined behavior [\x1b[01;35m\x1b[K\x1b]8;;https://gcc.gnu.org/onlinedocs/gcc/Warning-Options.html#index-Wdelete-non-virtual-dtor\x07-Wdelete-non-virtual-dtor\x1b]8;;\x07\x1b[m\x1b[K]\n'}
[5.111328] (unitree_guide2) StderrLine: {'line': b'   49 |         \x1b[01;35m\x1b[Kdelete passive\x1b[m\x1b[K;\n'}
[5.111445] (unitree_guide2) StderrLine: {'line': b'      |         \x1b[01;35m\x1b[K^~~~~~~~~~~~~~\x1b[m\x1b[K\n'}
[5.111544] (unitree_guide2) StderrLine: {'line': b'\x1b[01m\x1b[K/home/nebbackwards/WPI/Classes/RBE521/Final/ros_workspace/src/RBE521/unitree_guide2/include/FSM/FSM.h:50:9:\x1b[m\x1b[K \x1b[01;35m\x1b[Kwarning: \x1b[m\x1b[Kdeleting object of polymorphic class type \xe2\x80\x98\x1b[01m\x1b[KState_FixedStand\x1b[m\x1b[K\xe2\x80\x99 which has non-virtual destructor might cause undefined behavior [\x1b[01;35m\x1b[K\x1b]8;;https://gcc.gnu.org/onlinedocs/gcc/Warning-Options.html#index-Wdelete-non-virtual-dtor\x07-Wdelete-non-virtual-dtor\x1b]8;;\x07\x1b[m\x1b[K]\n'}
[5.111647] (unitree_guide2) StderrLine: {'line': b'   50 |         \x1b[01;35m\x1b[Kdelete fixedStand\x1b[m\x1b[K;\n'}
[5.111741] (unitree_guide2) StderrLine: {'line': b'      |         \x1b[01;35m\x1b[K^~~~~~~~~~~~~~~~~\x1b[m\x1b[K\n'}
[5.111846] (unitree_guide2) StderrLine: {'line': b'\x1b[01m\x1b[K/home/nebbackwards/WPI/Classes/RBE521/Final/ros_workspace/src/RBE521/unitree_guide2/include/FSM/FSM.h:51:9:\x1b[m\x1b[K \x1b[01;35m\x1b[Kwarning: \x1b[m\x1b[Kdeleting object of polymorphic class type \xe2\x80\x98\x1b[01m\x1b[KState_GaitTransition\x1b[m\x1b[K\xe2\x80\x99 which has non-virtual destructor might cause undefined behavior [\x1b[01;35m\x1b[K\x1b]8;;https://gcc.gnu.org/onlinedocs/gcc/Warning-Options.html#index-Wdelete-non-virtual-dtor\x07-Wdelete-non-virtual-dtor\x1b]8;;\x07\x1b[m\x1b[K]\n'}
[5.111954] (unitree_guide2) StderrLine: {'line': b'   51 |         \x1b[01;35m\x1b[Kdelete gaitTransition\x1b[m\x1b[K;\n'}
[5.112051] (unitree_guide2) StderrLine: {'line': b'      |         \x1b[01;35m\x1b[K^~~~~~~~~~~~~~~~~~~~~\x1b[m\x1b[K\n'}
[5.112150] (unitree_guide2) StderrLine: {'line': b'\x1b[01m\x1b[K/home/nebbackwards/WPI/Classes/RBE521/Final/ros_workspace/src/RBE521/unitree_guide2/include/FSM/FSM.h:52:9:\x1b[m\x1b[K \x1b[01;35m\x1b[Kwarning: \x1b[m\x1b[Kdeleting object of polymorphic class type \xe2\x80\x98\x1b[01m\x1b[KState_FreeStand\x1b[m\x1b[K\xe2\x80\x99 which has non-virtual destructor might cause undefined behavior [\x1b[01;35m\x1b[K\x1b]8;;https://gcc.gnu.org/onlinedocs/gcc/Warning-Options.html#index-Wdelete-non-virtual-dtor\x07-Wdelete-non-virtual-dtor\x1b]8;;\x07\x1b[m\x1b[K]\n'}
[5.112250] (unitree_guide2) StderrLine: {'line': b'   52 |         \x1b[01;35m\x1b[Kdelete freeStand\x1b[m\x1b[K;\n'}
[5.112390] (unitree_guide2) StderrLine: {'line': b'      |         \x1b[01;35m\x1b[K^~~~~~~~~~~~~~~~\x1b[m\x1b[K\n'}
[5.112484] (unitree_guide2) StderrLine: {'line': b'\x1b[01m\x1b[K/home/nebbackwards/WPI/Classes/RBE521/Final/ros_workspace/src/RBE521/unitree_guide2/include/FSM/FSM.h:53:9:\x1b[m\x1b[K \x1b[01;35m\x1b[Kwarning: \x1b[m\x1b[Kdeleting object of polymorphic class type \xe2\x80\x98\x1b[01m\x1b[KState_Trotting\x1b[m\x1b[K\xe2\x80\x99 which has non-virtual destructor might cause undefined behavior [\x1b[01;35m\x1b[K\x1b]8;;https://gcc.gnu.org/onlinedocs/gcc/Warning-Options.html#index-Wdelete-non-virtual-dtor\x07-Wdelete-non-virtual-dtor\x1b]8;;\x07\x1b[m\x1b[K]\n'}
[5.112599] (unitree_guide2) StderrLine: {'line': b'   53 |         \x1b[01;35m\x1b[Kdelete trotting\x1b[m\x1b[K;\n'}
[5.112709] (unitree_guide2) StderrLine: {'line': b'      |         \x1b[01;35m\x1b[K^~~~~~~~~~~~~~~\x1b[m\x1b[K\n'}
[5.112808] (unitree_guide2) StderrLine: {'line': b'\x1b[01m\x1b[K/home/nebbackwards/WPI/Classes/RBE521/Final/ros_workspace/src/RBE521/unitree_guide2/include/FSM/FSM.h:54:9:\x1b[m\x1b[K \x1b[01;35m\x1b[Kwarning: \x1b[m\x1b[Kdeleting object of polymorphic class type \xe2\x80\x98\x1b[01m\x1b[KState_BalanceTest\x1b[m\x1b[K\xe2\x80\x99 which has non-virtual destructor might cause undefined behavior [\x1b[01;35m\x1b[K\x1b]8;;https://gcc.gnu.org/onlinedocs/gcc/Warning-Options.html#index-Wdelete-non-virtual-dtor\x07-Wdelete-non-virtual-dtor\x1b]8;;\x07\x1b[m\x1b[K]\n'}
[5.112908] (unitree_guide2) StderrLine: {'line': b'   54 |         \x1b[01;35m\x1b[Kdelete balanceTest\x1b[m\x1b[K;\n'}
[5.113002] (unitree_guide2) StderrLine: {'line': b'      |         \x1b[01;35m\x1b[K^~~~~~~~~~~~~~~~~~\x1b[m\x1b[K\n'}
[5.113096] (unitree_guide2) StderrLine: {'line': b'\x1b[01m\x1b[K/home/nebbackwards/WPI/Classes/RBE521/Final/ros_workspace/src/RBE521/unitree_guide2/include/FSM/FSM.h:55:9:\x1b[m\x1b[K \x1b[01;35m\x1b[Kwarning: \x1b[m\x1b[Kdeleting object of polymorphic class type \xe2\x80\x98\x1b[01m\x1b[KState_SwingTest\x1b[m\x1b[K\xe2\x80\x99 which has non-virtual destructor might cause undefined behavior [\x1b[01;35m\x1b[K\x1b]8;;https://gcc.gnu.org/onlinedocs/gcc/Warning-Options.html#index-Wdelete-non-virtual-dtor\x07-Wdelete-non-virtual-dtor\x1b]8;;\x07\x1b[m\x1b[K]\n'}
[5.113202] (unitree_guide2) StderrLine: {'line': b'   55 |         \x1b[01;35m\x1b[Kdelete swingTest\x1b[m\x1b[K;\n'}
[5.113317] (unitree_guide2) StderrLine: {'line': b'      |         \x1b[01;35m\x1b[K^~~~~~~~~~~~~~~~\x1b[m\x1b[K\n'}
[5.113412] (unitree_guide2) StderrLine: {'line': b'\x1b[01m\x1b[K/home/nebbackwards/WPI/Classes/RBE521/Final/ros_workspace/src/RBE521/unitree_guide2/include/FSM/FSM.h:56:9:\x1b[m\x1b[K \x1b[01;35m\x1b[Kwarning: \x1b[m\x1b[Kdeleting object of polymorphic class type \xe2\x80\x98\x1b[01m\x1b[KState_StepTest\x1b[m\x1b[K\xe2\x80\x99 which has non-virtual destructor might cause undefined behavior [\x1b[01;35m\x1b[K\x1b]8;;https://gcc.gnu.org/onlinedocs/gcc/Warning-Options.html#index-Wdelete-non-virtual-dtor\x07-Wdelete-non-virtual-dtor\x1b]8;;\x07\x1b[m\x1b[K]\n'}
[5.113515] (unitree_guide2) StderrLine: {'line': b'   56 |         \x1b[01;35m\x1b[Kdelete stepTest\x1b[m\x1b[K;\n'}
[5.113610] (unitree_guide2) StderrLine: {'line': b'      |         \x1b[01;35m\x1b[K^~~~~~~~~~~~~~~\x1b[m\x1b[K\n'}
[5.113705] (unitree_guide2) StderrLine: {'line': b'\x1b[01m\x1b[K/home/nebbackwards/WPI/Classes/RBE521/Final/ros_workspace/src/RBE521/unitree_guide2/include/FSM/FSM.h:62:9:\x1b[m\x1b[K \x1b[01;35m\x1b[Kwarning: \x1b[m\x1b[Kdeleting object of polymorphic class type \xe2\x80\x98\x1b[01m\x1b[KState_move_base\x1b[m\x1b[K\xe2\x80\x99 which has non-virtual destructor might cause undefined behavior [\x1b[01;35m\x1b[K\x1b]8;;https://gcc.gnu.org/onlinedocs/gcc/Warning-Options.html#index-Wdelete-non-virtual-dtor\x07-Wdelete-non-virtual-dtor\x1b]8;;\x07\x1b[m\x1b[K]\n'}
[5.113818] (unitree_guide2) StderrLine: {'line': b'   62 |         \x1b[01;35m\x1b[Kdelete moveBase\x1b[m\x1b[K;\n'}
[5.113914] (unitree_guide2) StderrLine: {'line': b'      |         \x1b[01;35m\x1b[K^~~~~~~~~~~~~~~\x1b[m\x1b[K\n'}
[5.114012] (unitree_guide2) StderrLine: {'line': b'\x1b[01m\x1b[K/home/nebbackwards/WPI/Classes/RBE521/Final/ros_workspace/src/RBE521/unitree_guide2/include/FSM/FSM.h:63:9:\x1b[m\x1b[K \x1b[01;35m\x1b[Kwarning: \x1b[m\x1b[Kdeleting object of polymorphic class type \xe2\x80\x98\x1b[01m\x1b[KState_move_gait\x1b[m\x1b[K\xe2\x80\x99 which has non-virtual destructor might cause undefined behavior [\x1b[01;35m\x1b[K\x1b]8;;https://gcc.gnu.org/onlinedocs/gcc/Warning-Options.html#index-Wdelete-non-virtual-dtor\x07-Wdelete-non-virtual-dtor\x1b]8;;\x07\x1b[m\x1b[K]\n'}
[5.114116] (unitree_guide2) StderrLine: {'line': b'   63 |         \x1b[01;35m\x1b[Kdelete moveGait\x1b[m\x1b[K;\n'}
[5.114225] (unitree_guide2) StderrLine: {'line': b'      |         \x1b[01;35m\x1b[K^~~~~~~~~~~~~~~\x1b[m\x1b[K\n'}
[5.114340] (unitree_guide2) StderrLine: {'line': b'\x1b[01m\x1b[K/home/nebbackwards/WPI/Classes/RBE521/Final/ros_workspace/src/RBE521/unitree_guide2/include/FSM/FSM.h:\x1b[m\x1b[K In member function \xe2\x80\x98\x1b[01m\x1b[Kvoid FSMStateList::\x1b[01;32m\x1b[KdeletePtr\x1b[m\x1b[K()\x1b[m\x1b[K\xe2\x80\x99:\n'}
[5.114438] (unitree_guide2) StderrLine: {'line': b'\x1b[01m\x1b[K/home/nebbackwards/WPI/Classes/RBE521/Final/ros_workspace/src/RBE521/unitree_guide2/include/FSM/FSM.h:48:9:\x1b[m\x1b[K \x1b[01;35m\x1b[Kwarning: \x1b[m\x1b[Kdeleting object of abstract class type \xe2\x80\x98\x1b[01m\x1b[KFSMState\x1b[m\x1b[K\xe2\x80\x99 which has non-virtual destructor will cause undefined behavior [\x1b[01;35m\x1b[K\x1b]8;;https://gcc.gnu.org/onlinedocs/gcc/Warning-Options.html#index-Wdelete-non-virtual-dtor\x07-Wdelete-non-virtual-dtor\x1b]8;;\x07\x1b[m\x1b[K]\n'}
[5.114540] (unitree_guide2) StderrLine: {'line': b'   48 |         \x1b[01;35m\x1b[Kdelete invalid\x1b[m\x1b[K;\n'}
[5.114634] (unitree_guide2) StderrLine: {'line': b'      |         \x1b[01;35m\x1b[K^~~~~~~~~~~~~~\x1b[m\x1b[K\n'}
[5.114732] (unitree_guide2) StderrLine: {'line': b'\x1b[01m\x1b[K/home/nebbackwards/WPI/Classes/RBE521/Final/ros_workspace/src/RBE521/unitree_guide2/include/FSM/FSM.h:49:9:\x1b[m\x1b[K \x1b[01;35m\x1b[Kwarning: \x1b[m\x1b[Kdeleting object of polymorphic class type \xe2\x80\x98\x1b[01m\x1b[KState_Passive\x1b[m\x1b[K\xe2\x80\x99 which has non-virtual destructor might cause undefined behavior [\x1b[01;35m\x1b[K\x1b]8;;https://gcc.gnu.org/onlinedocs/gcc/Warning-Options.html#index-Wdelete-non-virtual-dtor\x07-Wdelete-non-virtual-dtor\x1b]8;;\x07\x1b[m\x1b[K]\n'}
[5.114832] (unitree_guide2) StderrLine: {'line': b'   49 |         \x1b[01;35m\x1b[Kdelete passive\x1b[m\x1b[K;\n'}
[5.114930] (unitree_guide2) StderrLine: {'line': b'      |         \x1b[01;35m\x1b[K^~~~~~~~~~~~~~\x1b[m\x1b[K\n'}
[5.115032] (unitree_guide2) StderrLine: {'line': b'\x1b[01m\x1b[K/home/nebbackwards/WPI/Classes/RBE521/Final/ros_workspace/src/RBE521/unitree_guide2/include/FSM/FSM.h:50:9:\x1b[m\x1b[K \x1b[01;35m\x1b[Kwarning: \x1b[m\x1b[Kdeleting object of polymorphic class type \xe2\x80\x98\x1b[01m\x1b[KState_FixedStand\x1b[m\x1b[K\xe2\x80\x99 which has non-virtual destructor might cause undefined behavior [\x1b[01;35m\x1b[K\x1b]8;;https://gcc.gnu.org/onlinedocs/gcc/Warning-Options.html#index-Wdelete-non-virtual-dtor\x07-Wdelete-non-virtual-dtor\x1b]8;;\x07\x1b[m\x1b[K]\n'}
[5.115133] (unitree_guide2) StderrLine: {'line': b'   50 |         \x1b[01;35m\x1b[Kdelete fixedStand\x1b[m\x1b[K;\n'}
[5.115233] (unitree_guide2) StderrLine: {'line': b'      |         \x1b[01;35m\x1b[K^~~~~~~~~~~~~~~~~\x1b[m\x1b[K\n'}
[5.115357] (unitree_guide2) StderrLine: {'line': b'\x1b[01m\x1b[K/home/nebbackwards/WPI/Classes/RBE521/Final/ros_workspace/src/RBE521/unitree_guide2/include/FSM/FSM.h:51:9:\x1b[m\x1b[K \x1b[01;35m\x1b[Kwarning: \x1b[m\x1b[Kdeleting object of polymorphic class type \xe2\x80\x98\x1b[01m\x1b[KState_GaitTransition\x1b[m\x1b[K\xe2\x80\x99 which has non-virtual destructor might cause undefined behavior [\x1b[01;35m\x1b[K\x1b]8;;https://gcc.gnu.org/onlinedocs/gcc/Warning-Options.html#index-Wdelete-non-virtual-dtor\x07-Wdelete-non-virtual-dtor\x1b]8;;\x07\x1b[m\x1b[K]\n'}
[5.115469] (unitree_guide2) StderrLine: {'line': b'   51 |         \x1b[01;35m\x1b[Kdelete gaitTransition\x1b[m\x1b[K;\n'}
[5.115568] (unitree_guide2) StderrLine: {'line': b'      |         \x1b[01;35m\x1b[K^~~~~~~~~~~~~~~~~~~~~\x1b[m\x1b[K\n'}
[5.115664] (unitree_guide2) StderrLine: {'line': b'\x1b[01m\x1b[K/home/nebbackwards/WPI/Classes/RBE521/Final/ros_workspace/src/RBE521/unitree_guide2/include/FSM/FSM.h:52:9:\x1b[m\x1b[K \x1b[01;35m\x1b[Kwarning: \x1b[m\x1b[Kdeleting object of polymorphic class type \xe2\x80\x98\x1b[01m\x1b[KState_FreeStand\x1b[m\x1b[K\xe2\x80\x99 which has non-virtual destructor might cause undefined behavior [\x1b[01;35m\x1b[K\x1b]8;;https://gcc.gnu.org/onlinedocs/gcc/Warning-Options.html#index-Wdelete-non-virtual-dtor\x07-Wdelete-non-virtual-dtor\x1b]8;;\x07\x1b[m\x1b[K]\n'}
[5.115786] (unitree_guide2) StderrLine: {'line': b'   52 |         \x1b[01;35m\x1b[Kdelete freeStand\x1b[m\x1b[K;\n'}
[5.115902] (unitree_guide2) StderrLine: {'line': b'      |         \x1b[01;35m\x1b[K^~~~~~~~~~~~~~~~\x1b[m\x1b[K\n'}
[5.116057] (unitree_guide2) StderrLine: {'line': b'\x1b[01m\x1b[K/home/nebbackwards/WPI/Classes/RBE521/Final/ros_workspace/src/RBE521/unitree_guide2/include/FSM/FSM.h:53:9:\x1b[m\x1b[K \x1b[01;35m\x1b[Kwarning: \x1b[m\x1b[Kdeleting object of polymorphic class type \xe2\x80\x98\x1b[01m\x1b[KState_Trotting\x1b[m\x1b[K\xe2\x80\x99 which has non-virtual destructor might cause undefined behavior [\x1b[01;35m\x1b[K\x1b]8;;https://gcc.gnu.org/onlinedocs/gcc/Warning-Options.html#index-Wdelete-non-virtual-dtor\x07-Wdelete-non-virtual-dtor\x1b]8;;\x07\x1b[m\x1b[K]\n'}
[5.116228] (unitree_guide2) StderrLine: {'line': b'   53 |         \x1b[01;35m\x1b[Kdelete trotting\x1b[m\x1b[K;\n'}
[5.116348] (unitree_guide2) StderrLine: {'line': b'      |         \x1b[01;35m\x1b[K^~~~~~~~~~~~~~~\x1b[m\x1b[K\n'}
[5.116519] (unitree_guide2) StderrLine: {'line': b'\x1b[01m\x1b[K/home/nebbackwards/WPI/Classes/RBE521/Final/ros_workspace/src/RBE521/unitree_guide2/include/FSM/FSM.h:54:9:\x1b[m\x1b[K \x1b[01;35m\x1b[Kwarning: \x1b[m\x1b[Kdeleting object of polymorphic class type \xe2\x80\x98\x1b[01m\x1b[KState_BalanceTest\x1b[m\x1b[K\xe2\x80\x99 which has non-virtual destructor might cause undefined behavior [\x1b[01;35m\x1b[K\x1b]8;;https://gcc.gnu.org/onlinedocs/gcc/Warning-Options.html#index-Wdelete-non-virtual-dtor\x07-Wdelete-non-virtual-dtor\x1b]8;;\x07\x1b[m\x1b[K]\n'}
[5.116660] (unitree_guide2) StderrLine: {'line': b'   54 |         \x1b[01;35m\x1b[Kdelete balanceTest\x1b[m\x1b[K;\n'}
[5.116774] (unitree_guide2) StderrLine: {'line': b'      |         \x1b[01;35m\x1b[K^~~~~~~~~~~~~~~~~~\x1b[m\x1b[K\n'}
[5.116882] (unitree_guide2) StderrLine: {'line': b'\x1b[01m\x1b[K/home/nebbackwards/WPI/Classes/RBE521/Final/ros_workspace/src/RBE521/unitree_guide2/include/FSM/FSM.h:55:9:\x1b[m\x1b[K \x1b[01;35m\x1b[Kwarning: \x1b[m\x1b[Kdeleting object of polymorphic class type \xe2\x80\x98\x1b[01m\x1b[KState_SwingTest\x1b[m\x1b[K\xe2\x80\x99 which has non-virtual destructor might cause undefined behavior [\x1b[01;35m\x1b[K\x1b]8;;https://gcc.gnu.org/onlinedocs/gcc/Warning-Options.html#index-Wdelete-non-virtual-dtor\x07-Wdelete-non-virtual-dtor\x1b]8;;\x07\x1b[m\x1b[K]\n'}
[5.116999] (unitree_guide2) StderrLine: {'line': b'   55 |         \x1b[01;35m\x1b[Kdelete swingTest\x1b[m\x1b[K;\n'}
[5.117132] (unitree_guide2) StderrLine: {'line': b'      |         \x1b[01;35m\x1b[K^~~~~~~~~~~~~~~~\x1b[m\x1b[K\n'}
[5.117292] (unitree_guide2) StderrLine: {'line': b'\x1b[01m\x1b[K/home/nebbackwards/WPI/Classes/RBE521/Final/ros_workspace/src/RBE521/unitree_guide2/include/FSM/FSM.h:56:9:\x1b[m\x1b[K \x1b[01;35m\x1b[Kwarning: \x1b[m\x1b[Kdeleting object of polymorphic class type \xe2\x80\x98\x1b[01m\x1b[KState_StepTest\x1b[m\x1b[K\xe2\x80\x99 which has non-virtual destructor might cause undefined behavior [\x1b[01;35m\x1b[K\x1b]8;;https://gcc.gnu.org/onlinedocs/gcc/Warning-Options.html#index-Wdelete-non-virtual-dtor\x07-Wdelete-non-virtual-dtor\x1b]8;;\x07\x1b[m\x1b[K]\n'}
[5.117449] (unitree_guide2) StderrLine: {'line': b'   56 |         \x1b[01;35m\x1b[Kdelete stepTest\x1b[m\x1b[K;\n'}
[5.117578] (unitree_guide2) StderrLine: {'line': b'      |         \x1b[01;35m\x1b[K^~~~~~~~~~~~~~~\x1b[m\x1b[K\n'}
[5.117713] (unitree_guide2) StderrLine: {'line': b'\x1b[01m\x1b[K/home/nebbackwards/WPI/Classes/RBE521/Final/ros_workspace/src/RBE521/unitree_guide2/include/FSM/FSM.h:62:9:\x1b[m\x1b[K \x1b[01;35m\x1b[Kwarning: \x1b[m\x1b[Kdeleting object of polymorphic class type \xe2\x80\x98\x1b[01m\x1b[KState_move_base\x1b[m\x1b[K\xe2\x80\x99 which has non-virtual destructor might cause undefined behavior [\x1b[01;35m\x1b[K\x1b]8;;https://gcc.gnu.org/onlinedocs/gcc/Warning-Options.html#index-Wdelete-non-virtual-dtor\x07-Wdelete-non-virtual-dtor\x1b]8;;\x07\x1b[m\x1b[K]\n'}
[5.117872] (unitree_guide2) StderrLine: {'line': b'   62 |         \x1b[01;35m\x1b[Kdelete moveBase\x1b[m\x1b[K;\n'}
[5.117996] (unitree_guide2) StderrLine: {'line': b'      |         \x1b[01;35m\x1b[K^~~~~~~~~~~~~~~\x1b[m\x1b[K\n'}
[5.118126] (unitree_guide2) StderrLine: {'line': b'\x1b[01m\x1b[K/home/nebbackwards/WPI/Classes/RBE521/Final/ros_workspace/src/RBE521/unitree_guide2/include/FSM/FSM.h:63:9:\x1b[m\x1b[K \x1b[01;35m\x1b[Kwarning: \x1b[m\x1b[Kdeleting object of polymorphic class type \xe2\x80\x98\x1b[01m\x1b[KState_move_gait\x1b[m\x1b[K\xe2\x80\x99 which has non-virtual destructor might cause undefined behavior [\x1b[01;35m\x1b[K\x1b]8;;https://gcc.gnu.org/onlinedocs/gcc/Warning-Options.html#index-Wdelete-non-virtual-dtor\x07-Wdelete-non-virtual-dtor\x1b]8;;\x07\x1b[m\x1b[K]\n'}
[5.118250] (unitree_guide2) StderrLine: {'line': b'   63 |         \x1b[01;35m\x1b[Kdelete moveGait\x1b[m\x1b[K;\n'}
[5.118397] (unitree_guide2) StderrLine: {'line': b'      |         \x1b[01;35m\x1b[K^~~~~~~~~~~~~~~\x1b[m\x1b[K\n'}
[5.120806] (-) TimerEvent: {}
[5.124073] (unitree_guide2) StderrLine: {'line': b'\x1b[01m\x1b[K/home/nebbackwards/WPI/Classes/RBE521/Final/ros_workspace/src/RBE521/unitree_guide2/include/FSM/FSM.h:\x1b[m\x1b[K In member function \xe2\x80\x98\x1b[01m\x1b[Kvoid FSMStateList::\x1b[01;32m\x1b[KdeletePtr\x1b[m\x1b[K()\x1b[m\x1b[K\xe2\x80\x99:\n'}
[5.124813] (unitree_guide2) StderrLine: {'line': b'\x1b[01m\x1b[K/home/nebbackwards/WPI/Classes/RBE521/Final/ros_workspace/src/RBE521/unitree_guide2/include/FSM/FSM.h:48:9:\x1b[m\x1b[K \x1b[01;35m\x1b[Kwarning: \x1b[m\x1b[Kdeleting object of abstract class type \xe2\x80\x98\x1b[01m\x1b[KFSMState\x1b[m\x1b[K\xe2\x80\x99 which has non-virtual destructor will cause undefined behavior [\x1b[01;35m\x1b[K\x1b]8;;https://gcc.gnu.org/onlinedocs/gcc/Warning-Options.html#index-Wdelete-non-virtual-dtor\x07-Wdelete-non-virtual-dtor\x1b]8;;\x07\x1b[m\x1b[K]\n'}
[5.125103] (unitree_guide2) StderrLine: {'line': b'   48 |         \x1b[01;35m\x1b[Kdelete invalid\x1b[m\x1b[K;\n'}
[5.125392] (unitree_guide2) StderrLine: {'line': b'      |         \x1b[01;35m\x1b[K^~~~~~~~~~~~~~\x1b[m\x1b[K\n'}
[5.125648] (unitree_guide2) StderrLine: {'line': b'\x1b[01m\x1b[K/home/nebbackwards/WPI/Classes/RBE521/Final/ros_workspace/src/RBE521/unitree_guide2/include/FSM/FSM.h:49:9:\x1b[m\x1b[K \x1b[01;35m\x1b[Kwarning: \x1b[m\x1b[Kdeleting object of polymorphic class type \xe2\x80\x98\x1b[01m\x1b[KState_Passive\x1b[m\x1b[K\xe2\x80\x99 which has non-virtual destructor might cause undefined behavior [\x1b[01;35m\x1b[K\x1b]8;;https://gcc.gnu.org/onlinedocs/gcc/Warning-Options.html#index-Wdelete-non-virtual-dtor\x07-Wdelete-non-virtual-dtor\x1b]8;;\x07\x1b[m\x1b[K]\n'}
[5.125839] (unitree_guide2) StderrLine: {'line': b'   49 |         \x1b[01;35m\x1b[Kdelete passive\x1b[m\x1b[K;\n'}
[5.125964] (unitree_guide2) StderrLine: {'line': b'      |         \x1b[01;35m\x1b[K^~~~~~~~~~~~~~\x1b[m\x1b[K\n'}
[5.126085] (unitree_guide2) StderrLine: {'line': b'\x1b[01m\x1b[K/home/nebbackwards/WPI/Classes/RBE521/Final/ros_workspace/src/RBE521/unitree_guide2/include/FSM/FSM.h:50:9:\x1b[m\x1b[K \x1b[01;35m\x1b[Kwarning: \x1b[m\x1b[Kdeleting object of polymorphic class type \xe2\x80\x98\x1b[01m\x1b[KState_FixedStand\x1b[m\x1b[K\xe2\x80\x99 which has non-virtual destructor might cause undefined behavior [\x1b[01;35m\x1b[K\x1b]8;;https://gcc.gnu.org/onlinedocs/gcc/Warning-Options.html#index-Wdelete-non-virtual-dtor\x07-Wdelete-non-virtual-dtor\x1b]8;;\x07\x1b[m\x1b[K]\n'}
[5.126220] (unitree_guide2) StderrLine: {'line': b'   50 |         \x1b[01;35m\x1b[Kdelete fixedStand\x1b[m\x1b[K;\n'}
[5.126358] (unitree_guide2) StderrLine: {'line': b'      |         \x1b[01;35m\x1b[K^~~~~~~~~~~~~~~~~\x1b[m\x1b[K\n'}
[5.126477] (unitree_guide2) StderrLine: {'line': b'\x1b[01m\x1b[K/home/nebbackwards/WPI/Classes/RBE521/Final/ros_workspace/src/RBE521/unitree_guide2/include/FSM/FSM.h:51:9:\x1b[m\x1b[K \x1b[01;35m\x1b[Kwarning: \x1b[m\x1b[Kdeleting object of polymorphic class type \xe2\x80\x98\x1b[01m\x1b[KState_GaitTransition\x1b[m\x1b[K\xe2\x80\x99 which has non-virtual destructor might cause undefined behavior [\x1b[01;35m\x1b[K\x1b]8;;https://gcc.gnu.org/onlinedocs/gcc/Warning-Options.html#index-Wdelete-non-virtual-dtor\x07-Wdelete-non-virtual-dtor\x1b]8;;\x07\x1b[m\x1b[K]\n'}
[5.126617] (unitree_guide2) StderrLine: {'line': b'   51 |         \x1b[01;35m\x1b[Kdelete gaitTransition\x1b[m\x1b[K;\n'}
[5.126737] (unitree_guide2) StderrLine: {'line': b'      |         \x1b[01;35m\x1b[K^~~~~~~~~~~~~~~~~~~~~\x1b[m\x1b[K\n'}
[5.126855] (unitree_guide2) StderrLine: {'line': b'\x1b[01m\x1b[K/home/nebbackwards/WPI/Classes/RBE521/Final/ros_workspace/src/RBE521/unitree_guide2/include/FSM/FSM.h:52:9:\x1b[m\x1b[K \x1b[01;35m\x1b[Kwarning: \x1b[m\x1b[Kdeleting object of polymorphic class type \xe2\x80\x98\x1b[01m\x1b[KState_FreeStand\x1b[m\x1b[K\xe2\x80\x99 which has non-virtual destructor might cause undefined behavior [\x1b[01;35m\x1b[K\x1b]8;;https://gcc.gnu.org/onlinedocs/gcc/Warning-Options.html#index-Wdelete-non-virtual-dtor\x07-Wdelete-non-virtual-dtor\x1b]8;;\x07\x1b[m\x1b[K]\n'}
[5.126979] (unitree_guide2) StderrLine: {'line': b'   52 |         \x1b[01;35m\x1b[Kdelete freeStand\x1b[m\x1b[K;\n'}
[5.127106] (unitree_guide2) StderrLine: {'line': b'      |         \x1b[01;35m\x1b[K^~~~~~~~~~~~~~~~\x1b[m\x1b[K\n'}
[5.127235] (unitree_guide2) StderrLine: {'line': b'\x1b[01m\x1b[K/home/nebbackwards/WPI/Classes/RBE521/Final/ros_workspace/src/RBE521/unitree_guide2/include/FSM/FSM.h:53:9:\x1b[m\x1b[K \x1b[01;35m\x1b[Kwarning: \x1b[m\x1b[Kdeleting object of polymorphic class type \xe2\x80\x98\x1b[01m\x1b[KState_Trotting\x1b[m\x1b[K\xe2\x80\x99 which has non-virtual destructor might cause undefined behavior [\x1b[01;35m\x1b[K\x1b]8;;https://gcc.gnu.org/onlinedocs/gcc/Warning-Options.html#index-Wdelete-non-virtual-dtor\x07-Wdelete-non-virtual-dtor\x1b]8;;\x07\x1b[m\x1b[K]\n'}
[5.127478] (unitree_guide2) StderrLine: {'line': b'   53 |         \x1b[01;35m\x1b[Kdelete trotting\x1b[m\x1b[K;\n'}
[5.127608] (unitree_guide2) StderrLine: {'line': b'      |         \x1b[01;35m\x1b[K^~~~~~~~~~~~~~~\x1b[m\x1b[K\n'}
[5.127731] (unitree_guide2) StderrLine: {'line': b'\x1b[01m\x1b[K/home/nebbackwards/WPI/Classes/RBE521/Final/ros_workspace/src/RBE521/unitree_guide2/include/FSM/FSM.h:54:9:\x1b[m\x1b[K \x1b[01;35m\x1b[Kwarning: \x1b[m\x1b[Kdeleting object of polymorphic class type \xe2\x80\x98\x1b[01m\x1b[KState_BalanceTest\x1b[m\x1b[K\xe2\x80\x99 which has non-virtual destructor might cause undefined behavior [\x1b[01;35m\x1b[K\x1b]8;;https://gcc.gnu.org/onlinedocs/gcc/Warning-Options.html#index-Wdelete-non-virtual-dtor\x07-Wdelete-non-virtual-dtor\x1b]8;;\x07\x1b[m\x1b[K]\n'}
[5.127857] (unitree_guide2) StderrLine: {'line': b'   54 |         \x1b[01;35m\x1b[Kdelete balanceTest\x1b[m\x1b[K;\n'}
[5.127983] (unitree_guide2) StderrLine: {'line': b'      |         \x1b[01;35m\x1b[K^~~~~~~~~~~~~~~~~~\x1b[m\x1b[K\n'}
[5.128099] (unitree_guide2) StderrLine: {'line': b'\x1b[01m\x1b[K/home/nebbackwards/WPI/Classes/RBE521/Final/ros_workspace/src/RBE521/unitree_guide2/include/FSM/FSM.h:55:9:\x1b[m\x1b[K \x1b[01;35m\x1b[Kwarning: \x1b[m\x1b[Kdeleting object of polymorphic class type \xe2\x80\x98\x1b[01m\x1b[KState_SwingTest\x1b[m\x1b[K\xe2\x80\x99 which has non-virtual destructor might cause undefined behavior [\x1b[01;35m\x1b[K\x1b]8;;https://gcc.gnu.org/onlinedocs/gcc/Warning-Options.html#index-Wdelete-non-virtual-dtor\x07-Wdelete-non-virtual-dtor\x1b]8;;\x07\x1b[m\x1b[K]\n'}
[5.128247] (unitree_guide2) StderrLine: {'line': b'   55 |         \x1b[01;35m\x1b[Kdelete swingTest\x1b[m\x1b[K;\n'}
[5.128389] (unitree_guide2) StderrLine: {'line': b'      |         \x1b[01;35m\x1b[K^~~~~~~~~~~~~~~~\x1b[m\x1b[K\n'}
[5.128512] (unitree_guide2) StderrLine: {'line': b'\x1b[01m\x1b[K/home/nebbackwards/WPI/Classes/RBE521/Final/ros_workspace/src/RBE521/unitree_guide2/include/FSM/FSM.h:56:9:\x1b[m\x1b[K \x1b[01;35m\x1b[Kwarning: \x1b[m\x1b[Kdeleting object of polymorphic class type \xe2\x80\x98\x1b[01m\x1b[KState_StepTest\x1b[m\x1b[K\xe2\x80\x99 which has non-virtual destructor might cause undefined behavior [\x1b[01;35m\x1b[K\x1b]8;;https://gcc.gnu.org/onlinedocs/gcc/Warning-Options.html#index-Wdelete-non-virtual-dtor\x07-Wdelete-non-virtual-dtor\x1b]8;;\x07\x1b[m\x1b[K]\n'}
[5.128641] (unitree_guide2) StderrLine: {'line': b'   56 |         \x1b[01;35m\x1b[Kdelete stepTest\x1b[m\x1b[K;\n'}
[5.128750] (unitree_guide2) StderrLine: {'line': b'      |         \x1b[01;35m\x1b[K^~~~~~~~~~~~~~~\x1b[m\x1b[K\n'}
[5.128868] (unitree_guide2) StderrLine: {'line': b'\x1b[01m\x1b[K/home/nebbackwards/WPI/Classes/RBE521/Final/ros_workspace/src/RBE521/unitree_guide2/include/FSM/FSM.h:62:9:\x1b[m\x1b[K \x1b[01;35m\x1b[Kwarning: \x1b[m\x1b[Kdeleting object of polymorphic class type \xe2\x80\x98\x1b[01m\x1b[KState_move_base\x1b[m\x1b[K\xe2\x80\x99 which has non-virtual destructor might cause undefined behavior [\x1b[01;35m\x1b[K\x1b]8;;https://gcc.gnu.org/onlinedocs/gcc/Warning-Options.html#index-Wdelete-non-virtual-dtor\x07-Wdelete-non-virtual-dtor\x1b]8;;\x07\x1b[m\x1b[K]\n'}
[5.128998] (unitree_guide2) StderrLine: {'line': b'   62 |         \x1b[01;35m\x1b[Kdelete moveBase\x1b[m\x1b[K;\n'}
[5.129117] (unitree_guide2) StderrLine: {'line': b'      |         \x1b[01;35m\x1b[K^~~~~~~~~~~~~~~\x1b[m\x1b[K\n'}
[5.129242] (unitree_guide2) StderrLine: {'line': b'\x1b[01m\x1b[K/home/nebbackwards/WPI/Classes/RBE521/Final/ros_workspace/src/RBE521/unitree_guide2/include/FSM/FSM.h:63:9:\x1b[m\x1b[K \x1b[01;35m\x1b[Kwarning: \x1b[m\x1b[Kdeleting object of polymorphic class type \xe2\x80\x98\x1b[01m\x1b[KState_move_gait\x1b[m\x1b[K\xe2\x80\x99 which has non-virtual destructor might cause undefined behavior [\x1b[01;35m\x1b[K\x1b]8;;https://gcc.gnu.org/onlinedocs/gcc/Warning-Options.html#index-Wdelete-non-virtual-dtor\x07-Wdelete-non-virtual-dtor\x1b]8;;\x07\x1b[m\x1b[K]\n'}
[5.129390] (unitree_guide2) StderrLine: {'line': b'   63 |         \x1b[01;35m\x1b[Kdelete moveGait\x1b[m\x1b[K;\n'}
[5.129516] (unitree_guide2) StderrLine: {'line': b'      |         \x1b[01;35m\x1b[K^~~~~~~~~~~~~~~\x1b[m\x1b[K\n'}
[5.158237] (unitree_guide2) StderrLine: {'line': b'\x1b[01m\x1b[K/home/nebbackwards/WPI/Classes/RBE521/Final/ros_workspace/src/RBE521/unitree_guide2/src/FSM/State_move_gait.cpp:\x1b[m\x1b[K In constructor \xe2\x80\x98\x1b[01m\x1b[KState_move_gait::\x1b[01;32m\x1b[KState_move_gait\x1b[m\x1b[K(CtrlComponents*)\x1b[m\x1b[K\xe2\x80\x99:\n'}
[5.158675] (unitree_guide2) StderrLine: {'line': b'\x1b[01m\x1b[K/home/nebbackwards/WPI/Classes/RBE521/Final/ros_workspace/src/RBE521/unitree_guide2/src/FSM/State_move_gait.cpp:57:2:\x1b[m\x1b[K \x1b[01;31m\x1b[Kerror: \x1b[m\x1b[Kclass \xe2\x80\x98\x1b[01m\x1b[KState_move_gait\x1b[m\x1b[K\xe2\x80\x99 does not have any field named \xe2\x80\x98\x1b[01m\x1b[KState_GaitTransition\x1b[m\x1b[K\xe2\x80\x99\n'}
[5.158956] (unitree_guide2) StderrLine: {'line': b'   57 | :\x1b[01;31m\x1b[KState_GaitTransition\x1b[m\x1b[K(ctrlComp){\n'}
[5.159209] (unitree_guide2) StderrLine: {'line': b'      |  \x1b[01;31m\x1b[K^~~~~~~~~~~~~~~~~~~~\x1b[m\x1b[K\n'}
[5.169821] (unitree_guide2) StderrLine: {'line': b'\x1b[01m\x1b[K/home/nebbackwards/WPI/Classes/RBE521/Final/ros_workspace/src/RBE521/unitree_guide2/src/FSM/State_move_gait.cpp:58:5:\x1b[m\x1b[K \x1b[01;31m\x1b[Kerror: \x1b[m\x1b[K\xe2\x80\x98\x1b[01m\x1b[K_stateName\x1b[m\x1b[K\xe2\x80\x99 was not declared in this scope; did you mean \xe2\x80\x98\x1b[01m\x1b[KFSMStateName\x1b[m\x1b[K\xe2\x80\x99?\n'}
[5.170138] (unitree_guide2) StderrLine: {'line': b'   58 |     \x1b[01;31m\x1b[K_stateName\x1b[m\x1b[K = FSMStateName::MOVE_GAIT;\n'}
[5.170461] (unitree_guide2) StderrLine: {'line': b'      |     \x1b[01;31m\x1b[K^~~~~~~~~~\x1b[m\x1b[K\n'}
[5.170751] (unitree_guide2) StderrLine: {'line': b'      |     \x1b[32m\x1b[KFSMStateName\x1b[m\x1b[K\n'}
[5.186145] (unitree_guide2) StderrLine: {'line': b'\x1b[01m\x1b[K/home/nebbackwards/WPI/Classes/RBE521/Final/ros_workspace/src/RBE521/unitree_guide2/src/FSM/State_move_gait.cpp:59:5:\x1b[m\x1b[K \x1b[01;31m\x1b[Kerror: \x1b[m\x1b[K\xe2\x80\x98\x1b[01m\x1b[K_stateNameString\x1b[m\x1b[K\xe2\x80\x99 was not declared in this scope\n'}
[5.186616] (unitree_guide2) StderrLine: {'line': b'   59 |     \x1b[01;31m\x1b[K_stateNameString\x1b[m\x1b[K = "move_gait";\n'}
[5.186907] (unitree_guide2) StderrLine: {'line': b'      |     \x1b[01;31m\x1b[K^~~~~~~~~~~~~~~~\x1b[m\x1b[K\n'}
[5.200311] (unitree_guide2) StderrLine: {'line': b'\x1b[01m\x1b[K/home/nebbackwards/WPI/Classes/RBE521/Final/ros_workspace/src/RBE521/unitree_guide2/src/FSM/State_move_gait.cpp:\x1b[m\x1b[K In member function \xe2\x80\x98\x1b[01m\x1b[KFSMStateName State_move_gait::\x1b[01;32m\x1b[KcheckChange\x1b[m\x1b[K()\x1b[m\x1b[K\xe2\x80\x99:\n'}
[5.200588] (unitree_guide2) StderrLine: {'line': b'\x1b[01m\x1b[K/home/nebbackwards/WPI/Classes/RBE521/Final/ros_workspace/src/RBE521/unitree_guide2/src/FSM/State_move_gait.cpp:73:8:\x1b[m\x1b[K \x1b[01;31m\x1b[Kerror: \x1b[m\x1b[K\xe2\x80\x98\x1b[01m\x1b[K_lowState\x1b[m\x1b[K\xe2\x80\x99 was not declared in this scope; did you mean \xe2\x80\x98\x1b[01m\x1b[K_xstate\x1b[m\x1b[K\xe2\x80\x99?\n'}
[5.200741] (unitree_guide2) StderrLine: {'line': b'   73 |     if(\x1b[01;31m\x1b[K_lowState\x1b[m\x1b[K->userCmd == UserCommand::L2_B){\n'}
[5.200878] (unitree_guide2) StderrLine: {'line': b'      |        \x1b[01;31m\x1b[K^~~~~~~~~\x1b[m\x1b[K\n'}
[5.201010] (unitree_guide2) StderrLine: {'line': b'      |        \x1b[32m\x1b[K_xstate\x1b[m\x1b[K\n'}
[5.210843] (unitree_guide2) StderrLine: {'line': b'\x1b[01m\x1b[K/home/nebbackwards/WPI/Classes/RBE521/Final/ros_workspace/src/RBE521/unitree_guide2/src/FSM/State_move_gait.cpp:\x1b[m\x1b[K In member function \xe2\x80\x98\x1b[01m\x1b[Kvoid State_move_gait::\x1b[01;32m\x1b[KgetUserCmd\x1b[m\x1b[K()\x1b[m\x1b[K\xe2\x80\x99:\n'}
[5.211183] (unitree_guide2) StderrLine: {'line': b'\x1b[01m\x1b[K/home/nebbackwards/WPI/Classes/RBE521/Final/ros_workspace/src/RBE521/unitree_guide2/src/FSM/State_move_gait.cpp:85:5:\x1b[m\x1b[K \x1b[01;31m\x1b[Kerror: \x1b[m\x1b[K\xe2\x80\x98\x1b[01m\x1b[KsetHighCmd\x1b[m\x1b[K\xe2\x80\x99 was not declared in this scope\n'}
[5.211438] (unitree_guide2) StderrLine: {'line': b'   85 |     \x1b[01;31m\x1b[KsetHighCmd\x1b[m\x1b[K(_vx, _vy, _wz);\n'}
[5.211623] (unitree_guide2) StderrLine: {'line': b'      |     \x1b[01;31m\x1b[K^~~~~~~~~~\x1b[m\x1b[K\n'}
[5.212461] (unitree_guide2) StderrLine: {'line': b'\x1b[01m\x1b[K/home/nebbackwards/WPI/Classes/RBE521/Final/ros_workspace/src/RBE521/unitree_guide2/src/FSM/State_move_gait.cpp:\x1b[m\x1b[K At global scope:\n'}
[5.212697] (unitree_guide2) StderrLine: {'line': b'\x1b[01m\x1b[K/home/nebbackwards/WPI/Classes/RBE521/Final/ros_workspace/src/RBE521/unitree_guide2/src/FSM/State_move_gait.cpp:93:51:\x1b[m\x1b[K \x1b[01;31m\x1b[Kerror: \x1b[m\x1b[K\xe2\x80\x98\x1b[01m\x1b[KSharedPtr\x1b[m\x1b[K\xe2\x80\x99 in \xe2\x80\x98\x1b[01m\x1b[Kstruct GaitCmd\x1b[m\x1b[K\xe2\x80\x99 does not name a type\n'}
[5.212900] (unitree_guide2) StderrLine: {'line': b'   93 | void State_move_gait::gaitCallback(const GaitCmd::\x1b[01;31m\x1b[KSharedPtr\x1b[m\x1b[K msg){\n'}
[5.213067] (unitree_guide2) StderrLine: {'line': b'      |                                                   \x1b[01;31m\x1b[K^~~~~~~~~\x1b[m\x1b[K\n'}
[5.220982] (-) TimerEvent: {}
[5.221592] (unitree_guide2) StderrLine: {'line': b'\x1b[01m\x1b[K/home/nebbackwards/WPI/Classes/RBE521/Final/ros_workspace/src/RBE521/unitree_guide2/src/FSM/State_move_gait.cpp:\x1b[m\x1b[K In member function \xe2\x80\x98\x1b[01m\x1b[Kvoid State_move_gait::\x1b[01;32m\x1b[KgaitCallback\x1b[m\x1b[K(int)\x1b[m\x1b[K\xe2\x80\x99:\n'}
[5.221922] (unitree_guide2) StderrLine: {'line': b'\x1b[01m\x1b[K/home/nebbackwards/WPI/Classes/RBE521/Final/ros_workspace/src/RBE521/unitree_guide2/src/FSM/State_move_gait.cpp:94:5:\x1b[m\x1b[K \x1b[01;31m\x1b[Kerror: \x1b[m\x1b[K\xe2\x80\x98\x1b[01m\x1b[K_beta\x1b[m\x1b[K\xe2\x80\x99 was not declared in this scope\n'}
[5.222141] (unitree_guide2) StderrLine: {'line': b'   94 |     \x1b[01;31m\x1b[K_beta\x1b[m\x1b[K= msg.beta;\n'}
[5.222355] (unitree_guide2) StderrLine: {'line': b'      |     \x1b[01;31m\x1b[K^~~~~\x1b[m\x1b[K\n'}
[5.222551] (unitree_guide2) StderrLine: {'line': b'\x1b[01m\x1b[K/home/nebbackwards/WPI/Classes/RBE521/Final/ros_workspace/src/RBE521/unitree_guide2/src/FSM/State_move_gait.cpp:94:16:\x1b[m\x1b[K \x1b[01;31m\x1b[Kerror: \x1b[m\x1b[Krequest for member \xe2\x80\x98\x1b[01m\x1b[Kbeta\x1b[m\x1b[K\xe2\x80\x99 in \xe2\x80\x98\x1b[01m\x1b[Kmsg\x1b[m\x1b[K\xe2\x80\x99, which is of non-class type \xe2\x80\x98\x1b[01m\x1b[Kconst int\x1b[m\x1b[K\xe2\x80\x99\n'}
[5.222757] (unitree_guide2) StderrLine: {'line': b'   94 |     _beta= msg.\x1b[01;31m\x1b[Kbeta\x1b[m\x1b[K;\n'}
[5.222936] (unitree_guide2) StderrLine: {'line': b'      |                \x1b[01;31m\x1b[K^~~~\x1b[m\x1b[K\n'}
[5.231586] (unitree_guide2) StderrLine: {'line': b'\x1b[01m\x1b[K/home/nebbackwards/WPI/Classes/RBE521/Final/ros_workspace/src/RBE521/unitree_guide2/src/FSM/State_move_gait.cpp:95:5:\x1b[m\x1b[K \x1b[01;31m\x1b[Kerror: \x1b[m\x1b[K\xe2\x80\x98\x1b[01m\x1b[K_period\x1b[m\x1b[K\xe2\x80\x99 was not declared in this scope\n'}
[5.231959] (unitree_guide2) StderrLine: {'line': b'   95 |     \x1b[01;31m\x1b[K_period\x1b[m\x1b[K = msg.period;\n'}
[5.232176] (unitree_guide2) StderrLine: {'line': b'      |     \x1b[01;31m\x1b[K^~~~~~~\x1b[m\x1b[K\n'}
[5.232444] (unitree_guide2) StderrLine: {'line': b'\x1b[01m\x1b[K/home/nebbackwards/WPI/Classes/RBE521/Final/ros_workspace/src/RBE521/unitree_guide2/src/FSM/State_move_gait.cpp:95:19:\x1b[m\x1b[K \x1b[01;31m\x1b[Kerror: \x1b[m\x1b[Krequest for member \xe2\x80\x98\x1b[01m\x1b[Kperiod\x1b[m\x1b[K\xe2\x80\x99 in \xe2\x80\x98\x1b[01m\x1b[Kmsg\x1b[m\x1b[K\xe2\x80\x99, which is of non-class type \xe2\x80\x98\x1b[01m\x1b[Kconst int\x1b[m\x1b[K\xe2\x80\x99\n'}
[5.232633] (unitree_guide2) StderrLine: {'line': b'   95 |     _period = msg.\x1b[01;31m\x1b[Kperiod\x1b[m\x1b[K;\n'}
[5.232736] (unitree_guide2) StderrLine: {'line': b'      |                   \x1b[01;31m\x1b[K^~~~~~\x1b[m\x1b[K\n'}
[5.240878] (unitree_guide2) StderrLine: {'line': b'\x1b[01m\x1b[K/home/nebbackwards/WPI/Classes/RBE521/Final/ros_workspace/src/RBE521/unitree_guide2/src/FSM/State_move_gait.cpp:96:5:\x1b[m\x1b[K \x1b[01;31m\x1b[Kerror: \x1b[m\x1b[K\xe2\x80\x98\x1b[01m\x1b[K_bias\x1b[m\x1b[K\xe2\x80\x99 was not declared in this scope; did you mean \xe2\x80\x98\x1b[01m\x1b[Kbias\x1b[m\x1b[K\xe2\x80\x99?\n'}
[5.241174] (unitree_guide2) StderrLine: {'line': b'   96 |     \x1b[01;31m\x1b[K_bias\x1b[m\x1b[K = Vec4([msg.b.l1, msg.b.l2, msg.b.l3, msg.b.l4]);\n'}
[5.241307] (unitree_guide2) StderrLine: {'line': b'      |     \x1b[01;31m\x1b[K^~~~~\x1b[m\x1b[K\n'}
[5.241438] (unitree_guide2) StderrLine: {'line': b'      |     \x1b[32m\x1b[Kbias\x1b[m\x1b[K\n'}
[5.241550] (unitree_guide2) StderrLine: {'line': b'\x1b[01m\x1b[K/home/nebbackwards/WPI/Classes/RBE521/Final/ros_workspace/src/RBE521/unitree_guide2/src/FSM/State_move_gait.cpp:96:33:\x1b[m\x1b[K \x1b[01;31m\x1b[Kerror: \x1b[m\x1b[Krequest for member \xe2\x80\x98\x1b[01m\x1b[Kb\x1b[m\x1b[K\xe2\x80\x99 in \xe2\x80\x98\x1b[01m\x1b[Kmsg\x1b[m\x1b[K\xe2\x80\x99, which is of non-class type \xe2\x80\x98\x1b[01m\x1b[Kconst int\x1b[m\x1b[K\xe2\x80\x99\n'}
[5.241685] (unitree_guide2) StderrLine: {'line': b'   96 |     _bias = Vec4([msg.b.l1, msg.\x1b[01;31m\x1b[Kb\x1b[m\x1b[K.l2, msg.b.l3, msg.b.l4]);\n'}
[5.241816] (unitree_guide2) StderrLine: {'line': b'      |                                 \x1b[01;31m\x1b[K^\x1b[m\x1b[K\n'}
[5.241946] (unitree_guide2) StderrLine: {'line': b'\x1b[01m\x1b[K/home/nebbackwards/WPI/Classes/RBE521/Final/ros_workspace/src/RBE521/unitree_guide2/src/FSM/State_move_gait.cpp:96:43:\x1b[m\x1b[K \x1b[01;31m\x1b[Kerror: \x1b[m\x1b[Krequest for member \xe2\x80\x98\x1b[01m\x1b[Kb\x1b[m\x1b[K\xe2\x80\x99 in \xe2\x80\x98\x1b[01m\x1b[Kmsg\x1b[m\x1b[K\xe2\x80\x99, which is of non-class type \xe2\x80\x98\x1b[01m\x1b[Kconst int\x1b[m\x1b[K\xe2\x80\x99\n'}
[5.242081] (unitree_guide2) StderrLine: {'line': b'   96 |     _bias = Vec4([msg.b.l1, msg.b.l2, msg.\x1b[01;31m\x1b[Kb\x1b[m\x1b[K.l3, msg.b.l4]);\n'}
[5.242193] (unitree_guide2) StderrLine: {'line': b'      |                                           \x1b[01;31m\x1b[K^\x1b[m\x1b[K\n'}
[5.242337] (unitree_guide2) StderrLine: {'line': b'\x1b[01m\x1b[K/home/nebbackwards/WPI/Classes/RBE521/Final/ros_workspace/src/RBE521/unitree_guide2/src/FSM/State_move_gait.cpp:96:53:\x1b[m\x1b[K \x1b[01;31m\x1b[Kerror: \x1b[m\x1b[Krequest for member \xe2\x80\x98\x1b[01m\x1b[Kb\x1b[m\x1b[K\xe2\x80\x99 in \xe2\x80\x98\x1b[01m\x1b[Kmsg\x1b[m\x1b[K\xe2\x80\x99, which is of non-class type \xe2\x80\x98\x1b[01m\x1b[Kconst int\x1b[m\x1b[K\xe2\x80\x99\n'}
[5.242483] (unitree_guide2) StderrLine: {'line': b'   96 |     _bias = Vec4([msg.b.l1, msg.b.l2, msg.b.l3, msg.\x1b[01;31m\x1b[Kb\x1b[m\x1b[K.l4]);\n'}
[5.242612] (unitree_guide2) StderrLine: {'line': b'      |                                                     \x1b[01;31m\x1b[K^\x1b[m\x1b[K\n'}
[5.242728] (unitree_guide2) StderrLine: {'line': b'\x1b[01m\x1b[K/home/nebbackwards/WPI/Classes/RBE521/Final/ros_workspace/src/RBE521/unitree_guide2/src/FSM/State_move_gait.cpp:96:17:\x1b[m\x1b[K \x1b[01;31m\x1b[Kerror: \x1b[m\x1b[Kexpected primary-expression before \xe2\x80\x98\x1b[01m\x1b[K(\x1b[m\x1b[K\xe2\x80\x99 token\n'}
[5.242841] (unitree_guide2) StderrLine: {'line': b'   96 |     _bias = Vec4\x1b[01;31m\x1b[K(\x1b[m\x1b[K[msg.b.l1, msg.b.l2, msg.b.l3, msg.b.l4]);\n'}
[5.242950] (unitree_guide2) StderrLine: {'line': b'      |                 \x1b[01;31m\x1b[K^\x1b[m\x1b[K\n'}
[5.243050] (unitree_guide2) StderrLine: {'line': b'\x1b[01m\x1b[K/home/nebbackwards/WPI/Classes/RBE521/Final/ros_workspace/src/RBE521/unitree_guide2/src/FSM/State_move_gait.cpp:96:22:\x1b[m\x1b[K \x1b[01;31m\x1b[Kerror: \x1b[m\x1b[Kexpected \xe2\x80\x98\x1b[01m\x1b[K,\x1b[m\x1b[K\xe2\x80\x99 before \xe2\x80\x98\x1b[01m\x1b[K.\x1b[m\x1b[K\xe2\x80\x99 token\n'}
[5.243153] (unitree_guide2) StderrLine: {'line': b'   96 |     _bias = Vec4([msg\x1b[01;31m\x1b[K.\x1b[m\x1b[Kb.l1, msg.b.l2, msg.b.l3, msg.b.l4]);\n'}
[5.243255] (unitree_guide2) StderrLine: {'line': b'      |                      \x1b[01;31m\x1b[K^\x1b[m\x1b[K\n'}
[5.243392] (unitree_guide2) StderrLine: {'line': b'      |                      \x1b[32m\x1b[K,\x1b[m\x1b[K\n'}
[5.243490] (unitree_guide2) StderrLine: {'line': b'\x1b[01m\x1b[K/home/nebbackwards/WPI/Classes/RBE521/Final/ros_workspace/src/RBE521/unitree_guide2/src/FSM/State_move_gait.cpp:96:22:\x1b[m\x1b[K \x1b[01;31m\x1b[Kerror: \x1b[m\x1b[Kexpected identifier before \xe2\x80\x98\x1b[01m\x1b[K.\x1b[m\x1b[K\xe2\x80\x99 token\n'}
[5.243601] (unitree_guide2) StderrLine: {'line': b'\x1b[01m\x1b[K/home/nebbackwards/WPI/Classes/RBE521/Final/ros_workspace/src/RBE521/unitree_guide2/src/FSM/State_move_gait.cpp:96:27:\x1b[m\x1b[K \x1b[01;31m\x1b[Kerror: \x1b[m\x1b[Kexpected \xe2\x80\x98\x1b[01m\x1b[K]\x1b[m\x1b[K\xe2\x80\x99 before \xe2\x80\x98\x1b[01m\x1b[K,\x1b[m\x1b[K\xe2\x80\x99 token\n'}
[5.243701] (unitree_guide2) StderrLine: {'line': b'   96 |     _bias = Vec4([msg.b.l1\x1b[01;31m\x1b[K,\x1b[m\x1b[K msg.b.l2, msg.b.l3, msg.b.l4]);\n'}
[5.243798] (unitree_guide2) StderrLine: {'line': b'      |                           \x1b[01;31m\x1b[K^\x1b[m\x1b[K\n'}
[5.243919] (unitree_guide2) StderrLine: {'line': b'      |                           \x1b[32m\x1b[K]\x1b[m\x1b[K\n'}
[5.244026] (unitree_guide2) StderrLine: {'line': b'\x1b[01m\x1b[K/home/nebbackwards/WPI/Classes/RBE521/Final/ros_workspace/src/RBE521/unitree_guide2/src/FSM/State_move_gait.cpp:\x1b[m\x1b[K In lambda function:\n'}
[5.244160] (unitree_guide2) StderrLine: {'line': b'\x1b[01m\x1b[K/home/nebbackwards/WPI/Classes/RBE521/Final/ros_workspace/src/RBE521/unitree_guide2/src/FSM/State_move_gait.cpp:96:27:\x1b[m\x1b[K \x1b[01;31m\x1b[Kerror: \x1b[m\x1b[Kexpected \xe2\x80\x98\x1b[01m\x1b[K{\x1b[m\x1b[K\xe2\x80\x99 before \xe2\x80\x98\x1b[01m\x1b[K,\x1b[m\x1b[K\xe2\x80\x99 token\n'}
[5.244300] (unitree_guide2) StderrLine: {'line': b'\x1b[01m\x1b[K/home/nebbackwards/WPI/Classes/RBE521/Final/ros_workspace/src/RBE521/unitree_guide2/src/FSM/State_move_gait.cpp:\x1b[m\x1b[K In member function \xe2\x80\x98\x1b[01m\x1b[Kvoid State_move_gait::\x1b[01;32m\x1b[KgaitCallback\x1b[m\x1b[K(int)\x1b[m\x1b[K\xe2\x80\x99:\n'}
[5.244398] (unitree_guide2) StderrLine: {'line': b'\x1b[01m\x1b[K/home/nebbackwards/WPI/Classes/RBE521/Final/ros_workspace/src/RBE521/unitree_guide2/src/FSM/State_move_gait.cpp:96:33:\x1b[m\x1b[K \x1b[01;31m\x1b[Kerror: \x1b[m\x1b[Krequest for member \xe2\x80\x98\x1b[01m\x1b[Kb\x1b[m\x1b[K\xe2\x80\x99 in \xe2\x80\x98\x1b[01m\x1b[Kmsg\x1b[m\x1b[K\xe2\x80\x99, which is of non-class type \xe2\x80\x98\x1b[01m\x1b[Kconst int\x1b[m\x1b[K\xe2\x80\x99\n'}
[5.244512] (unitree_guide2) StderrLine: {'line': b'   96 |     _bias = Vec4([msg.b.l1, msg.\x1b[01;31m\x1b[Kb\x1b[m\x1b[K.l2, msg.b.l3, msg.b.l4]);\n'}
[5.244644] (unitree_guide2) StderrLine: {'line': b'      |                                 \x1b[01;31m\x1b[K^\x1b[m\x1b[K\n'}
[5.244772] (unitree_guide2) StderrLine: {'line': b'\x1b[01m\x1b[K/home/nebbackwards/WPI/Classes/RBE521/Final/ros_workspace/src/RBE521/unitree_guide2/src/FSM/State_move_gait.cpp:96:43:\x1b[m\x1b[K \x1b[01;31m\x1b[Kerror: \x1b[m\x1b[Krequest for member \xe2\x80\x98\x1b[01m\x1b[Kb\x1b[m\x1b[K\xe2\x80\x99 in \xe2\x80\x98\x1b[01m\x1b[Kmsg\x1b[m\x1b[K\xe2\x80\x99, which is of non-class type \xe2\x80\x98\x1b[01m\x1b[Kconst int\x1b[m\x1b[K\xe2\x80\x99\n'}
[5.244881] (unitree_guide2) StderrLine: {'line': b'   96 |     _bias = Vec4([msg.b.l1, msg.b.l2, msg.\x1b[01;31m\x1b[Kb\x1b[m\x1b[K.l3, msg.b.l4]);\n'}
[5.244989] (unitree_guide2) StderrLine: {'line': b'      |                                           \x1b[01;31m\x1b[K^\x1b[m\x1b[K\n'}
[5.245093] (unitree_guide2) StderrLine: {'line': b'\x1b[01m\x1b[K/home/nebbackwards/WPI/Classes/RBE521/Final/ros_workspace/src/RBE521/unitree_guide2/src/FSM/State_move_gait.cpp:96:53:\x1b[m\x1b[K \x1b[01;31m\x1b[Kerror: \x1b[m\x1b[Krequest for member \xe2\x80\x98\x1b[01m\x1b[Kb\x1b[m\x1b[K\xe2\x80\x99 in \xe2\x80\x98\x1b[01m\x1b[Kmsg\x1b[m\x1b[K\xe2\x80\x99, which is of non-class type \xe2\x80\x98\x1b[01m\x1b[Kconst int\x1b[m\x1b[K\xe2\x80\x99\n'}
[5.245213] (unitree_guide2) StderrLine: {'line': b'   96 |     _bias = Vec4([msg.b.l1, msg.b.l2, msg.b.l3, msg.\x1b[01;31m\x1b[Kb\x1b[m\x1b[K.l4]);\n'}
[5.245347] (unitree_guide2) StderrLine: {'line': b'      |                                                     \x1b[01;31m\x1b[K^\x1b[m\x1b[K\n'}
[5.321186] (-) TimerEvent: {}
[5.366818] (unitree_guide2) StderrLine: {'line': b'\x1b[01m\x1b[K/home/nebbackwards/WPI/Classes/RBE521/Final/ros_workspace/src/RBE521/unitree_guide2/src/main.cpp:\x1b[m\x1b[K In function \xe2\x80\x98\x1b[01m\x1b[Kvoid\x1b[01;32m\x1b[K ShutDown\x1b[m\x1b[K(int)\x1b[m\x1b[K\xe2\x80\x99:\n'}
[5.367103] (unitree_guide2) StderrLine: {'line': b'\x1b[01m\x1b[K/home/nebbackwards/WPI/Classes/RBE521/Final/ros_workspace/src/RBE521/unitree_guide2/src/main.cpp:31:19:\x1b[m\x1b[K \x1b[01;35m\x1b[Kwarning: \x1b[m\x1b[Kunused parameter \xe2\x80\x98\x1b[01m\x1b[Ksig\x1b[m\x1b[K\xe2\x80\x99 [\x1b[01;35m\x1b[K\x1b]8;;https://gcc.gnu.org/onlinedocs/gcc/Warning-Options.html#index-Wunused-parameter\x07-Wunused-parameter\x1b]8;;\x07\x1b[m\x1b[K]\n'}
[5.367226] (unitree_guide2) StderrLine: {'line': b'   31 | void ShutDown(\x1b[01;35m\x1b[Kint sig\x1b[m\x1b[K)\n'}
[5.367348] (unitree_guide2) StderrLine: {'line': b'      |               \x1b[01;35m\x1b[K~~~~^~~\x1b[m\x1b[K\n'}
[5.421373] (-) TimerEvent: {}
[5.521855] (-) TimerEvent: {}
[5.622358] (-) TimerEvent: {}
[5.722833] (-) TimerEvent: {}
[5.823339] (-) TimerEvent: {}
[5.923782] (-) TimerEvent: {}
[6.024183] (-) TimerEvent: {}
[6.124625] (-) TimerEvent: {}
[6.225251] (-) TimerEvent: {}
[6.233822] (unitree_guide2) StderrLine: {'line': b'In file included from \x1b[01m\x1b[K/opt/ros/jazzy/include/rclcpp/rclcpp/subscription_base.hpp:32\x1b[m\x1b[K,\n'}
[6.234486] (unitree_guide2) StderrLine: {'line': b'                 from \x1b[01m\x1b[K/opt/ros/jazzy/include/rclcpp/rclcpp/callback_group.hpp:29\x1b[m\x1b[K,\n'}
[6.234690] (unitree_guide2) StderrLine: {'line': b'                 from \x1b[01m\x1b[K/opt/ros/jazzy/include/rclcpp/rclcpp/any_executable.hpp:20\x1b[m\x1b[K,\n'}
[6.234818] (unitree_guide2) StderrLine: {'line': b'                 from \x1b[01m\x1b[K/opt/ros/jazzy/include/rclcpp/rclcpp/memory_strategy.hpp:25\x1b[m\x1b[K,\n'}
[6.234926] (unitree_guide2) StderrLine: {'line': b'                 from \x1b[01m\x1b[K/opt/ros/jazzy/include/rclcpp/rclcpp/memory_strategies.hpp:18\x1b[m\x1b[K,\n'}
[6.235039] (unitree_guide2) StderrLine: {'line': b'                 from \x1b[01m\x1b[K/opt/ros/jazzy/include/rclcpp/rclcpp/executor_options.hpp:22\x1b[m\x1b[K,\n'}
[6.235139] (unitree_guide2) StderrLine: {'line': b'                 from \x1b[01m\x1b[K/opt/ros/jazzy/include/rclcpp/rclcpp/executor.hpp:38\x1b[m\x1b[K,\n'}
[6.235242] (unitree_guide2) StderrLine: {'line': b'                 from \x1b[01m\x1b[K/opt/ros/jazzy/include/rclcpp/rclcpp/executors/multi_threaded_executor.hpp:25\x1b[m\x1b[K,\n'}
[6.235371] (unitree_guide2) StderrLine: {'line': b'                 from \x1b[01m\x1b[K/opt/ros/jazzy/include/rclcpp/rclcpp/executors.hpp:21\x1b[m\x1b[K,\n'}
[6.235472] (unitree_guide2) StderrLine: {'line': b'                 from \x1b[01m\x1b[K/opt/ros/jazzy/include/rclcpp/rclcpp/rclcpp.hpp:172\x1b[m\x1b[K,\n'}
[6.235571] (unitree_guide2) StderrLine: {'line': b'                 from \x1b[01m\x1b[K/home/nebbackwards/WPI/Classes/RBE521/Final/ros_workspace/src/RBE521/unitree_guide2/include/control/Estimator.h:29\x1b[m\x1b[K,\n'}
[6.235714] (unitree_guide2) StderrLine: {'line': b'                 from \x1b[01m\x1b[K/home/nebbackwards/WPI/Classes/RBE521/Final/ros_workspace/src/RBE521/unitree_guide2/include/control/CtrlComponents.h:13\x1b[m\x1b[K:\n'}
[6.235890] (unitree_guide2) StderrLine: {'line': b'/opt/ros/jazzy/include/rclcpp/rclcpp/any_subscription_callback.hpp: In instantiation of \xe2\x80\x98\x1b[01m\x1b[Krclcpp::AnySubscriptionCallback<MessageT, AllocatorT> rclcpp::AnySubscriptionCallback<MessageT, AllocatorT>::\x1b[01;32m\x1b[Kset\x1b[m\x1b[K(CallbackT) \x1b[35m\x1b[K[with CallbackT = std::_Bind<void (State_move_gait::*(State_move_gait*, std::_Placeholder<1>))(int)>; MessageT = GaitCmd; AllocatorT = std::allocator<void>]\x1b[m\x1b[K\x1b[m\x1b[K\xe2\x80\x99:\n'}
[6.236019] (unitree_guide2) StderrLine: {'line': b'\x1b[01m\x1b[K/opt/ros/jazzy/include/rclcpp/rclcpp/subscription_factory.hpp:93:32:\x1b[m\x1b[K   required from \xe2\x80\x98\x1b[01m\x1b[Krclcpp::SubscriptionFactory rclcpp::\x1b[01;32m\x1b[Kcreate_subscription_factory\x1b[m\x1b[K(CallbackT&&, const SubscriptionOptionsWithAllocator<AllocatorT>&, typename MessageMemoryStrategyT::SharedPtr, std::shared_ptr<topic_statistics::SubscriptionTopicStatistics>) \x1b[35m\x1b[K[with MessageT = GaitCmd; CallbackT = std::_Bind<void (State_move_gait::*(State_move_gait*, std::_Placeholder<1>))(int)>; AllocatorT = std::allocator<void>; SubscriptionT = Subscription<GaitCmd>; MessageMemoryStrategyT = message_memory_strategy::MessageMemoryStrategy<GaitCmd, std::allocator<void> >; typename MessageMemoryStrategyT::SharedPtr = std::shared_ptr<message_memory_strategy::MessageMemoryStrategy<GaitCmd, std::allocator<void> > >]\x1b[m\x1b[K\x1b[m\x1b[K\xe2\x80\x99\n'}
[6.236139] (unitree_guide2) StderrLine: {'line': b'\x1b[01m\x1b[K/opt/ros/jazzy/include/rclcpp/rclcpp/create_subscription.hpp:121:63:\x1b[m\x1b[K   required from \xe2\x80\x98\x1b[01m\x1b[Kstd::shared_ptr<ROSMessageT> rclcpp::detail::\x1b[01;32m\x1b[Kcreate_subscription\x1b[m\x1b[K(NodeParametersT&, NodeTopicsT&, const std::string&, const rclcpp::QoS&, CallbackT&&, const rclcpp::SubscriptionOptionsWithAllocator<AllocatorT>&, typename MessageMemoryStrategyT::SharedPtr) \x1b[35m\x1b[K[with MessageT = GaitCmd; CallbackT = std::_Bind<void (State_move_gait::*(State_move_gait*, std::_Placeholder<1>))(int)>; AllocatorT = std::allocator<void>; SubscriptionT = rclcpp::Subscription<GaitCmd>; MessageMemoryStrategyT = rclcpp::message_memory_strategy::MessageMemoryStrategy<GaitCmd, std::allocator<void> >; NodeParametersT = rclcpp::Node; NodeTopicsT = rclcpp::Node; std::string = std::__cxx11::basic_string<char>; typename MessageMemoryStrategyT::SharedPtr = std::shared_ptr<rclcpp::message_memory_strategy::MessageMemoryStrategy<GaitCmd, std::allocator<void> > >]\x1b[m\x1b[K\x1b[m\x1b[K\xe2\x80\x99\n'}
[6.236276] (unitree_guide2) StderrLine: {'line': b'\x1b[01m\x1b[K/opt/ros/jazzy/include/rclcpp/rclcpp/create_subscription.hpp:190:76:\x1b[m\x1b[K   required from \xe2\x80\x98\x1b[01m\x1b[Kstd::shared_ptr<ROSMessageT> rclcpp::\x1b[01;32m\x1b[Kcreate_subscription\x1b[m\x1b[K(NodeT&, const std::string&, const QoS&, CallbackT&&, const SubscriptionOptionsWithAllocator<AllocatorT>&, typename MessageMemoryStrategyT::SharedPtr) \x1b[35m\x1b[K[with MessageT = GaitCmd; CallbackT = std::_Bind<void (State_move_gait::*(State_move_gait*, std::_Placeholder<1>))(int)>; AllocatorT = std::allocator<void>; SubscriptionT = Subscription<GaitCmd>; MessageMemoryStrategyT = message_memory_strategy::MessageMemoryStrategy<GaitCmd, std::allocator<void> >; NodeT = Node; std::string = std::__cxx11::basic_string<char>; typename MessageMemoryStrategyT::SharedPtr = std::shared_ptr<message_memory_strategy::MessageMemoryStrategy<GaitCmd, std::allocator<void> > >]\x1b[m\x1b[K\x1b[m\x1b[K\xe2\x80\x99\n'}
[6.236408] (unitree_guide2) StderrLine: {'line': b'\x1b[01m\x1b[K/opt/ros/jazzy/include/rclcpp/rclcpp/node_impl.hpp:99:47:\x1b[m\x1b[K   required from \xe2\x80\x98\x1b[01m\x1b[Kstd::shared_ptr<ROSMessageT> rclcpp::Node::\x1b[01;32m\x1b[Kcreate_subscription\x1b[m\x1b[K(const std::string&, const rclcpp::QoS&, CallbackT&&, const rclcpp::SubscriptionOptionsWithAllocator<AllocatorT>&, typename MessageMemoryStrategyT::SharedPtr) \x1b[35m\x1b[K[with MessageT = GaitCmd; CallbackT = std::_Bind<void (State_move_gait::*(State_move_gait*, std::_Placeholder<1>))(int)>; AllocatorT = std::allocator<void>; SubscriptionT = rclcpp::Subscription<GaitCmd>; MessageMemoryStrategyT = rclcpp::message_memory_strategy::MessageMemoryStrategy<GaitCmd, std::allocator<void> >; std::string = std::__cxx11::basic_string<char>; typename MessageMemoryStrategyT::SharedPtr = std::shared_ptr<rclcpp::message_memory_strategy::MessageMemoryStrategy<GaitCmd, std::allocator<void> > >]\x1b[m\x1b[K\x1b[m\x1b[K\xe2\x80\x99\n'}
[6.236552] (unitree_guide2) StderrLine: {'line': b'\x1b[01m\x1b[K/home/nebbackwards/WPI/Classes/RBE521/Final/ros_workspace/src/RBE521/unitree_guide2/src/FSM/State_move_gait.cpp:101:49:\x1b[m\x1b[K   required from here\n'}
[6.236652] (unitree_guide2) StderrLine: {'line': b'\x1b[01m\x1b[K/opt/ros/jazzy/include/rclcpp/rclcpp/any_subscription_callback.hpp:396:23:\x1b[m\x1b[K \x1b[01;31m\x1b[Kerror: \x1b[m\x1b[Kno match for \xe2\x80\x98\x1b[01m\x1b[Koperator=\x1b[m\x1b[K\xe2\x80\x99 (operand types are \xe2\x80\x98\x1b[01m\x1b[Krclcpp::detail::AnySubscriptionCallbackHelper<GaitCmd, std::allocator<void>, false, false>::variant_type\x1b[m\x1b[K\xe2\x80\x99 {aka \xe2\x80\x98\x1b[01m\x1b[Kstd::variant<std::function<void(const GaitCmd&)>, std::function<void(const GaitCmd&, const rclcpp::MessageInfo&)>, std::function<void(const rclcpp::SerializedMessage&)>, std::function<void(const rclcpp::SerializedMessage&, const rclcpp::MessageInfo&)>, std::function<void(std::unique_ptr<GaitCmd, std::default_delete<GaitCmd> >)>, std::function<void(std::unique_ptr<GaitCmd, std::default_delete<GaitCmd> >, const rclcpp::MessageInfo&)>, std::function<void(std::unique_ptr<rclcpp::SerializedMessage, std::default_delete<rclcpp::SerializedMessage> >)>, std::function<void(std::unique_ptr<rclcpp::SerializedMessage, std::default_delete<rclcpp::SerializedMessage> >, const rclcpp::MessageInfo&)>, std::function<void(std::shared_ptr<const GaitCmd>)>, std::function<void(std::shared_ptr<const GaitCmd>, const rclcpp::MessageInfo&)>, std::function<void(std::shared_ptr<const rclcpp::SerializedMessage>)>, std::function<void(std::shared_ptr<const rclcpp::SerializedMessage>, const rclcpp::MessageInfo&)>, std::function<void(const std::shared_ptr<const GaitCmd>&)>, std::function<void(const std::shared_ptr<const GaitCmd>&, const rclcpp::MessageInfo&)>, std::function<void(const std::shared_ptr<const rclcpp::SerializedMessage>&)>, std::function<void(const std::shared_ptr<const rclcpp::SerializedMessage>&, const rclcpp::MessageInfo&)>, std::function<void(std::shared_ptr<GaitCmd>)>, std::function<void(std::shared_ptr<GaitCmd>, const rclcpp::MessageInfo&)>, std::function<void(std::shared_ptr<rclcpp::SerializedMessage>)>, std::function<void(std::shared_ptr<rclcpp::SerializedMessage>, const rclcpp::MessageInfo&)> >\x1b[m\x1b[K\xe2\x80\x99} and \xe2\x80\x98\x1b[01m\x1b[Krclcpp::detail::SubscriptionCallbackTypeHelper<GaitCmd, std::_Bind<void (State_move_gait::*(State_move_gait*, std::_Placeholder<1>))(int)>, void>::callback_type\x1b[m\x1b[K\xe2\x80\x99 {aka \xe2\x80\x98\x1b[01m\x1b[Kstd::function<void(int)>\x1b[m\x1b[K\xe2\x80\x99})\n'}
[6.236790] (unitree_guide2) StderrLine: {'line': b'  396 |     \x1b[01;31m\x1b[Kcallback_variant_ = static_cast<typename scbth::callback_type>(callback)\x1b[m\x1b[K;\n'}
[6.236905] (unitree_guide2) StderrLine: {'line': b'      |     \x1b[01;31m\x1b[K~~~~~~~~~~~~~~~~~~^~~~~~~~~~~~~~~~~~~~~~~~~~~~~~~~~~~~~~~~~~~~~~~~~~~~~~\x1b[m\x1b[K\n'}
[6.237007] (unitree_guide2) StderrLine: {'line': b'In file included from \x1b[01m\x1b[K/opt/ros/jazzy/include/rclcpp/rclcpp/client.hpp:29\x1b[m\x1b[K,\n'}
[6.237118] (unitree_guide2) StderrLine: {'line': b'                 from \x1b[01m\x1b[K/opt/ros/jazzy/include/rclcpp/rclcpp/callback_group.hpp:24\x1b[m\x1b[K:\n'}
[6.237245] (unitree_guide2) StderrLine: {'line': b'\x1b[01m\x1b[K/usr/include/c++/13/variant:1494:9:\x1b[m\x1b[K \x1b[01;36m\x1b[Knote: \x1b[m\x1b[Kcandidate: \xe2\x80\x98\x1b[01m\x1b[Ktemplate<class _Tp> std::enable_if_t<((__exactly_once<std::variant<_Types>::__accepted_type<_Tp&&, typename std::enable_if<__not_self<_Tp&&>, void>::type> > && is_constructible_v<std::variant<_Types>::__accepted_type<_Tp&&, typename std::enable_if<__not_self<_Tp&&>, void>::type>, _Tp>) && is_assignable_v<std::variant<_Types>::__accepted_type<_Tp&&, typename std::enable_if<__not_self<_Tp&&>, void>::type>&, _Tp>), std::variant<_Types>&> std::variant<_Types>::\x1b[01;32m\x1b[Koperator=\x1b[m\x1b[K(_Tp&&) \x1b[35m\x1b[K[with _Types = {std::function<void(const GaitCmd&)>, std::function<void(const GaitCmd&, const rclcpp::MessageInfo&)>, std::function<void(const rclcpp::SerializedMessage&)>, std::function<void(const rclcpp::SerializedMessage&, const rclcpp::MessageInfo&)>, std::function<void(std::unique_ptr<GaitCmd, std::default_delete<GaitCmd> >)>, std::function<void(std::unique_ptr<GaitCmd, std::default_delete<GaitCmd> >, const rclcpp::MessageInfo&)>, std::function<void(std::unique_ptr<rclcpp::SerializedMessage, std::default_delete<rclcpp::SerializedMessage> >)>, std::function<void(std::unique_ptr<rclcpp::SerializedMessage, std::default_delete<rclcpp::SerializedMessage> >, const rclcpp::MessageInfo&)>, std::function<void(std::shared_ptr<const GaitCmd>)>, std::function<void(std::shared_ptr<const GaitCmd>, const rclcpp::MessageInfo&)>, std::function<void(std::shared_ptr<const rclcpp::SerializedMessage>)>, std::function<void(std::shared_ptr<const rclcpp::SerializedMessage>, const rclcpp::MessageInfo&)>, std::function<void(const std::shared_ptr<const GaitCmd>&)>, std::function<void(const std::shared_ptr<const GaitCmd>&, const rclcpp::MessageInfo&)>, std::function<void(const std::shared_ptr<const rclcpp::SerializedMessage>&)>, std::function<void(const std::shared_ptr<const rclcpp::SerializedMessage>&, const rclcpp::MessageInfo&)>, std::function<void(std::shared_ptr<GaitCmd>)>, std::function<void(std::shared_ptr<GaitCmd>, const rclcpp::MessageInfo&)>, std::function<void(std::shared_ptr<rclcpp::SerializedMessage>)>, std::function<void(std::shared_ptr<rclcpp::SerializedMessage>, const rclcpp::MessageInfo&)>}]\x1b[m\x1b[K\x1b[m\x1b[K\xe2\x80\x99\n'}
[6.237477] (unitree_guide2) StderrLine: {'line': b' 1494 |         \x1b[01;36m\x1b[Koperator\x1b[m\x1b[K=(_Tp&& __rhs)\n'}
[6.237599] (unitree_guide2) StderrLine: {'line': b'      |         \x1b[01;36m\x1b[K^~~~~~~~\x1b[m\x1b[K\n'}
[6.237704] (unitree_guide2) StderrLine: {'line': b'\x1b[01m\x1b[K/usr/include/c++/13/variant:1494:9:\x1b[m\x1b[K \x1b[01;36m\x1b[Knote: \x1b[m\x1b[K  template argument deduction/substitution failed:\n'}
[6.237813] (unitree_guide2) StderrLine: {'line': b'/usr/include/c++/13/variant: In substitution of \xe2\x80\x98\x1b[01m\x1b[Ktemplate<class ... _Types> template<class _Tp, class> using std::variant<_Types>::__accepted_type = std::variant<_Types>::__to_type<__accepted_index<_Tp> > \x1b[35m\x1b[K[with _Tp = std::function<void(int)>&&; <template-parameter-2-2> = void; _Types = {std::function<void(const GaitCmd&)>, std::function<void(const GaitCmd&, const rclcpp::MessageInfo&)>, std::function<void(const rclcpp::SerializedMessage&)>, std::function<void(const rclcpp::SerializedMessage&, const rclcpp::MessageInfo&)>, std::function<void(std::unique_ptr<GaitCmd, std::default_delete<GaitCmd> >)>, std::function<void(std::unique_ptr<GaitCmd, std::default_delete<GaitCmd> >, const rclcpp::MessageInfo&)>, std::function<void(std::unique_ptr<rclcpp::SerializedMessage, std::default_delete<rclcpp::SerializedMessage> >)>, std::function<void(std::unique_ptr<rclcpp::SerializedMessage, std::default_delete<rclcpp::SerializedMessage> >, const rclcpp::MessageInfo&)>, std::function<void(std::shared_ptr<const GaitCmd>)>, std::function<void(std::shared_ptr<const GaitCmd>, const rclcpp::MessageInfo&)>, std::function<void(std::shared_ptr<const rclcpp::SerializedMessage>)>, std::function<void(std::shared_ptr<const rclcpp::SerializedMessage>, const rclcpp::MessageInfo&)>, std::function<void(const std::shared_ptr<const GaitCmd>&)>, std::function<void(const std::shared_ptr<const GaitCmd>&, const rclcpp::MessageInfo&)>, std::function<void(const std::shared_ptr<const rclcpp::SerializedMessage>&)>, std::function<void(const std::shared_ptr<const rclcpp::SerializedMessage>&, const rclcpp::MessageInfo&)>, std::function<void(std::shared_ptr<GaitCmd>)>, std::function<void(std::shared_ptr<GaitCmd>, const rclcpp::MessageInfo&)>, std::function<void(std::shared_ptr<rclcpp::SerializedMessage>)>, std::function<void(std::shared_ptr<rclcpp::SerializedMessage>, const rclcpp::MessageInfo&)>}]\x1b[m\x1b[K\x1b[m\x1b[K\xe2\x80\x99:\n'}
[6.237983] (unitree_guide2) StderrLine: {'line': b'\x1b[01m\x1b[K/usr/include/c++/13/variant:1490:14:\x1b[m\x1b[K   required by substitution of \xe2\x80\x98\x1b[01m\x1b[Ktemplate<class _Tp> std::enable_if_t<((__exactly_once<std::variant<std::function<void(const GaitCmd&)>, std::function<void(const GaitCmd&, const rclcpp::MessageInfo&)>, std::function<void(const rclcpp::SerializedMessage&)>, std::function<void(const rclcpp::SerializedMessage&, const rclcpp::MessageInfo&)>, std::function<void(std::unique_ptr<GaitCmd, std::default_delete<GaitCmd> >)>, std::function<void(std::unique_ptr<GaitCmd, std::default_delete<GaitCmd> >, const rclcpp::MessageInfo&)>, std::function<void(std::unique_ptr<rclcpp::SerializedMessage, std::default_delete<rclcpp::SerializedMessage> >)>, std::function<void(std::unique_ptr<rclcpp::SerializedMessage, std::default_delete<rclcpp::SerializedMessage> >, const rclcpp::MessageInfo&)>, std::function<void(std::shared_ptr<const GaitCmd>)>, std::function<void(std::shared_ptr<const GaitCmd>, const rclcpp::MessageInfo&)>, std::function<void(std::shared_ptr<const rclcpp::SerializedMessage>)>, std::function<void(std::shared_ptr<const rclcpp::SerializedMessage>, const rclcpp::MessageInfo&)>, std::function<void(const std::shared_ptr<const GaitCmd>&)>, std::function<void(const std::shared_ptr<const GaitCmd>&, const rclcpp::MessageInfo&)>, std::function<void(const std::shared_ptr<const rclcpp::SerializedMessage>&)>, std::function<void(const std::shared_ptr<const rclcpp::SerializedMessage>&, const rclcpp::MessageInfo&)>, std::function<void(std::shared_ptr<GaitCmd>)>, std::function<void(std::shared_ptr<GaitCmd>, const rclcpp::MessageInfo&)>, std::function<void(std::shared_ptr<rclcpp::SerializedMessage>)>, std::function<void(std::shared_ptr<rclcpp::SerializedMessage>, const rclcpp::MessageInfo&)> >::__accepted_type<_Tp&&, typename std::enable_if<__not_self<_Tp&&>, void>::type> > && is_constructible_v<std::variant<std::function<void(const GaitCmd&)>, std::function<void(const GaitCmd&, const rclcpp::MessageInfo&)>, std::function<void(const rclcpp::SerializedMessage&)>, std::function<void(const rclcpp::SerializedMessage&, const rclcpp::MessageInfo&)>, std::function<void(std::unique_ptr<GaitCmd, std::default_delete<GaitCmd> >)>, std::function<void(std::unique_ptr<GaitCmd, std::default_delete<GaitCmd> >, const rclcpp::MessageInfo&)>, std::function<void(std::unique_ptr<rclcpp::SerializedMessage, std::default_delete<rclcpp::SerializedMessage> >)>, std::function<void(std::unique_ptr<rclcpp::SerializedMessage, std::default_delete<rclcpp::SerializedMessage> >, const rclcpp::MessageInfo&)>, std::function<void(std::shared_ptr<const GaitCmd>)>, std::function<void(std::shared_ptr<const GaitCmd>, const rclcpp::MessageInfo&)>, std::function<void(std::shared_ptr<const rclcpp::SerializedMessage>)>, std::function<void(std::shared_ptr<const rclcpp::SerializedMessage>, const rclcpp::MessageInfo&)>, std::function<void(const std::shared_ptr<const GaitCmd>&)>, std::function<void(const std::shared_ptr<const GaitCmd>&, const rclcpp::MessageInfo&)>, std::function<void(const std::shared_ptr<const rclcpp::SerializedMessage>&)>, std::function<void(const std::shared_ptr<const rclcpp::SerializedMessage>&, const rclcpp::MessageInfo&)>, std::function<void(std::shared_ptr<GaitCmd>)>, std::function<void(std::shared_ptr<GaitCmd>, const rclcpp::MessageInfo&)>, std::function<void(std::shared_ptr<rclcpp::SerializedMessage>)>, std::function<void(std::shared_ptr<rclcpp::SerializedMessage>, const rclcpp::MessageInfo&)> >::__accepted_type<_Tp&&, typename std::enable_if<__not_self<_Tp&&>, void>::type>, _Tp>) && is_assignable_v<std::variant<std::function<void(const GaitCmd&)>, std::function<void(const GaitCmd&, const rclcpp::MessageInfo&)>, std::function<void(const rclcpp::SerializedMessage&)>, std::function<void(const rclcpp::SerializedMessage&, const rclcpp::MessageInfo&)>, std::function<void(std::unique_ptr<GaitCmd, std::default_delete<GaitCmd> >)>, std::function<void(std::unique_ptr<GaitCmd, std::default_delete<GaitCmd> >, const rclcpp::MessageInfo&)>, std::function<void(std::unique_ptr<rclcpp::SerializedMessage, std::default_delete<rclcpp::SerializedMessage> >)>, std::function<void(std::unique_ptr<rclcpp::SerializedMessage, std::default_delete<rclcpp::SerializedMessage> >, const rclcpp::MessageInfo&)>, std::function<void(std::shared_ptr<const GaitCmd>)>, std::function<void(std::shared_ptr<const GaitCmd>, const rclcpp::MessageInfo&)>, std::function<void(std::shared_ptr<const rclcpp::SerializedMessage>)>, std::function<void(std::shared_ptr<const rclcpp::SerializedMessage>, const rclcpp::MessageInfo&)>, std::function<void(const std::shared_ptr<const GaitCmd>&)>, std::function<void(const std::shared_ptr<const GaitCmd>&, const rclcpp::MessageInfo&)>, std::function<void(const std::shared_ptr<const rclcpp::SerializedMessage>&)>, std::function<void(const std::shared_ptr<const rclcpp::SerializedMessage>&, const rclcpp::MessageInfo&)>, std::function<void(std::shared_ptr<GaitCmd>)>, std::function<void(std::shared_ptr<GaitCmd>, const rclcpp::MessageInfo&)>, std::function<void(std::shared_ptr<rclcpp::SerializedMessage>)>, std::function<void(std::shared_ptr<rclcpp::SerializedMessage>, const rclcpp::MessageInfo&)> >::__accepted_type<_Tp&&, typename std::enable_if<__not_self<_Tp&&>, void>::type>&, _Tp>), std::variant<std::function<void(const GaitCmd&)>, std::function<void(const GaitCmd&, const rclcpp::MessageInfo&)>, std::function<void(const rclcpp::SerializedMessage&)>, std::function<void(const rclcpp::SerializedMessage&, const rclcpp::MessageInfo&)>, std::function<void(std::unique_ptr<GaitCmd, std::default_delete<GaitCmd> >)>, std::function<void(std::unique_ptr<GaitCmd, std::default_delete<GaitCmd> >, const rclcpp::MessageInfo&)>, std::function<void(std::unique_ptr<rclcpp::SerializedMessage, std::default_delete<rclcpp::SerializedMessage> >)>, std::function<void(std::unique_ptr<rclcpp::SerializedMessage, std::default_delete<rclcpp::SerializedMessage> >, const rclcpp::MessageInfo&)>, std::function<void(std::shared_ptr<const GaitCmd>)>, std::function<void(std::shared_ptr<const GaitCmd>, const rclcpp::MessageInfo&)>, std::function<void(std::shared_ptr<const rclcpp::SerializedMessage>)>, std::function<void(std::shared_ptr<const rclcpp::SerializedMessage>, const rclcpp::MessageInfo&)>, std::function<void(const std::shared_ptr<const GaitCmd>&)>, std::function<void(const std::shared_ptr<const GaitCmd>&, const rclcpp::MessageInfo&)>, std::function<void(const std::shared_ptr<const rclcpp::SerializedMessage>&)>, std::function<void(const std::shared_ptr<const rclcpp::SerializedMessage>&, const rclcpp::MessageInfo&)>, std::function<void(std::shared_ptr<GaitCmd>)>, std::function<void(std::shared_ptr<GaitCmd>, const rclcpp::MessageInfo&)>, std::function<void(std::shared_ptr<rclcpp::SerializedMessage>)>, std::function<void(std::shared_ptr<rclcpp::SerializedMessage>, const rclcpp::MessageInfo&)> >&> std::variant<std::function<void(const GaitCmd&)>, std::function<void(const GaitCmd&, const rclcpp::MessageInfo&)>, std::function<void(const rclcpp::SerializedMessage&)>, std::function<void(const rclcpp::SerializedMessage&, const rclcpp::MessageInfo&)>, std::function<void(std::unique_ptr<GaitCmd, std::default_delete<GaitCmd> >)>, std::function<void(std::unique_ptr<GaitCmd, std::default_delete<GaitCmd> >, const rclcpp::MessageInfo&)>, std::function<void(std::unique_ptr<rclcpp::SerializedMessage, std::default_delete<rclcpp::SerializedMessage> >)>, std::function<void(std::unique_ptr<rclcpp::SerializedMessage, std::default_delete<rclcpp::SerializedMessage> >, const rclcpp::MessageInfo&)>, std::function<void(std::shared_ptr<const GaitCmd>)>, std::function<void(std::shared_ptr<const GaitCmd>, const rclcpp::MessageInfo&)>, std::function<void(std::shared_ptr<const rclcpp::SerializedMessage>)>, std::function<void(std::shared_ptr<const rclcpp::SerializedMessage>, const rclcpp::MessageInfo&)>, std::function<void(const std::shared_ptr<const GaitCmd>&)>, std::function<void(const std::shared_ptr<const GaitCmd>&, const rclcpp::MessageInfo&)>, std::function<void(const std::shared_ptr<const rclcpp::SerializedMessage>&)>, std::function<void(const std::shared_ptr<const rclcpp::SerializedMessage>&, const rclcpp::MessageInfo&)>, std::function<void(std::shared_ptr<GaitCmd>)>, std::function<void(std::shared_ptr<GaitCmd>, const rclcpp::MessageInfo&)>, std::function<void(std::shared_ptr<rclcpp::SerializedMessage>)>, std::function<void(std::shared_ptr<rclcpp::SerializedMessage>, const rclcpp::MessageInfo&)> >::\x1b[01;32m\x1b[Koperator=\x1b[m\x1b[K(_Tp&&) \x1b[35m\x1b[K[with _Tp = std::function<void(int)>]\x1b[m\x1b[K\x1b[m\x1b[K\xe2\x80\x99\n'}
[6.238249] (unitree_guide2) StderrLine: {'line': b'\x1b[01m\x1b[K/opt/ros/jazzy/include/rclcpp/rclcpp/any_subscription_callback.hpp:396:23:\x1b[m\x1b[K   required from \xe2\x80\x98\x1b[01m\x1b[Krclcpp::AnySubscriptionCallback<MessageT, AllocatorT> rclcpp::AnySubscriptionCallback<MessageT, AllocatorT>::\x1b[01;32m\x1b[Kset\x1b[m\x1b[K(CallbackT) \x1b[35m\x1b[K[with CallbackT = std::_Bind<void (State_move_gait::*(State_move_gait*, std::_Placeholder<1>))(int)>; MessageT = GaitCmd; AllocatorT = std::allocator<void>]\x1b[m\x1b[K\x1b[m\x1b[K\xe2\x80\x99\n'}
[6.238439] (unitree_guide2) StderrLine: {'line': b'\x1b[01m\x1b[K/opt/ros/jazzy/include/rclcpp/rclcpp/subscription_factory.hpp:93:32:\x1b[m\x1b[K   required from \xe2\x80\x98\x1b[01m\x1b[Krclcpp::SubscriptionFactory rclcpp::\x1b[01;32m\x1b[Kcreate_subscription_factory\x1b[m\x1b[K(CallbackT&&, const SubscriptionOptionsWithAllocator<AllocatorT>&, typename MessageMemoryStrategyT::SharedPtr, std::shared_ptr<topic_statistics::SubscriptionTopicStatistics>) \x1b[35m\x1b[K[with MessageT = GaitCmd; CallbackT = std::_Bind<void (State_move_gait::*(State_move_gait*, std::_Placeholder<1>))(int)>; AllocatorT = std::allocator<void>; SubscriptionT = Subscription<GaitCmd>; MessageMemoryStrategyT = message_memory_strategy::MessageMemoryStrategy<GaitCmd, std::allocator<void> >; typename MessageMemoryStrategyT::SharedPtr = std::shared_ptr<message_memory_strategy::MessageMemoryStrategy<GaitCmd, std::allocator<void> > >]\x1b[m\x1b[K\x1b[m\x1b[K\xe2\x80\x99\n'}
[6.238614] (unitree_guide2) StderrLine: {'line': b'\x1b[01m\x1b[K/opt/ros/jazzy/include/rclcpp/rclcpp/create_subscription.hpp:121:63:\x1b[m\x1b[K   required from \xe2\x80\x98\x1b[01m\x1b[Kstd::shared_ptr<ROSMessageT> rclcpp::detail::\x1b[01;32m\x1b[Kcreate_subscription\x1b[m\x1b[K(NodeParametersT&, NodeTopicsT&, const std::string&, const rclcpp::QoS&, CallbackT&&, const rclcpp::SubscriptionOptionsWithAllocator<AllocatorT>&, typename MessageMemoryStrategyT::SharedPtr) \x1b[35m\x1b[K[with MessageT = GaitCmd; CallbackT = std::_Bind<void (State_move_gait::*(State_move_gait*, std::_Placeholder<1>))(int)>; AllocatorT = std::allocator<void>; SubscriptionT = rclcpp::Subscription<GaitCmd>; MessageMemoryStrategyT = rclcpp::message_memory_strategy::MessageMemoryStrategy<GaitCmd, std::allocator<void> >; NodeParametersT = rclcpp::Node; NodeTopicsT = rclcpp::Node; std::string = std::__cxx11::basic_string<char>; typename MessageMemoryStrategyT::SharedPtr = std::shared_ptr<rclcpp::message_memory_strategy::MessageMemoryStrategy<GaitCmd, std::allocator<void> > >]\x1b[m\x1b[K\x1b[m\x1b[K\xe2\x80\x99\n'}
[6.238792] (unitree_guide2) StderrLine: {'line': b'\x1b[01m\x1b[K/opt/ros/jazzy/include/rclcpp/rclcpp/create_subscription.hpp:190:76:\x1b[m\x1b[K   required from \xe2\x80\x98\x1b[01m\x1b[Kstd::shared_ptr<ROSMessageT> rclcpp::\x1b[01;32m\x1b[Kcreate_subscription\x1b[m\x1b[K(NodeT&, const std::string&, const QoS&, CallbackT&&, const SubscriptionOptionsWithAllocator<AllocatorT>&, typename MessageMemoryStrategyT::SharedPtr) \x1b[35m\x1b[K[with MessageT = GaitCmd; CallbackT = std::_Bind<void (State_move_gait::*(State_move_gait*, std::_Placeholder<1>))(int)>; AllocatorT = std::allocator<void>; SubscriptionT = Subscription<GaitCmd>; MessageMemoryStrategyT = message_memory_strategy::MessageMemoryStrategy<GaitCmd, std::allocator<void> >; NodeT = Node; std::string = std::__cxx11::basic_string<char>; typename MessageMemoryStrategyT::SharedPtr = std::shared_ptr<message_memory_strategy::MessageMemoryStrategy<GaitCmd, std::allocator<void> > >]\x1b[m\x1b[K\x1b[m\x1b[K\xe2\x80\x99\n'}
[6.238960] (unitree_guide2) StderrLine: {'line': b'\x1b[01m\x1b[K/opt/ros/jazzy/include/rclcpp/rclcpp/node_impl.hpp:99:47:\x1b[m\x1b[K   required from \xe2\x80\x98\x1b[01m\x1b[Kstd::shared_ptr<ROSMessageT> rclcpp::Node::\x1b[01;32m\x1b[Kcreate_subscription\x1b[m\x1b[K(const std::string&, const rclcpp::QoS&, CallbackT&&, const rclcpp::SubscriptionOptionsWithAllocator<AllocatorT>&, typename MessageMemoryStrategyT::SharedPtr) \x1b[35m\x1b[K[with MessageT = GaitCmd; CallbackT = std::_Bind<void (State_move_gait::*(State_move_gait*, std::_Placeholder<1>))(int)>; AllocatorT = std::allocator<void>; SubscriptionT = rclcpp::Subscription<GaitCmd>; MessageMemoryStrategyT = rclcpp::message_memory_strategy::MessageMemoryStrategy<GaitCmd, std::allocator<void> >; std::string = std::__cxx11::basic_string<char>; typename MessageMemoryStrategyT::SharedPtr = std::shared_ptr<rclcpp::message_memory_strategy::MessageMemoryStrategy<GaitCmd, std::allocator<void> > >]\x1b[m\x1b[K\x1b[m\x1b[K\xe2\x80\x99\n'}
[6.239140] (unitree_guide2) StderrLine: {'line': b'\x1b[01m\x1b[K/home/nebbackwards/WPI/Classes/RBE521/Final/ros_workspace/src/RBE521/unitree_guide2/src/FSM/State_move_gait.cpp:101:49:\x1b[m\x1b[K   required from here\n'}
[6.239324] (unitree_guide2) StderrLine: {'line': b'\x1b[01m\x1b[K/usr/include/c++/13/variant:1407:15:\x1b[m\x1b[K \x1b[01;31m\x1b[Kerror: \x1b[m\x1b[Kno type named \xe2\x80\x98\x1b[01m\x1b[Ktype\x1b[m\x1b[K\xe2\x80\x99 in \xe2\x80\x98\x1b[01m\x1b[Kstruct std::enable_if<false, void>\x1b[m\x1b[K\xe2\x80\x99\n'}
[6.239475] (unitree_guide2) StderrLine: {'line': b' 1407 |         using \x1b[01;31m\x1b[K__accepted_type\x1b[m\x1b[K = __to_type<__accepted_index<_Tp>>;\n'}
[6.239643] (unitree_guide2) StderrLine: {'line': b'      |               \x1b[01;31m\x1b[K^~~~~~~~~~~~~~~\x1b[m\x1b[K\n'}
[6.239797] (unitree_guide2) StderrLine: {'line': b'/opt/ros/jazzy/include/rclcpp/rclcpp/any_subscription_callback.hpp: In instantiation of \xe2\x80\x98\x1b[01m\x1b[Krclcpp::AnySubscriptionCallback<MessageT, AllocatorT> rclcpp::AnySubscriptionCallback<MessageT, AllocatorT>::\x1b[01;32m\x1b[Kset\x1b[m\x1b[K(CallbackT) \x1b[35m\x1b[K[with CallbackT = std::_Bind<void (State_move_gait::*(State_move_gait*, std::_Placeholder<1>))(int)>; MessageT = GaitCmd; AllocatorT = std::allocator<void>]\x1b[m\x1b[K\x1b[m\x1b[K\xe2\x80\x99:\n'}
[6.239986] (unitree_guide2) StderrLine: {'line': b'\x1b[01m\x1b[K/opt/ros/jazzy/include/rclcpp/rclcpp/subscription_factory.hpp:93:32:\x1b[m\x1b[K   required from \xe2\x80\x98\x1b[01m\x1b[Krclcpp::SubscriptionFactory rclcpp::\x1b[01;32m\x1b[Kcreate_subscription_factory\x1b[m\x1b[K(CallbackT&&, const SubscriptionOptionsWithAllocator<AllocatorT>&, typename MessageMemoryStrategyT::SharedPtr, std::shared_ptr<topic_statistics::SubscriptionTopicStatistics>) \x1b[35m\x1b[K[with MessageT = GaitCmd; CallbackT = std::_Bind<void (State_move_gait::*(State_move_gait*, std::_Placeholder<1>))(int)>; AllocatorT = std::allocator<void>; SubscriptionT = Subscription<GaitCmd>; MessageMemoryStrategyT = message_memory_strategy::MessageMemoryStrategy<GaitCmd, std::allocator<void> >; typename MessageMemoryStrategyT::SharedPtr = std::shared_ptr<message_memory_strategy::MessageMemoryStrategy<GaitCmd, std::allocator<void> > >]\x1b[m\x1b[K\x1b[m\x1b[K\xe2\x80\x99\n'}
[6.240158] (unitree_guide2) StderrLine: {'line': b'\x1b[01m\x1b[K/opt/ros/jazzy/include/rclcpp/rclcpp/create_subscription.hpp:121:63:\x1b[m\x1b[K   required from \xe2\x80\x98\x1b[01m\x1b[Kstd::shared_ptr<ROSMessageT> rclcpp::detail::\x1b[01;32m\x1b[Kcreate_subscription\x1b[m\x1b[K(NodeParametersT&, NodeTopicsT&, const std::string&, const rclcpp::QoS&, CallbackT&&, const rclcpp::SubscriptionOptionsWithAllocator<AllocatorT>&, typename MessageMemoryStrategyT::SharedPtr) \x1b[35m\x1b[K[with MessageT = GaitCmd; CallbackT = std::_Bind<void (State_move_gait::*(State_move_gait*, std::_Placeholder<1>))(int)>; AllocatorT = std::allocator<void>; SubscriptionT = rclcpp::Subscription<GaitCmd>; MessageMemoryStrategyT = rclcpp::message_memory_strategy::MessageMemoryStrategy<GaitCmd, std::allocator<void> >; NodeParametersT = rclcpp::Node; NodeTopicsT = rclcpp::Node; std::string = std::__cxx11::basic_string<char>; typename MessageMemoryStrategyT::SharedPtr = std::shared_ptr<rclcpp::message_memory_strategy::MessageMemoryStrategy<GaitCmd, std::allocator<void> > >]\x1b[m\x1b[K\x1b[m\x1b[K\xe2\x80\x99\n'}
[6.240365] (unitree_guide2) StderrLine: {'line': b'\x1b[01m\x1b[K/opt/ros/jazzy/include/rclcpp/rclcpp/create_subscription.hpp:190:76:\x1b[m\x1b[K   required from \xe2\x80\x98\x1b[01m\x1b[Kstd::shared_ptr<ROSMessageT> rclcpp::\x1b[01;32m\x1b[Kcreate_subscription\x1b[m\x1b[K(NodeT&, const std::string&, const QoS&, CallbackT&&, const SubscriptionOptionsWithAllocator<AllocatorT>&, typename MessageMemoryStrategyT::SharedPtr) \x1b[35m\x1b[K[with MessageT = GaitCmd; CallbackT = std::_Bind<void (State_move_gait::*(State_move_gait*, std::_Placeholder<1>))(int)>; AllocatorT = std::allocator<void>; SubscriptionT = Subscription<GaitCmd>; MessageMemoryStrategyT = message_memory_strategy::MessageMemoryStrategy<GaitCmd, std::allocator<void> >; NodeT = Node; std::string = std::__cxx11::basic_string<char>; typename MessageMemoryStrategyT::SharedPtr = std::shared_ptr<message_memory_strategy::MessageMemoryStrategy<GaitCmd, std::allocator<void> > >]\x1b[m\x1b[K\x1b[m\x1b[K\xe2\x80\x99\n'}
[6.240537] (unitree_guide2) StderrLine: {'line': b'\x1b[01m\x1b[K/opt/ros/jazzy/include/rclcpp/rclcpp/node_impl.hpp:99:47:\x1b[m\x1b[K   required from \xe2\x80\x98\x1b[01m\x1b[Kstd::shared_ptr<ROSMessageT> rclcpp::Node::\x1b[01;32m\x1b[Kcreate_subscription\x1b[m\x1b[K(const std::string&, const rclcpp::QoS&, CallbackT&&, const rclcpp::SubscriptionOptionsWithAllocator<AllocatorT>&, typename MessageMemoryStrategyT::SharedPtr) \x1b[35m\x1b[K[with MessageT = GaitCmd; CallbackT = std::_Bind<void (State_move_gait::*(State_move_gait*, std::_Placeholder<1>))(int)>; AllocatorT = std::allocator<void>; SubscriptionT = rclcpp::Subscription<GaitCmd>; MessageMemoryStrategyT = rclcpp::message_memory_strategy::MessageMemoryStrategy<GaitCmd, std::allocator<void> >; std::string = std::__cxx11::basic_string<char>; typename MessageMemoryStrategyT::SharedPtr = std::shared_ptr<rclcpp::message_memory_strategy::MessageMemoryStrategy<GaitCmd, std::allocator<void> > >]\x1b[m\x1b[K\x1b[m\x1b[K\xe2\x80\x99\n'}
[6.240717] (unitree_guide2) StderrLine: {'line': b'\x1b[01m\x1b[K/home/nebbackwards/WPI/Classes/RBE521/Final/ros_workspace/src/RBE521/unitree_guide2/src/FSM/State_move_gait.cpp:101:49:\x1b[m\x1b[K   required from here\n'}
[6.240900] (unitree_guide2) StderrLine: {'line': b'\x1b[01m\x1b[K/usr/include/c++/13/variant:1430:16:\x1b[m\x1b[K \x1b[01;36m\x1b[Knote: \x1b[m\x1b[Kcandidate: \xe2\x80\x98\x1b[01m\x1b[Kstd::variant<_Types>& std::variant<_Types>::\x1b[01;32m\x1b[Koperator=\x1b[m\x1b[K(const std::variant<_Types>&) \x1b[35m\x1b[K[with _Types = {std::function<void(const GaitCmd&)>, std::function<void(const GaitCmd&, const rclcpp::MessageInfo&)>, std::function<void(const rclcpp::SerializedMessage&)>, std::function<void(const rclcpp::SerializedMessage&, const rclcpp::MessageInfo&)>, std::function<void(std::unique_ptr<GaitCmd, std::default_delete<GaitCmd> >)>, std::function<void(std::unique_ptr<GaitCmd, std::default_delete<GaitCmd> >, const rclcpp::MessageInfo&)>, std::function<void(std::unique_ptr<rclcpp::SerializedMessage, std::default_delete<rclcpp::SerializedMessage> >)>, std::function<void(std::unique_ptr<rclcpp::SerializedMessage, std::default_delete<rclcpp::SerializedMessage> >, const rclcpp::MessageInfo&)>, std::function<void(std::shared_ptr<const GaitCmd>)>, std::function<void(std::shared_ptr<const GaitCmd>, const rclcpp::MessageInfo&)>, std::function<void(std::shared_ptr<const rclcpp::SerializedMessage>)>, std::function<void(std::shared_ptr<const rclcpp::SerializedMessage>, const rclcpp::MessageInfo&)>, std::function<void(const std::shared_ptr<const GaitCmd>&)>, std::function<void(const std::shared_ptr<const GaitCmd>&, const rclcpp::MessageInfo&)>, std::function<void(const std::shared_ptr<const rclcpp::SerializedMessage>&)>, std::function<void(const std::shared_ptr<const rclcpp::SerializedMessage>&, const rclcpp::MessageInfo&)>, std::function<void(std::shared_ptr<GaitCmd>)>, std::function<void(std::shared_ptr<GaitCmd>, const rclcpp::MessageInfo&)>, std::function<void(std::shared_ptr<rclcpp::SerializedMessage>)>, std::function<void(std::shared_ptr<rclcpp::SerializedMessage>, const rclcpp::MessageInfo&)>}]\x1b[m\x1b[K\x1b[m\x1b[K\xe2\x80\x99\n'}
[6.241083] (unitree_guide2) StderrLine: {'line': b' 1430 |       variant& \x1b[01;36m\x1b[Koperator\x1b[m\x1b[K=(const variant&) = default;\n'}
[6.241244] (unitree_guide2) StderrLine: {'line': b'      |                \x1b[01;36m\x1b[K^~~~~~~~\x1b[m\x1b[K\n'}
[6.241421] (unitree_guide2) StderrLine: {'line': b'\x1b[01m\x1b[K/usr/include/c++/13/variant:1430:26:\x1b[m\x1b[K \x1b[01;36m\x1b[Knote: \x1b[m\x1b[K  no known conversion for argument 1 from \xe2\x80\x98\x1b[01m\x1b[Krclcpp::detail::SubscriptionCallbackTypeHelper<GaitCmd, std::_Bind<void (State_move_gait::*(State_move_gait*, std::_Placeholder<1>))(int)>, void>::callback_type\x1b[m\x1b[K\xe2\x80\x99 {aka \xe2\x80\x98\x1b[01m\x1b[Kstd::function<void(int)>\x1b[m\x1b[K\xe2\x80\x99} to \xe2\x80\x98\x1b[01m\x1b[Kconst std::variant<std::function<void(const GaitCmd&)>, std::function<void(const GaitCmd&, const rclcpp::MessageInfo&)>, std::function<void(const rclcpp::SerializedMessage&)>, std::function<void(const rclcpp::SerializedMessage&, const rclcpp::MessageInfo&)>, std::function<void(std::unique_ptr<GaitCmd, std::default_delete<GaitCmd> >)>, std::function<void(std::unique_ptr<GaitCmd, std::default_delete<GaitCmd> >, const rclcpp::MessageInfo&)>, std::function<void(std::unique_ptr<rclcpp::SerializedMessage, std::default_delete<rclcpp::SerializedMessage> >)>, std::function<void(std::unique_ptr<rclcpp::SerializedMessage, std::default_delete<rclcpp::SerializedMessage> >, const rclcpp::MessageInfo&)>, std::function<void(std::shared_ptr<const GaitCmd>)>, std::function<void(std::shared_ptr<const GaitCmd>, const rclcpp::MessageInfo&)>, std::function<void(std::shared_ptr<const rclcpp::SerializedMessage>)>, std::function<void(std::shared_ptr<const rclcpp::SerializedMessage>, const rclcpp::MessageInfo&)>, std::function<void(const std::shared_ptr<const GaitCmd>&)>, std::function<void(const std::shared_ptr<const GaitCmd>&, const rclcpp::MessageInfo&)>, std::function<void(const std::shared_ptr<const rclcpp::SerializedMessage>&)>, std::function<void(const std::shared_ptr<const rclcpp::SerializedMessage>&, const rclcpp::MessageInfo&)>, std::function<void(std::shared_ptr<GaitCmd>)>, std::function<void(std::shared_ptr<GaitCmd>, const rclcpp::MessageInfo&)>, std::function<void(std::shared_ptr<rclcpp::SerializedMessage>)>, std::function<void(std::shared_ptr<rclcpp::SerializedMessage>, const rclcpp::MessageInfo&)> >&\x1b[m\x1b[K\xe2\x80\x99\n'}
[6.241624] (unitree_guide2) StderrLine: {'line': b' 1430 |       variant& operator=(\x1b[01;36m\x1b[Kconst variant&\x1b[m\x1b[K) = default;\n'}
[6.241780] (unitree_guide2) StderrLine: {'line': b'      |                          \x1b[01;36m\x1b[K^~~~~~~~~~~~~~\x1b[m\x1b[K\n'}
[6.241925] (unitree_guide2) StderrLine: {'line': b'\x1b[01m\x1b[K/usr/include/c++/13/variant:1431:16:\x1b[m\x1b[K \x1b[01;36m\x1b[Knote: \x1b[m\x1b[Kcandidate: \xe2\x80\x98\x1b[01m\x1b[Kstd::variant<_Types>& std::variant<_Types>::\x1b[01;32m\x1b[Koperator=\x1b[m\x1b[K(std::variant<_Types>&&) \x1b[35m\x1b[K[with _Types = {std::function<void(const GaitCmd&)>, std::function<void(const GaitCmd&, const rclcpp::MessageInfo&)>, std::function<void(const rclcpp::SerializedMessage&)>, std::function<void(const rclcpp::SerializedMessage&, const rclcpp::MessageInfo&)>, std::function<void(std::unique_ptr<GaitCmd, std::default_delete<GaitCmd> >)>, std::function<void(std::unique_ptr<GaitCmd, std::default_delete<GaitCmd> >, const rclcpp::MessageInfo&)>, std::function<void(std::unique_ptr<rclcpp::SerializedMessage, std::default_delete<rclcpp::SerializedMessage> >)>, std::function<void(std::unique_ptr<rclcpp::SerializedMessage, std::default_delete<rclcpp::SerializedMessage> >, const rclcpp::MessageInfo&)>, std::function<void(std::shared_ptr<const GaitCmd>)>, std::function<void(std::shared_ptr<const GaitCmd>, const rclcpp::MessageInfo&)>, std::function<void(std::shared_ptr<const rclcpp::SerializedMessage>)>, std::function<void(std::shared_ptr<const rclcpp::SerializedMessage>, const rclcpp::MessageInfo&)>, std::function<void(const std::shared_ptr<const GaitCmd>&)>, std::function<void(const std::shared_ptr<const GaitCmd>&, const rclcpp::MessageInfo&)>, std::function<void(const std::shared_ptr<const rclcpp::SerializedMessage>&)>, std::function<void(const std::shared_ptr<const rclcpp::SerializedMessage>&, const rclcpp::MessageInfo&)>, std::function<void(std::shared_ptr<GaitCmd>)>, std::function<void(std::shared_ptr<GaitCmd>, const rclcpp::MessageInfo&)>, std::function<void(std::shared_ptr<rclcpp::SerializedMessage>)>, std::function<void(std::shared_ptr<rclcpp::SerializedMessage>, const rclcpp::MessageInfo&)>}]\x1b[m\x1b[K\x1b[m\x1b[K\xe2\x80\x99\n'}
[6.242090] (unitree_guide2) StderrLine: {'line': b' 1431 |       variant& \x1b[01;36m\x1b[Koperator\x1b[m\x1b[K=(variant&&) = default;\n'}
[6.242232] (unitree_guide2) StderrLine: {'line': b'      |                \x1b[01;36m\x1b[K^~~~~~~~\x1b[m\x1b[K\n'}
[6.242386] (unitree_guide2) StderrLine: {'line': b'\x1b[01m\x1b[K/usr/include/c++/13/variant:1431:26:\x1b[m\x1b[K \x1b[01;36m\x1b[Knote: \x1b[m\x1b[K  no known conversion for argument 1 from \xe2\x80\x98\x1b[01m\x1b[Krclcpp::detail::SubscriptionCallbackTypeHelper<GaitCmd, std::_Bind<void (State_move_gait::*(State_move_gait*, std::_Placeholder<1>))(int)>, void>::callback_type\x1b[m\x1b[K\xe2\x80\x99 {aka \xe2\x80\x98\x1b[01m\x1b[Kstd::function<void(int)>\x1b[m\x1b[K\xe2\x80\x99} to \xe2\x80\x98\x1b[01m\x1b[Kstd::variant<std::function<void(const GaitCmd&)>, std::function<void(const GaitCmd&, const rclcpp::MessageInfo&)>, std::function<void(const rclcpp::SerializedMessage&)>, std::function<void(const rclcpp::SerializedMessage&, const rclcpp::MessageInfo&)>, std::function<void(std::unique_ptr<GaitCmd, std::default_delete<GaitCmd> >)>, std::function<void(std::unique_ptr<GaitCmd, std::default_delete<GaitCmd> >, const rclcpp::MessageInfo&)>, std::function<void(std::unique_ptr<rclcpp::SerializedMessage, std::default_delete<rclcpp::SerializedMessage> >)>, std::function<void(std::unique_ptr<rclcpp::SerializedMessage, std::default_delete<rclcpp::SerializedMessage> >, const rclcpp::MessageInfo&)>, std::function<void(std::shared_ptr<const GaitCmd>)>, std::function<void(std::shared_ptr<const GaitCmd>, const rclcpp::MessageInfo&)>, std::function<void(std::shared_ptr<const rclcpp::SerializedMessage>)>, std::function<void(std::shared_ptr<const rclcpp::SerializedMessage>, const rclcpp::MessageInfo&)>, std::function<void(const std::shared_ptr<const GaitCmd>&)>, std::function<void(const std::shared_ptr<const GaitCmd>&, const rclcpp::MessageInfo&)>, std::function<void(const std::shared_ptr<const rclcpp::SerializedMessage>&)>, std::function<void(const std::shared_ptr<const rclcpp::SerializedMessage>&, const rclcpp::MessageInfo&)>, std::function<void(std::shared_ptr<GaitCmd>)>, std::function<void(std::shared_ptr<GaitCmd>, const rclcpp::MessageInfo&)>, std::function<void(std::shared_ptr<rclcpp::SerializedMessage>)>, std::function<void(std::shared_ptr<rclcpp::SerializedMessage>, const rclcpp::MessageInfo&)> >&&\x1b[m\x1b[K\xe2\x80\x99\n'}
[6.242572] (unitree_guide2) StderrLine: {'line': b' 1431 |       variant& operator=(\x1b[01;36m\x1b[Kvariant&&\x1b[m\x1b[K) = default;\n'}
[6.242721] (unitree_guide2) StderrLine: {'line': b'      |                          \x1b[01;36m\x1b[K^~~~~~~~~\x1b[m\x1b[K\n'}
[6.325389] (-) TimerEvent: {}
[6.425846] (-) TimerEvent: {}
[6.526311] (-) TimerEvent: {}
[6.580471] (unitree_guide2) StderrLine: {'line': b'gmake[2]: *** [CMakeFiles/junior_ctrl.dir/build.make:356: CMakeFiles/junior_ctrl.dir/src/control/ControlFrame.cpp.o] Error 1\n'}
[6.580813] (unitree_guide2) StderrLine: {'line': b'gmake[2]: *** Waiting for unfinished jobs....\n'}
[6.626192] (unitree_guide2) StderrLine: {'line': b'gmake[2]: *** [CMakeFiles/junior_ctrl.dir/build.make:90: CMakeFiles/junior_ctrl.dir/src/FSM/FSM.cpp.o] Error 1\n'}
[6.626432] (-) TimerEvent: {}
[6.726716] (-) TimerEvent: {}
[6.813457] (unitree_guide2) StderrLine: {'line': b'gmake[2]: *** [CMakeFiles/junior_ctrl.dir/build.make:76: CMakeFiles/junior_ctrl.dir/src/main.cpp.o] Error 1\n'}
[6.826880] (-) TimerEvent: {}
[6.927247] (-) TimerEvent: {}
[7.027601] (-) TimerEvent: {}
[7.127967] (-) TimerEvent: {}
[7.228312] (-) TimerEvent: {}
[7.328755] (-) TimerEvent: {}
[7.429315] (-) TimerEvent: {}
[7.529726] (-) TimerEvent: {}
[7.630146] (-) TimerEvent: {}
[7.730605] (-) TimerEvent: {}
[7.830946] (-) TimerEvent: {}
[7.931440] (-) TimerEvent: {}
[8.031859] (-) TimerEvent: {}
[8.132202] (-) TimerEvent: {}
[8.232568] (-) TimerEvent: {}
[8.332979] (-) TimerEvent: {}
[8.396160] (unitree_guide2) StderrLine: {'line': b'\x1b[01m\x1b[K/home/nebbackwards/WPI/Classes/RBE521/Final/ros_workspace/src/RBE521/unitree_guide2/src/FSM/State_move_gait.cpp:\x1b[m\x1b[K In member function \xe2\x80\x98\x1b[01m\x1b[KFSMStateName State_move_gait::\x1b[01;32m\x1b[KcheckChange\x1b[m\x1b[K()\x1b[m\x1b[K\xe2\x80\x99:\n'}
[8.396386] (unitree_guide2) StderrLine: {'line': b'\x1b[01m\x1b[K/home/nebbackwards/WPI/Classes/RBE521/Final/ros_workspace/src/RBE521/unitree_guide2/src/FSM/State_move_gait.cpp:82:1:\x1b[m\x1b[K \x1b[01;35m\x1b[Kwarning: \x1b[m\x1b[Kcontrol reaches end of non-void function [\x1b[01;35m\x1b[K\x1b]8;;https://gcc.gnu.org/onlinedocs/gcc/Warning-Options.html#index-Wreturn-type\x07-Wreturn-type\x1b]8;;\x07\x1b[m\x1b[K]\n'}
[8.396484] (unitree_guide2) StderrLine: {'line': b'   82 | \x1b[01;35m\x1b[K}\x1b[m\x1b[K\n'}
[8.396569] (unitree_guide2) StderrLine: {'line': b'      | \x1b[01;35m\x1b[K^\x1b[m\x1b[K\n'}
[8.433171] (-) TimerEvent: {}
[8.475619] (unitree_guide2) StderrLine: {'line': b'gmake[2]: *** [CMakeFiles/junior_ctrl.dir/build.make:244: CMakeFiles/junior_ctrl.dir/src/FSM/State_move_gait.cpp.o] Error 1\n'}
[8.533350] (-) TimerEvent: {}
[8.633761] (-) TimerEvent: {}
[8.734122] (-) TimerEvent: {}
[8.834465] (-) TimerEvent: {}
[8.934863] (-) TimerEvent: {}
[9.035288] (-) TimerEvent: {}
[9.135680] (-) TimerEvent: {}
[9.236071] (-) TimerEvent: {}
[9.336500] (-) TimerEvent: {}
[9.436898] (-) TimerEvent: {}
[9.537330] (-) TimerEvent: {}
[9.637775] (-) TimerEvent: {}
[9.738158] (-) TimerEvent: {}
[9.838572] (-) TimerEvent: {}
[9.938979] (-) TimerEvent: {}
[10.039363] (-) TimerEvent: {}
[10.139750] (-) TimerEvent: {}
[10.240125] (-) TimerEvent: {}
[10.340521] (-) TimerEvent: {}
[10.440909] (-) TimerEvent: {}
[10.541314] (-) TimerEvent: {}
[10.641698] (-) TimerEvent: {}
[10.742079] (-) TimerEvent: {}
[10.842483] (-) TimerEvent: {}
[10.942874] (-) TimerEvent: {}
[11.043255] (-) TimerEvent: {}
[11.143673] (-) TimerEvent: {}
[11.244046] (-) TimerEvent: {}
[11.344443] (-) TimerEvent: {}
[11.444823] (-) TimerEvent: {}
[11.545201] (-) TimerEvent: {}
[11.645576] (-) TimerEvent: {}
[11.745892] (-) TimerEvent: {}
[11.846288] (-) TimerEvent: {}
[11.946640] (-) TimerEvent: {}
[12.046995] (-) TimerEvent: {}
[12.147365] (-) TimerEvent: {}
[12.247745] (-) TimerEvent: {}
[12.348119] (-) TimerEvent: {}
[12.448531] (-) TimerEvent: {}
[12.548916] (-) TimerEvent: {}
[12.649311] (-) TimerEvent: {}
[12.749689] (-) TimerEvent: {}
[12.850069] (-) TimerEvent: {}
[12.950472] (-) TimerEvent: {}
[13.050860] (-) TimerEvent: {}
[13.151533] (-) TimerEvent: {}
[13.251920] (-) TimerEvent: {}
[13.352324] (-) TimerEvent: {}
[13.452705] (-) TimerEvent: {}
[13.553090] (-) TimerEvent: {}
[13.653498] (-) TimerEvent: {}
[13.753877] (-) TimerEvent: {}
[13.854322] (-) TimerEvent: {}
[13.954794] (-) TimerEvent: {}
[14.055170] (-) TimerEvent: {}
[14.155573] (-) TimerEvent: {}
[14.255961] (-) TimerEvent: {}
[14.356327] (-) TimerEvent: {}
[14.456735] (-) TimerEvent: {}
[14.557138] (-) TimerEvent: {}
[14.657557] (-) TimerEvent: {}
[14.758133] (-) TimerEvent: {}
[14.858537] (-) TimerEvent: {}
[14.958896] (-) TimerEvent: {}
[15.059202] (-) TimerEvent: {}
[15.159634] (-) TimerEvent: {}
[15.260013] (-) TimerEvent: {}
[15.360345] (-) TimerEvent: {}
[15.460643] (-) TimerEvent: {}
[15.561024] (-) TimerEvent: {}
[15.661420] (-) TimerEvent: {}
[15.743270] (unitree_guide2) StderrLine: {'line': b'gmake[1]: *** [CMakeFiles/Makefile2:137: CMakeFiles/junior_ctrl.dir/all] Error 2\n'}
[15.743683] (unitree_guide2) StderrLine: {'line': b'gmake: *** [Makefile:146: all] Error 2\n'}
[15.746315] (unitree_guide2) CommandEnded: {'returncode': 2}
[15.753255] (unitree_guide2) JobEnded: {'identifier': 'unitree_guide2', 'rc': 2}
[15.761512] (-) TimerEvent: {}
[15.763900] (-) EventReactorShutdown: {}
