[0.000000] (-) TimerEvent: {}
[0.000897] (unitree_guide2) JobQueued: {'identifier': 'unitree_guide2', 'dependencies': OrderedDict()}
[0.001009] (unitree_guide2) JobStarted: {'identifier': 'unitree_guide2'}
[0.018407] (unitree_guide2) JobProgress: {'identifier': 'unitree_guide2', 'progress': 'cmake'}
[0.019574] (unitree_guide2) JobProgress: {'identifier': 'unitree_guide2', 'progress': 'build'}
[0.020812] (unitree_guide2) Command: {'cmd': ['/usr/bin/cmake', '--build', '/home/nebbackwards/WPI/Classes/RBE521/Final/ros_workspace/src/RBE521/unitree_guide2/build/unitree_guide2', '--', '-j16', '-l16'], 'cwd': '/home/nebbackwards/WPI/Classes/RBE521/Final/ros_workspace/src/RBE521/unitree_guide2/build/unitree_guide2', 'env': OrderedDict({'LESSOPEN': '| /usr/bin/lesspipe %s', 'GZ_SIM_RESOURCE_PATH': '/opt/ros/jazzy/share', 'LANGUAGE': '', 'USER': 'nebbackwards', 'GZ_CONFIG_PATH': '/opt/ros/jazzy/opt/gz_sim_vendor/share/gz:/opt/ros/jazzy/opt/sdformat_vendor/share/gz:/opt/ros/jazzy/opt/gz_gui_vendor/share/gz:/opt/ros/jazzy/opt/gz_transport_vendor/share/gz:/opt/ros/jazzy/opt/gz_rendering_vendor/share/gz:/opt/ros/jazzy/opt/gz_plugin_vendor/share/gz:/opt/ros/jazzy/opt/gz_fuel_tools_vendor/share/gz:/opt/ros/jazzy/opt/gz_msgs_vendor/share/gz:/opt/ros/jazzy/opt/gz_common_vendor/share/gz', 'XDG_SESSION_TYPE': 'wayland', 'XCURSOR_SIZE': '24', 'SHLVL': '1', 'LD_LIBRARY_PATH': '/home/nebbackwards/WPI/Classes/RBE521/Final/ros_workspace/install/ros2_unitree_legged_control/lib:/home/nebbackwards/WPI/Classes/RBE521/Final/ros_workspace/install/ros2_unitree_legged_msgs/lib:/opt/ros/jazzy/opt/gz_sim_vendor/lib:/opt/ros/jazzy/opt/gz_sensors_vendor/lib:/opt/ros/jazzy/opt/gz_physics_vendor/lib:/opt/ros/jazzy/opt/sdformat_vendor/lib:/opt/ros/jazzy/opt/rviz_ogre_vendor/lib:/opt/ros/jazzy/lib/x86_64-linux-gnu:/opt/ros/jazzy/opt/gz_gui_vendor/lib:/opt/ros/jazzy/opt/gz_transport_vendor/lib:/opt/ros/jazzy/opt/gz_rendering_vendor/lib:/opt/ros/jazzy/opt/gz_plugin_vendor/lib:/opt/ros/jazzy/opt/gz_fuel_tools_vendor/lib:/opt/ros/jazzy/opt/gz_msgs_vendor/lib:/opt/ros/jazzy/opt/gz_common_vendor/lib:/opt/ros/jazzy/opt/gz_math_vendor/lib:/opt/ros/jazzy/opt/gz_utils_vendor/lib:/opt/ros/jazzy/opt/gz_tools_vendor/lib:/opt/ros/jazzy/opt/gz_ogre_next_vendor/lib:/opt/ros/jazzy/opt/gz_dartsim_vendor/lib:/opt/ros/jazzy/opt/gz_cmake_vendor/lib:/opt/ros/jazzy/lib', 'HOME': '/home/nebbackwards', 'CONDA_SHLVL': '0', 'OLDPWD': '/home/nebbackwards/WPI/Classes/RBE521/Final/ros_workspace/src/RBE521', 'DESKTOP_SESSION': 'ubuntu', 'ROS_PYTHON_VERSION': '3', 'GNOME_SHELL_SESSION_MODE': 'ubuntu', 'GTK_MODULES': 'gail:atk-bridge', 'KB_LAYOUT_DIR': '/usr/lib/x86_64-linux-gnu/qt5/qml/QMLTermWidget/kb-layouts', 'PS1': '\\[\x1b(B\x1b[m\\]\\[\\033[38;5;40m\\]\\u\\[\x1b(B\x1b[m\\]\\[\\033[38;5;40m\\]@\\h\\[\x1b(B\x1b[m\\]\\[\\033[38;5;27m\\]\\w\\e[38;5;196m\\]$(parse_git_branch)\\[\x1b(B\x1b[m\\]\\[\x1b(B\x1b[m\\]\\[\\e[38;5;15m\\] \\[\x1b(B\x1b[m\\]', 'MANAGERPID': '3841', 'SYSTEMD_EXEC_PID': '4339', 'GSM_SKIP_SSH_AGENT_WORKAROUND': 'true', 'DBUS_SESSION_BUS_ADDRESS': 'unix:path=/run/user/1000/bus', 'COLORTERM': 'truecolor', '_CE_M': '', '_CONDA_ROOT': '/home/nebbackwards/miniconda3', 'GIO_LAUNCHED_DESKTOP_FILE_PID': '17754', 'GNOME_KEYRING_CONTROL': '/run/user/1000/keyring', 'DEBUGINFOD_URLS': 'https://debuginfod.ubuntu.com', 'QT_QPA_PLATFORMTHEME': '', 'IM_CONFIG_PHASE': '1', 'WAYLAND_DISPLAY': 'wayland-0', 'COLCON_PREFIX_PATH': '/home/nebbackwards/WPI/Classes/RBE521/Final/ros_workspace/install', 'ROS_DISTRO': 'jazzy', 'LOGNAME': 'nebbackwards', 'WINDOWID': '0', 'JOURNAL_STREAM': '9:30599', '_': '/usr/bin/colcon', 'ROS_VERSION': '2', 'MEMORY_PRESSURE_WATCH': '/sys/fs/cgroup/user.slice/user-1000.slice/user@1000.service/session.slice/org.gnome.SettingsDaemon.MediaKeys.service/memory.pressure', 'XDG_SESSION_CLASS': 'user', 'COLORFGBG': '15;0', 'USERNAME': 'nebbackwards', 'TERM': 'xterm', 'GNOME_DESKTOP_SESSION_ID': 'this-is-deprecated', '_CE_CONDA': '', 'PATH': '/opt/ros/jazzy/opt/gz_msgs_vendor/bin:/opt/ros/jazzy/opt/gz_tools_vendor/bin:/opt/ros/jazzy/opt/gz_ogre_next_vendor/bin:/opt/ros/jazzy/bin:/home/nebbackwards/miniconda3/condabin:/home/nebbackwards/.local/bin:/usr/local/sbin:/usr/local/bin:/usr/sbin:/usr/bin:/sbin:/bin:/usr/games:/usr/local/games:/snap/bin:/snap/bin', 'SESSION_MANAGER': 'local/thinkpad-E16:@/tmp/.ICE-unix/4085,unix/thinkpad-E16:/tmp/.ICE-unix/4085', 'INVOCATION_ID': 'bde06ef6f1b0436fa4a2100dc12ab920', 'XDG_MENU_PREFIX': 'gnome-', 'GNOME_SETUP_DISPLAY': ':1', 'XDG_RUNTIME_DIR': '/run/user/1000', 'XCURSOR_THEME': 'Yaru', 'DISPLAY': ':0', 'LANG': 'en_US.UTF-8', 'XDG_CURRENT_DESKTOP': 'ubuntu:GNOME', 'XMODIFIERS': '@im=ibus', 'XDG_SESSION_DESKTOP': 'ubuntu', 'XAUTHORITY': '/run/user/1000/.mutter-Xwaylandauth.QV91N3', 'LS_COLORS': 'rs=0:di=01;34:ln=01;36:mh=00:pi=40;33:so=01;35:do=01;35:bd=40;33;01:cd=40;33;01:or=40;31;01:mi=00:su=37;41:sg=30;43:ca=00:tw=30;42:ow=34;42:st=37;44:ex=01;32:*.tar=01;31:*.tgz=01;31:*.arc=01;31:*.arj=01;31:*.taz=01;31:*.lha=01;31:*.lz4=01;31:*.lzh=01;31:*.lzma=01;31:*.tlz=01;31:*.txz=01;31:*.tzo=01;31:*.t7z=01;31:*.zip=01;31:*.z=01;31:*.dz=01;31:*.gz=01;31:*.lrz=01;31:*.lz=01;31:*.lzo=01;31:*.xz=01;31:*.zst=01;31:*.tzst=01;31:*.bz2=01;31:*.bz=01;31:*.tbz=01;31:*.tbz2=01;31:*.tz=01;31:*.deb=01;31:*.rpm=01;31:*.jar=01;31:*.war=01;31:*.ear=01;31:*.sar=01;31:*.rar=01;31:*.alz=01;31:*.ace=01;31:*.zoo=01;31:*.cpio=01;31:*.7z=01;31:*.rz=01;31:*.cab=01;31:*.wim=01;31:*.swm=01;31:*.dwm=01;31:*.esd=01;31:*.avif=01;35:*.jpg=01;35:*.jpeg=01;35:*.mjpg=01;35:*.mjpeg=01;35:*.gif=01;35:*.bmp=01;35:*.pbm=01;35:*.pgm=01;35:*.ppm=01;35:*.tga=01;35:*.xbm=01;35:*.xpm=01;35:*.tif=01;35:*.tiff=01;35:*.png=01;35:*.svg=01;35:*.svgz=01;35:*.mng=01;35:*.pcx=01;35:*.mov=01;35:*.mpg=01;35:*.mpeg=01;35:*.m2v=01;35:*.mkv=01;35:*.webm=01;35:*.webp=01;35:*.ogm=01;35:*.mp4=01;35:*.m4v=01;35:*.mp4v=01;35:*.vob=01;35:*.qt=01;35:*.nuv=01;35:*.wmv=01;35:*.asf=01;35:*.rm=01;35:*.rmvb=01;35:*.flc=01;35:*.avi=01;35:*.fli=01;35:*.flv=01;35:*.gl=01;35:*.dl=01;35:*.xcf=01;35:*.xwd=01;35:*.yuv=01;35:*.cgm=01;35:*.emf=01;35:*.ogv=01;35:*.ogx=01;35:*.aac=00;36:*.au=00;36:*.flac=00;36:*.m4a=00;36:*.mid=00;36:*.midi=00;36:*.mka=00;36:*.mp3=00;36:*.mpc=00;36:*.ogg=00;36:*.ra=00;36:*.wav=00;36:*.oga=00;36:*.opus=00;36:*.spx=00;36:*.xspf=00;36:*~=00;90:*#=00;90:*.bak=00;90:*.crdownload=00;90:*.dpkg-dist=00;90:*.dpkg-new=00;90:*.dpkg-old=00;90:*.dpkg-tmp=00;90:*.old=00;90:*.orig=00;90:*.part=00;90:*.rej=00;90:*.rpmnew=00;90:*.rpmorig=00;90:*.rpmsave=00;90:*.swp=00;90:*.tmp=00;90:*.ucf-dist=00;90:*.ucf-new=00;90:*.ucf-old=00;90:', 'SSH_AUTH_SOCK': '/run/user/1000/keyring/ssh', 'AMENT_PREFIX_PATH': '/home/nebbackwards/WPI/Classes/RBE521/Final/ros_workspace/install/unitree_guide2:/home/nebbackwards/WPI/Classes/RBE521/Final/ros_workspace/install/ros2_unitree_legged_control:/home/nebbackwards/WPI/Classes/RBE521/Final/ros_workspace/install/ros2_unitree_legged_msgs:/home/nebbackwards/WPI/Classes/RBE521/Final/ros_workspace/install/go1_navigation:/home/nebbackwards/WPI/Classes/RBE521/Final/ros_workspace/install/go1_gazebo:/home/nebbackwards/WPI/Classes/RBE521/Final/ros_workspace/install/go1_description:/opt/ros/jazzy', 'CONDA_PYTHON_EXE': '/home/nebbackwards/miniconda3/bin/python', 'QSG_RENDER_LOOP': 'threaded', 'SHELL': '/bin/bash', 'QT_ACCESSIBILITY': '1', 'GDMSESSION': 'ubuntu', 'LESSCLOSE': '/usr/bin/lesspipe %s %s', '_CONDA_EXE': '/home/nebbackwards/miniconda3/bin/conda', 'COLORSCHEMES_DIR': '/usr/lib/x86_64-linux-gnu/qt5/qml/QMLTermWidget/color-schemes', 'ROS_AUTOMATIC_DISCOVERY_RANGE': 'SUBNET', 'QT_IM_MODULE': 'ibus', 'PWD': '/home/nebbackwards/WPI/Classes/RBE521/Final/ros_workspace/src/RBE521/unitree_guide2/build/unitree_guide2', 'XDG_CONFIG_DIRS': '/etc/xdg/xdg-ubuntu:/etc/xdg', 'CONDA_EXE': '/home/nebbackwards/miniconda3/bin/conda', 'XDG_DATA_DIRS': '/usr/share/ubuntu:/usr/share/gnome:/home/nebbackwards/.local/share/flatpak/exports/share:/var/lib/flatpak/exports/share:/usr/local/share/:/usr/share/:/var/lib/snapd/desktop', 'PYTHONPATH': '/home/nebbackwards/WPI/Classes/RBE521/Final/ros_workspace/install/ros2_unitree_legged_msgs/lib/python3.12/site-packages:/home/nebbackwards/WPI/Classes/RBE521/Final/ros_workspace/install/go1_navigation/lib/python3.12/site-packages:/opt/ros/jazzy/lib/python3.12/site-packages', 'COLCON': '1', 'MEMORY_PRESSURE_WRITE': 'c29tZSAyMDAwMDAgMjAwMDAwMAA=', 'CMAKE_PREFIX_PATH': '/home/nebbackwards/WPI/Classes/RBE521/Final/ros_workspace/install/unitree_guide2:/home/nebbackwards/WPI/Classes/RBE521/Final/ros_workspace/install/ros2_unitree_legged_control:/home/nebbackwards/WPI/Classes/RBE521/Final/ros_workspace/install/ros2_unitree_legged_msgs:/home/nebbackwards/WPI/Classes/RBE521/Final/ros_workspace/install/go1_gazebo:/home/nebbackwards/WPI/Classes/RBE521/Final/ros_workspace/install/go1_description:/opt/ros/jazzy/opt/gz_sim_vendor:/opt/ros/jazzy/opt/gz_sensors_vendor:/opt/ros/jazzy/opt/gz_physics_vendor:/opt/ros/jazzy/opt/sdformat_vendor:/opt/ros/jazzy/opt/gz_gui_vendor:/opt/ros/jazzy/opt/gz_transport_vendor:/opt/ros/jazzy/opt/gz_rendering_vendor:/opt/ros/jazzy/opt/gz_plugin_vendor:/opt/ros/jazzy/opt/gz_fuel_tools_vendor:/opt/ros/jazzy/opt/gz_msgs_vendor:/opt/ros/jazzy/opt/gz_common_vendor:/opt/ros/jazzy/opt/gz_math_vendor:/opt/ros/jazzy/opt/gz_utils_vendor:/opt/ros/jazzy/opt/gz_tools_vendor:/opt/ros/jazzy/opt/gz_ogre_next_vendor:/opt/ros/jazzy/opt/gz_dartsim_vendor:/opt/ros/jazzy/opt/gz_cmake_vendor:/home/nebbackwards/WPI/Classes/RBE521/Final/ros_workspace/install/go1_navigation:/opt/ros/jazzy'}), 'shell': False}
[0.099434] (-) TimerEvent: {}
[0.200008] (-) TimerEvent: {}
[0.300738] (-) TimerEvent: {}
[0.384310] (unitree_guide2) StdoutLine: {'line': b'[  3%] \x1b[32mBuilding CXX object CMakeFiles/junior_ctrl.dir/src/main.cpp.o\x1b[0m\n'}
[0.385426] (unitree_guide2) StdoutLine: {'line': b'[  6%] \x1b[32mBuilding CXX object CMakeFiles/junior_ctrl.dir/src/FSM/FSM.cpp.o\x1b[0m\n'}
[0.387740] (unitree_guide2) StdoutLine: {'line': b'[ 10%] \x1b[32mBuilding CXX object CMakeFiles/junior_ctrl.dir/src/FSM/State_move_gait.cpp.o\x1b[0m\n'}
[0.389993] (unitree_guide2) StdoutLine: {'line': b'[ 13%] \x1b[32mBuilding CXX object CMakeFiles/junior_ctrl.dir/src/control/ControlFrame.cpp.o\x1b[0m\n'}
[0.400942] (-) TimerEvent: {}
[0.501459] (-) TimerEvent: {}
[0.601967] (-) TimerEvent: {}
[0.702785] (-) TimerEvent: {}
[0.803334] (-) TimerEvent: {}
[0.903763] (-) TimerEvent: {}
[1.004204] (-) TimerEvent: {}
[1.104729] (-) TimerEvent: {}
[1.205292] (-) TimerEvent: {}
[1.305785] (-) TimerEvent: {}
[1.406199] (-) TimerEvent: {}
[1.506697] (-) TimerEvent: {}
[1.607080] (-) TimerEvent: {}
[1.707625] (-) TimerEvent: {}
[1.808057] (-) TimerEvent: {}
[1.908473] (-) TimerEvent: {}
[2.008901] (-) TimerEvent: {}
[2.109258] (-) TimerEvent: {}
[2.209661] (-) TimerEvent: {}
[2.310099] (-) TimerEvent: {}
[2.349450] (unitree_guide2) StderrLine: {'line': b'In file included from \x1b[01m\x1b[K/home/nebbackwards/WPI/Classes/RBE521/Final/ros_workspace/src/RBE521/unitree_guide2/include/message/LowlevelCmd.h:8\x1b[m\x1b[K,\n'}
[2.349823] (unitree_guide2) StderrLine: {'line': b'                 from \x1b[01m\x1b[K/home/nebbackwards/WPI/Classes/RBE521/Final/ros_workspace/src/RBE521/unitree_guide2/include/control/CtrlComponents.h:7\x1b[m\x1b[K,\n'}
[2.350022] (unitree_guide2) StderrLine: {'line': b'                 from \x1b[01m\x1b[K/home/nebbackwards/WPI/Classes/RBE521/Final/ros_workspace/src/RBE521/unitree_guide2/include/FSM/FSMState.h:10\x1b[m\x1b[K,\n'}
[2.350204] (unitree_guide2) StderrLine: {'line': b'                 from \x1b[01m\x1b[K/home/nebbackwards/WPI/Classes/RBE521/Final/ros_workspace/src/RBE521/unitree_guide2/include/FSM/State_GaitTransition.h:7\x1b[m\x1b[K,\n'}
[2.350371] (unitree_guide2) StderrLine: {'line': b'                 from \x1b[01m\x1b[K/home/nebbackwards/WPI/Classes/RBE521/Final/ros_workspace/src/RBE521/unitree_guide2/include/FSM/State_move_gait.h:43\x1b[m\x1b[K,\n'}
[2.350533] (unitree_guide2) StderrLine: {'line': b'                 from \x1b[01m\x1b[K/home/nebbackwards/WPI/Classes/RBE521/Final/ros_workspace/src/RBE521/unitree_guide2/src/FSM/State_move_gait.cpp:54\x1b[m\x1b[K:\n'}
[2.350716] (unitree_guide2) StderrLine: {'line': b'\x1b[01m\x1b[K/home/nebbackwards/WPI/Classes/RBE521/Final/ros_workspace/src/RBE521/unitree_guide2/include/common/mathTools.h:\x1b[m\x1b[K In constructor \xe2\x80\x98\x1b[01m\x1b[KAvgCov::\x1b[01;32m\x1b[KAvgCov\x1b[m\x1b[K(unsigned int, std::string, bool, unsigned int, unsigned int, double)\x1b[m\x1b[K\xe2\x80\x99:\n'}
[2.350877] (unitree_guide2) StderrLine: {'line': b'\x1b[01m\x1b[K/home/nebbackwards/WPI/Classes/RBE521/Final/ros_workspace/src/RBE521/unitree_guide2/include/common/mathTools.h:278:17:\x1b[m\x1b[K \x1b[01;35m\x1b[Kwarning: \x1b[m\x1b[K\xe2\x80\x98\x1b[01m\x1b[KAvgCov::_valueName\x1b[m\x1b[K\xe2\x80\x99 will be initialized after [\x1b[01;35m\x1b[K\x1b]8;;https://gcc.gnu.org/onlinedocs/gcc/Warning-Options.html#index-Wreorder\x07-Wreorder\x1b]8;;\x07\x1b[m\x1b[K]\n'}
[2.351004] (unitree_guide2) StderrLine: {'line': b'  278 |     std::string \x1b[01;35m\x1b[K_valueName\x1b[m\x1b[K;\n'}
[2.351301] (unitree_guide2) StderrLine: {'line': b'      |                 \x1b[01;35m\x1b[K^~~~~~~~~~\x1b[m\x1b[K\n'}
[2.351411] (unitree_guide2) StderrLine: {'line': b'\x1b[01m\x1b[K/home/nebbackwards/WPI/Classes/RBE521/Final/ros_workspace/src/RBE521/unitree_guide2/include/common/mathTools.h:272:10:\x1b[m\x1b[K \x1b[01;35m\x1b[Kwarning: \x1b[m\x1b[K  \xe2\x80\x98\x1b[01m\x1b[Kbool AvgCov::_avgOnly\x1b[m\x1b[K\xe2\x80\x99 [\x1b[01;35m\x1b[K\x1b]8;;https://gcc.gnu.org/onlinedocs/gcc/Warning-Options.html#index-Wreorder\x07-Wreorder\x1b]8;;\x07\x1b[m\x1b[K]\n'}
[2.351513] (unitree_guide2) StderrLine: {'line': b'  272 |     bool \x1b[01;35m\x1b[K_avgOnly\x1b[m\x1b[K;\n'}
[2.351626] (unitree_guide2) StderrLine: {'line': b'      |          \x1b[01;35m\x1b[K^~~~~~~~\x1b[m\x1b[K\n'}
[2.351720] (unitree_guide2) StderrLine: {'line': b'\x1b[01m\x1b[K/home/nebbackwards/WPI/Classes/RBE521/Final/ros_workspace/src/RBE521/unitree_guide2/include/common/mathTools.h:246:5:\x1b[m\x1b[K \x1b[01;35m\x1b[Kwarning: \x1b[m\x1b[K  when initialized here [\x1b[01;35m\x1b[K\x1b]8;;https://gcc.gnu.org/onlinedocs/gcc/Warning-Options.html#index-Wreorder\x07-Wreorder\x1b]8;;\x07\x1b[m\x1b[K]\n'}
[2.351817] (unitree_guide2) StderrLine: {'line': b'  246 |     \x1b[01;35m\x1b[KAvgCov\x1b[m\x1b[K(unsigned int size, std::string name, bool avgOnly=false, unsigned int showPeriod=1000, unsigned int waitCount=5000, double zoomFactor=10000)\n'}
[2.351932] (unitree_guide2) StderrLine: {'line': b'      |     \x1b[01;35m\x1b[K^~~~~~\x1b[m\x1b[K\n'}
[2.352030] (unitree_guide2) StderrLine: {'line': b'In file included from \x1b[01m\x1b[K/home/nebbackwards/WPI/Classes/RBE521/Final/ros_workspace/src/RBE521/unitree_guide2/include/message/LowlevelCmd.h:8\x1b[m\x1b[K,\n'}
[2.352126] (unitree_guide2) StderrLine: {'line': b'                 from \x1b[01m\x1b[K/home/nebbackwards/WPI/Classes/RBE521/Final/ros_workspace/src/RBE521/unitree_guide2/include/control/CtrlComponents.h:7\x1b[m\x1b[K,\n'}
[2.352224] (unitree_guide2) StderrLine: {'line': b'                 from \x1b[01m\x1b[K/home/nebbackwards/WPI/Classes/RBE521/Final/ros_workspace/src/RBE521/unitree_guide2/include/FSM/FSMState.h:10\x1b[m\x1b[K,\n'}
[2.352357] (unitree_guide2) StderrLine: {'line': b'                 from \x1b[01m\x1b[K/home/nebbackwards/WPI/Classes/RBE521/Final/ros_workspace/src/RBE521/unitree_guide2/include/FSM/FSM.h:8\x1b[m\x1b[K,\n'}
[2.352504] (unitree_guide2) StderrLine: {'line': b'                 from \x1b[01m\x1b[K/home/nebbackwards/WPI/Classes/RBE521/Final/ros_workspace/src/RBE521/unitree_guide2/src/FSM/FSM.cpp:4\x1b[m\x1b[K:\n'}
[2.352637] (unitree_guide2) StderrLine: {'line': b'\x1b[01m\x1b[K/home/nebbackwards/WPI/Classes/RBE521/Final/ros_workspace/src/RBE521/unitree_guide2/include/common/mathTools.h:\x1b[m\x1b[K In constructor \xe2\x80\x98\x1b[01m\x1b[KAvgCov::\x1b[01;32m\x1b[KAvgCov\x1b[m\x1b[K(unsigned int, std::string, bool, unsigned int, unsigned int, double)\x1b[m\x1b[K\xe2\x80\x99:\n'}
[2.352750] (unitree_guide2) StderrLine: {'line': b'\x1b[01m\x1b[K/home/nebbackwards/WPI/Classes/RBE521/Final/ros_workspace/src/RBE521/unitree_guide2/include/common/mathTools.h:278:17:\x1b[m\x1b[K \x1b[01;35m\x1b[Kwarning: \x1b[m\x1b[K\xe2\x80\x98\x1b[01m\x1b[KAvgCov::_valueName\x1b[m\x1b[K\xe2\x80\x99 will be initialized after [\x1b[01;35m\x1b[K\x1b]8;;https://gcc.gnu.org/onlinedocs/gcc/Warning-Options.html#index-Wreorder\x07-Wreorder\x1b]8;;\x07\x1b[m\x1b[K]\n'}
[2.352902] (unitree_guide2) StderrLine: {'line': b'  278 |     std::string \x1b[01;35m\x1b[K_valueName\x1b[m\x1b[K;\n'}
[2.353004] (unitree_guide2) StderrLine: {'line': b'      |                 \x1b[01;35m\x1b[K^~~~~~~~~~\x1b[m\x1b[K\n'}
[2.353096] (unitree_guide2) StderrLine: {'line': b'\x1b[01m\x1b[K/home/nebbackwards/WPI/Classes/RBE521/Final/ros_workspace/src/RBE521/unitree_guide2/include/common/mathTools.h:272:10:\x1b[m\x1b[K \x1b[01;35m\x1b[Kwarning: \x1b[m\x1b[K  \xe2\x80\x98\x1b[01m\x1b[Kbool AvgCov::_avgOnly\x1b[m\x1b[K\xe2\x80\x99 [\x1b[01;35m\x1b[K\x1b]8;;https://gcc.gnu.org/onlinedocs/gcc/Warning-Options.html#index-Wreorder\x07-Wreorder\x1b]8;;\x07\x1b[m\x1b[K]\n'}
[2.353200] (unitree_guide2) StderrLine: {'line': b'  272 |     bool \x1b[01;35m\x1b[K_avgOnly\x1b[m\x1b[K;\n'}
[2.353290] (unitree_guide2) StderrLine: {'line': b'      |          \x1b[01;35m\x1b[K^~~~~~~~\x1b[m\x1b[K\n'}
[2.353381] (unitree_guide2) StderrLine: {'line': b'\x1b[01m\x1b[K/home/nebbackwards/WPI/Classes/RBE521/Final/ros_workspace/src/RBE521/unitree_guide2/include/common/mathTools.h:246:5:\x1b[m\x1b[K \x1b[01;35m\x1b[Kwarning: \x1b[m\x1b[K  when initialized here [\x1b[01;35m\x1b[K\x1b]8;;https://gcc.gnu.org/onlinedocs/gcc/Warning-Options.html#index-Wreorder\x07-Wreorder\x1b]8;;\x07\x1b[m\x1b[K]\n'}
[2.353469] (unitree_guide2) StderrLine: {'line': b'  246 |     \x1b[01;35m\x1b[KAvgCov\x1b[m\x1b[K(unsigned int size, std::string name, bool avgOnly=false, unsigned int showPeriod=1000, unsigned int waitCount=5000, double zoomFactor=10000)\n'}
[2.353558] (unitree_guide2) StderrLine: {'line': b'      |     \x1b[01;35m\x1b[K^~~~~~\x1b[m\x1b[K\n'}
[2.362884] (unitree_guide2) StderrLine: {'line': b'In file included from \x1b[01m\x1b[K/home/nebbackwards/WPI/Classes/RBE521/Final/ros_workspace/src/RBE521/unitree_guide2/include/message/LowlevelCmd.h:8\x1b[m\x1b[K,\n'}
[2.363123] (unitree_guide2) StderrLine: {'line': b'                 from \x1b[01m\x1b[K/home/nebbackwards/WPI/Classes/RBE521/Final/ros_workspace/src/RBE521/unitree_guide2/include/control/CtrlComponents.h:7\x1b[m\x1b[K,\n'}
[2.363231] (unitree_guide2) StderrLine: {'line': b'                 from \x1b[01m\x1b[K/home/nebbackwards/WPI/Classes/RBE521/Final/ros_workspace/src/RBE521/unitree_guide2/include/FSM/FSMState.h:10\x1b[m\x1b[K,\n'}
[2.363329] (unitree_guide2) StderrLine: {'line': b'                 from \x1b[01m\x1b[K/home/nebbackwards/WPI/Classes/RBE521/Final/ros_workspace/src/RBE521/unitree_guide2/include/FSM/FSM.h:8\x1b[m\x1b[K,\n'}
[2.363420] (unitree_guide2) StderrLine: {'line': b'                 from \x1b[01m\x1b[K/home/nebbackwards/WPI/Classes/RBE521/Final/ros_workspace/src/RBE521/unitree_guide2/include/control/ControlFrame.h:7\x1b[m\x1b[K,\n'}
[2.363515] (unitree_guide2) StderrLine: {'line': b'                 from \x1b[01m\x1b[K/home/nebbackwards/WPI/Classes/RBE521/Final/ros_workspace/src/RBE521/unitree_guide2/src/control/ControlFrame.cpp:4\x1b[m\x1b[K:\n'}
[2.363630] (unitree_guide2) StderrLine: {'line': b'\x1b[01m\x1b[K/home/nebbackwards/WPI/Classes/RBE521/Final/ros_workspace/src/RBE521/unitree_guide2/include/common/mathTools.h:\x1b[m\x1b[K In constructor \xe2\x80\x98\x1b[01m\x1b[KAvgCov::\x1b[01;32m\x1b[KAvgCov\x1b[m\x1b[K(unsigned int, std::string, bool, unsigned int, unsigned int, double)\x1b[m\x1b[K\xe2\x80\x99:\n'}
[2.363745] (unitree_guide2) StderrLine: {'line': b'\x1b[01m\x1b[K/home/nebbackwards/WPI/Classes/RBE521/Final/ros_workspace/src/RBE521/unitree_guide2/include/common/mathTools.h:278:17:\x1b[m\x1b[K \x1b[01;35m\x1b[Kwarning: \x1b[m\x1b[K\xe2\x80\x98\x1b[01m\x1b[KAvgCov::_valueName\x1b[m\x1b[K\xe2\x80\x99 will be initialized after [\x1b[01;35m\x1b[K\x1b]8;;https://gcc.gnu.org/onlinedocs/gcc/Warning-Options.html#index-Wreorder\x07-Wreorder\x1b]8;;\x07\x1b[m\x1b[K]\n'}
[2.363839] (unitree_guide2) StderrLine: {'line': b'  278 |     std::string \x1b[01;35m\x1b[K_valueName\x1b[m\x1b[K;\n'}
[2.363929] (unitree_guide2) StderrLine: {'line': b'      |                 \x1b[01;35m\x1b[K^~~~~~~~~~\x1b[m\x1b[K\n'}
[2.364041] (unitree_guide2) StderrLine: {'line': b'\x1b[01m\x1b[K/home/nebbackwards/WPI/Classes/RBE521/Final/ros_workspace/src/RBE521/unitree_guide2/include/common/mathTools.h:272:10:\x1b[m\x1b[K \x1b[01;35m\x1b[Kwarning: \x1b[m\x1b[K  \xe2\x80\x98\x1b[01m\x1b[Kbool AvgCov::_avgOnly\x1b[m\x1b[K\xe2\x80\x99 [\x1b[01;35m\x1b[K\x1b]8;;https://gcc.gnu.org/onlinedocs/gcc/Warning-Options.html#index-Wreorder\x07-Wreorder\x1b]8;;\x07\x1b[m\x1b[K]\n'}
[2.364144] (unitree_guide2) StderrLine: {'line': b'  272 |     bool \x1b[01;35m\x1b[K_avgOnly\x1b[m\x1b[K;\n'}
[2.364237] (unitree_guide2) StderrLine: {'line': b'      |          \x1b[01;35m\x1b[K^~~~~~~~\x1b[m\x1b[K\n'}
[2.364333] (unitree_guide2) StderrLine: {'line': b'\x1b[01m\x1b[K/home/nebbackwards/WPI/Classes/RBE521/Final/ros_workspace/src/RBE521/unitree_guide2/include/common/mathTools.h:246:5:\x1b[m\x1b[K \x1b[01;35m\x1b[Kwarning: \x1b[m\x1b[K  when initialized here [\x1b[01;35m\x1b[K\x1b]8;;https://gcc.gnu.org/onlinedocs/gcc/Warning-Options.html#index-Wreorder\x07-Wreorder\x1b]8;;\x07\x1b[m\x1b[K]\n'}
[2.364456] (unitree_guide2) StderrLine: {'line': b'  246 |     \x1b[01;35m\x1b[KAvgCov\x1b[m\x1b[K(unsigned int size, std::string name, bool avgOnly=false, unsigned int showPeriod=1000, unsigned int waitCount=5000, double zoomFactor=10000)\n'}
[2.364561] (unitree_guide2) StderrLine: {'line': b'      |     \x1b[01;35m\x1b[K^~~~~~\x1b[m\x1b[K\n'}
[2.370879] (unitree_guide2) StderrLine: {'line': b'In file included from \x1b[01m\x1b[K/home/nebbackwards/WPI/Classes/RBE521/Final/ros_workspace/src/RBE521/unitree_guide2/include/message/LowlevelCmd.h:8\x1b[m\x1b[K,\n'}
[2.371236] (unitree_guide2) StderrLine: {'line': b'                 from \x1b[01m\x1b[K/home/nebbackwards/WPI/Classes/RBE521/Final/ros_workspace/src/RBE521/unitree_guide2/include/control/CtrlComponents.h:7\x1b[m\x1b[K,\n'}
[2.371479] (unitree_guide2) StderrLine: {'line': b'                 from \x1b[01m\x1b[K/home/nebbackwards/WPI/Classes/RBE521/Final/ros_workspace/src/RBE521/unitree_guide2/include/FSM/FSMState.h:10\x1b[m\x1b[K,\n'}
[2.371790] (unitree_guide2) StderrLine: {'line': b'                 from \x1b[01m\x1b[K/home/nebbackwards/WPI/Classes/RBE521/Final/ros_workspace/src/RBE521/unitree_guide2/include/FSM/FSM.h:8\x1b[m\x1b[K,\n'}
[2.372160] (unitree_guide2) StderrLine: {'line': b'                 from \x1b[01m\x1b[K/home/nebbackwards/WPI/Classes/RBE521/Final/ros_workspace/src/RBE521/unitree_guide2/include/control/ControlFrame.h:7\x1b[m\x1b[K,\n'}
[2.372441] (unitree_guide2) StderrLine: {'line': b'                 from \x1b[01m\x1b[K/home/nebbackwards/WPI/Classes/RBE521/Final/ros_workspace/src/RBE521/unitree_guide2/src/main.cpp:9\x1b[m\x1b[K:\n'}
[2.372650] (unitree_guide2) StderrLine: {'line': b'\x1b[01m\x1b[K/home/nebbackwards/WPI/Classes/RBE521/Final/ros_workspace/src/RBE521/unitree_guide2/include/common/mathTools.h:\x1b[m\x1b[K In constructor \xe2\x80\x98\x1b[01m\x1b[KAvgCov::\x1b[01;32m\x1b[KAvgCov\x1b[m\x1b[K(unsigned int, std::string, bool, unsigned int, unsigned int, double)\x1b[m\x1b[K\xe2\x80\x99:\n'}
[2.372757] (unitree_guide2) StderrLine: {'line': b'\x1b[01m\x1b[K/home/nebbackwards/WPI/Classes/RBE521/Final/ros_workspace/src/RBE521/unitree_guide2/include/common/mathTools.h:278:17:\x1b[m\x1b[K \x1b[01;35m\x1b[Kwarning: \x1b[m\x1b[K\xe2\x80\x98\x1b[01m\x1b[KAvgCov::_valueName\x1b[m\x1b[K\xe2\x80\x99 will be initialized after [\x1b[01;35m\x1b[K\x1b]8;;https://gcc.gnu.org/onlinedocs/gcc/Warning-Options.html#index-Wreorder\x07-Wreorder\x1b]8;;\x07\x1b[m\x1b[K]\n'}
[2.372858] (unitree_guide2) StderrLine: {'line': b'  278 |     std::string \x1b[01;35m\x1b[K_valueName\x1b[m\x1b[K;\n'}
[2.372947] (unitree_guide2) StderrLine: {'line': b'      |                 \x1b[01;35m\x1b[K^~~~~~~~~~\x1b[m\x1b[K\n'}
[2.373057] (unitree_guide2) StderrLine: {'line': b'\x1b[01m\x1b[K/home/nebbackwards/WPI/Classes/RBE521/Final/ros_workspace/src/RBE521/unitree_guide2/include/common/mathTools.h:272:10:\x1b[m\x1b[K \x1b[01;35m\x1b[Kwarning: \x1b[m\x1b[K  \xe2\x80\x98\x1b[01m\x1b[Kbool AvgCov::_avgOnly\x1b[m\x1b[K\xe2\x80\x99 [\x1b[01;35m\x1b[K\x1b]8;;https://gcc.gnu.org/onlinedocs/gcc/Warning-Options.html#index-Wreorder\x07-Wreorder\x1b]8;;\x07\x1b[m\x1b[K]\n'}
[2.373162] (unitree_guide2) StderrLine: {'line': b'  272 |     bool \x1b[01;35m\x1b[K_avgOnly\x1b[m\x1b[K;\n'}
[2.373251] (unitree_guide2) StderrLine: {'line': b'      |          \x1b[01;35m\x1b[K^~~~~~~~\x1b[m\x1b[K\n'}
[2.373336] (unitree_guide2) StderrLine: {'line': b'\x1b[01m\x1b[K/home/nebbackwards/WPI/Classes/RBE521/Final/ros_workspace/src/RBE521/unitree_guide2/include/common/mathTools.h:246:5:\x1b[m\x1b[K \x1b[01;35m\x1b[Kwarning: \x1b[m\x1b[K  when initialized here [\x1b[01;35m\x1b[K\x1b]8;;https://gcc.gnu.org/onlinedocs/gcc/Warning-Options.html#index-Wreorder\x07-Wreorder\x1b]8;;\x07\x1b[m\x1b[K]\n'}
[2.373430] (unitree_guide2) StderrLine: {'line': b'  246 |     \x1b[01;35m\x1b[KAvgCov\x1b[m\x1b[K(unsigned int size, std::string name, bool avgOnly=false, unsigned int showPeriod=1000, unsigned int waitCount=5000, double zoomFactor=10000)\n'}
[2.373524] (unitree_guide2) StderrLine: {'line': b'      |     \x1b[01;35m\x1b[K^~~~~~\x1b[m\x1b[K\n'}
[2.391048] (unitree_guide2) StderrLine: {'line': b'In file included from \x1b[01m\x1b[K/home/nebbackwards/WPI/Classes/RBE521/Final/ros_workspace/src/RBE521/unitree_guide2/include/message/LowlevelState.h:10\x1b[m\x1b[K,\n'}
[2.391399] (unitree_guide2) StderrLine: {'line': b'                 from \x1b[01m\x1b[K/home/nebbackwards/WPI/Classes/RBE521/Final/ros_workspace/src/RBE521/unitree_guide2/include/control/CtrlComponents.h:8\x1b[m\x1b[K:\n'}
[2.391778] (unitree_guide2) StderrLine: {'line': b'\x1b[01m\x1b[K/home/nebbackwards/WPI/Classes/RBE521/Final/ros_workspace/src/RBE521/unitree_guide2/include/interface/CmdPanel.h:\x1b[m\x1b[K In member function \xe2\x80\x98\x1b[01m\x1b[Kvirtual void* CmdPanel::\x1b[01;32m\x1b[Krun\x1b[m\x1b[K(void*)\x1b[m\x1b[K\xe2\x80\x99:\n'}
[2.391988] (unitree_guide2) StderrLine: {'line': b'\x1b[01m\x1b[K/home/nebbackwards/WPI/Classes/RBE521/Final/ros_workspace/src/RBE521/unitree_guide2/include/interface/CmdPanel.h:50:29:\x1b[m\x1b[K \x1b[01;35m\x1b[Kwarning: \x1b[m\x1b[Kunused parameter \xe2\x80\x98\x1b[01m\x1b[Karg\x1b[m\x1b[K\xe2\x80\x99 [\x1b[01;35m\x1b[K\x1b]8;;https://gcc.gnu.org/onlinedocs/gcc/Warning-Options.html#index-Wunused-parameter\x07-Wunused-parameter\x1b]8;;\x07\x1b[m\x1b[K]\n'}
[2.392193] (unitree_guide2) StderrLine: {'line': b'   50 |     virtual void* run(\x1b[01;35m\x1b[Kvoid *arg\x1b[m\x1b[K){return NULL;}\n'}
[2.392375] (unitree_guide2) StderrLine: {'line': b'      |                       \x1b[01;35m\x1b[K~~~~~~^~~\x1b[m\x1b[K\n'}
[2.393428] (unitree_guide2) StderrLine: {'line': b'In file included from \x1b[01m\x1b[K/home/nebbackwards/WPI/Classes/RBE521/Final/ros_workspace/src/RBE521/unitree_guide2/include/message/LowlevelState.h:10\x1b[m\x1b[K,\n'}
[2.393595] (unitree_guide2) StderrLine: {'line': b'                 from \x1b[01m\x1b[K/home/nebbackwards/WPI/Classes/RBE521/Final/ros_workspace/src/RBE521/unitree_guide2/include/control/CtrlComponents.h:8\x1b[m\x1b[K:\n'}
[2.393703] (unitree_guide2) StderrLine: {'line': b'\x1b[01m\x1b[K/home/nebbackwards/WPI/Classes/RBE521/Final/ros_workspace/src/RBE521/unitree_guide2/include/interface/CmdPanel.h:\x1b[m\x1b[K In member function \xe2\x80\x98\x1b[01m\x1b[Kvirtual void* CmdPanel::\x1b[01;32m\x1b[Krun\x1b[m\x1b[K(void*)\x1b[m\x1b[K\xe2\x80\x99:\n'}
[2.393801] (unitree_guide2) StderrLine: {'line': b'\x1b[01m\x1b[K/home/nebbackwards/WPI/Classes/RBE521/Final/ros_workspace/src/RBE521/unitree_guide2/include/interface/CmdPanel.h:50:29:\x1b[m\x1b[K \x1b[01;35m\x1b[Kwarning: \x1b[m\x1b[Kunused parameter \xe2\x80\x98\x1b[01m\x1b[Karg\x1b[m\x1b[K\xe2\x80\x99 [\x1b[01;35m\x1b[K\x1b]8;;https://gcc.gnu.org/onlinedocs/gcc/Warning-Options.html#index-Wunused-parameter\x07-Wunused-parameter\x1b]8;;\x07\x1b[m\x1b[K]\n'}
[2.393897] (unitree_guide2) StderrLine: {'line': b'   50 |     virtual void* run(\x1b[01;35m\x1b[Kvoid *arg\x1b[m\x1b[K){return NULL;}\n'}
[2.393989] (unitree_guide2) StderrLine: {'line': b'      |                       \x1b[01;35m\x1b[K~~~~~~^~~\x1b[m\x1b[K\n'}
[2.405156] (unitree_guide2) StderrLine: {'line': b'In file included from \x1b[01m\x1b[K/home/nebbackwards/WPI/Classes/RBE521/Final/ros_workspace/src/RBE521/unitree_guide2/include/message/LowlevelState.h:10\x1b[m\x1b[K,\n'}
[2.405540] (unitree_guide2) StderrLine: {'line': b'                 from \x1b[01m\x1b[K/home/nebbackwards/WPI/Classes/RBE521/Final/ros_workspace/src/RBE521/unitree_guide2/include/control/CtrlComponents.h:8\x1b[m\x1b[K:\n'}
[2.405786] (unitree_guide2) StderrLine: {'line': b'\x1b[01m\x1b[K/home/nebbackwards/WPI/Classes/RBE521/Final/ros_workspace/src/RBE521/unitree_guide2/include/interface/CmdPanel.h:\x1b[m\x1b[K In member function \xe2\x80\x98\x1b[01m\x1b[Kvirtual void* CmdPanel::\x1b[01;32m\x1b[Krun\x1b[m\x1b[K(void*)\x1b[m\x1b[K\xe2\x80\x99:\n'}
[2.405968] (unitree_guide2) StderrLine: {'line': b'\x1b[01m\x1b[K/home/nebbackwards/WPI/Classes/RBE521/Final/ros_workspace/src/RBE521/unitree_guide2/include/interface/CmdPanel.h:50:29:\x1b[m\x1b[K \x1b[01;35m\x1b[Kwarning: \x1b[m\x1b[Kunused parameter \xe2\x80\x98\x1b[01m\x1b[Karg\x1b[m\x1b[K\xe2\x80\x99 [\x1b[01;35m\x1b[K\x1b]8;;https://gcc.gnu.org/onlinedocs/gcc/Warning-Options.html#index-Wunused-parameter\x07-Wunused-parameter\x1b]8;;\x07\x1b[m\x1b[K]\n'}
[2.406071] (unitree_guide2) StderrLine: {'line': b'   50 |     virtual void* run(\x1b[01;35m\x1b[Kvoid *arg\x1b[m\x1b[K){return NULL;}\n'}
[2.406159] (unitree_guide2) StderrLine: {'line': b'      |                       \x1b[01;35m\x1b[K~~~~~~^~~\x1b[m\x1b[K\n'}
[2.410259] (-) TimerEvent: {}
[2.412401] (unitree_guide2) StderrLine: {'line': b'In file included from \x1b[01m\x1b[K/home/nebbackwards/WPI/Classes/RBE521/Final/ros_workspace/src/RBE521/unitree_guide2/include/message/LowlevelState.h:10\x1b[m\x1b[K,\n'}
[2.412754] (unitree_guide2) StderrLine: {'line': b'                 from \x1b[01m\x1b[K/home/nebbackwards/WPI/Classes/RBE521/Final/ros_workspace/src/RBE521/unitree_guide2/include/control/CtrlComponents.h:8\x1b[m\x1b[K:\n'}
[2.412955] (unitree_guide2) StderrLine: {'line': b'\x1b[01m\x1b[K/home/nebbackwards/WPI/Classes/RBE521/Final/ros_workspace/src/RBE521/unitree_guide2/include/interface/CmdPanel.h:\x1b[m\x1b[K In member function \xe2\x80\x98\x1b[01m\x1b[Kvirtual void* CmdPanel::\x1b[01;32m\x1b[Krun\x1b[m\x1b[K(void*)\x1b[m\x1b[K\xe2\x80\x99:\n'}
[2.413140] (unitree_guide2) StderrLine: {'line': b'\x1b[01m\x1b[K/home/nebbackwards/WPI/Classes/RBE521/Final/ros_workspace/src/RBE521/unitree_guide2/include/interface/CmdPanel.h:50:29:\x1b[m\x1b[K \x1b[01;35m\x1b[Kwarning: \x1b[m\x1b[Kunused parameter \xe2\x80\x98\x1b[01m\x1b[Karg\x1b[m\x1b[K\xe2\x80\x99 [\x1b[01;35m\x1b[K\x1b]8;;https://gcc.gnu.org/onlinedocs/gcc/Warning-Options.html#index-Wunused-parameter\x07-Wunused-parameter\x1b]8;;\x07\x1b[m\x1b[K]\n'}
[2.413252] (unitree_guide2) StderrLine: {'line': b'   50 |     virtual void* run(\x1b[01;35m\x1b[Kvoid *arg\x1b[m\x1b[K){return NULL;}\n'}
[2.413344] (unitree_guide2) StderrLine: {'line': b'      |                       \x1b[01;35m\x1b[K~~~~~~^~~\x1b[m\x1b[K\n'}
[2.510446] (-) TimerEvent: {}
[2.610923] (-) TimerEvent: {}
[2.711363] (-) TimerEvent: {}
[2.811841] (-) TimerEvent: {}
[2.912294] (-) TimerEvent: {}
[3.012729] (-) TimerEvent: {}
[3.113127] (-) TimerEvent: {}
[3.213528] (-) TimerEvent: {}
[3.314057] (-) TimerEvent: {}
[3.414544] (-) TimerEvent: {}
[3.515038] (-) TimerEvent: {}
[3.615498] (-) TimerEvent: {}
[3.715979] (-) TimerEvent: {}
[3.816446] (-) TimerEvent: {}
[3.916918] (-) TimerEvent: {}
[4.017324] (-) TimerEvent: {}
[4.117810] (-) TimerEvent: {}
[4.218248] (-) TimerEvent: {}
[4.252169] (unitree_guide2) StderrLine: {'line': b'\x1b[01m\x1b[K/home/nebbackwards/WPI/Classes/RBE521/Final/ros_workspace/src/RBE521/unitree_guide2/include/control/CtrlComponents.h:\x1b[m\x1b[K In destructor \xe2\x80\x98\x1b[01m\x1b[KCtrlComponents::\x1b[01;32m\x1b[K~CtrlComponents\x1b[m\x1b[K()\x1b[m\x1b[K\xe2\x80\x99:\n'}
[4.252619] (unitree_guide2) StderrLine: {'line': b'\x1b[01m\x1b[K/home/nebbackwards/WPI/Classes/RBE521/Final/ros_workspace/src/RBE521/unitree_guide2/include/control/CtrlComponents.h:35:9:\x1b[m\x1b[K \x1b[01;35m\x1b[Kwarning: \x1b[m\x1b[Kdeleting object of abstract class type \xe2\x80\x98\x1b[01m\x1b[KIOInterface\x1b[m\x1b[K\xe2\x80\x99 which has non-virtual destructor will cause undefined behavior [\x1b[01;35m\x1b[K\x1b]8;;https://gcc.gnu.org/onlinedocs/gcc/Warning-Options.html#index-Wdelete-non-virtual-dtor\x07-Wdelete-non-virtual-dtor\x1b]8;;\x07\x1b[m\x1b[K]\n'}
[4.252890] (unitree_guide2) StderrLine: {'line': b'   35 |         \x1b[01;35m\x1b[Kdelete ioInter\x1b[m\x1b[K;\n'}
[4.253030] (unitree_guide2) StderrLine: {'line': b'      |         \x1b[01;35m\x1b[K^~~~~~~~~~~~~~\x1b[m\x1b[K\n'}
[4.257926] (unitree_guide2) StderrLine: {'line': b'In file included from \x1b[01m\x1b[K/home/nebbackwards/WPI/Classes/RBE521/Final/ros_workspace/src/RBE521/unitree_guide2/include/FSM/FSM.h:19\x1b[m\x1b[K:\n'}
[4.258370] (unitree_guide2) StderrLine: {'line': b'\x1b[01m\x1b[K/home/nebbackwards/WPI/Classes/RBE521/Final/ros_workspace/src/RBE521/unitree_guide2/include/FSM/State_move_gait.h:\x1b[m\x1b[K At global scope:\n'}
[4.258735] (unitree_guide2) StderrLine: {'line': b'\x1b[01m\x1b[K/home/nebbackwards/WPI/Classes/RBE521/Final/ros_workspace/src/RBE521/unitree_guide2/include/FSM/State_move_gait.h:57:38:\x1b[m\x1b[K \x1b[01;31m\x1b[Kerror: \x1b[m\x1b[K\xe2\x80\x98\x1b[01m\x1b[KSharedPtr\x1b[m\x1b[K\xe2\x80\x99 in \xe2\x80\x98\x1b[01m\x1b[Kstruct GaitCmd\x1b[m\x1b[K\xe2\x80\x99 does not name a type\n'}
[4.258961] (unitree_guide2) StderrLine: {'line': b'   57 |     void gaitCallback(const GaitCmd::\x1b[01;31m\x1b[KSharedPtr\x1b[m\x1b[K msg);\n'}
[4.259129] (unitree_guide2) StderrLine: {'line': b'      |                                      \x1b[01;31m\x1b[K^~~~~~~~~\x1b[m\x1b[K\n'}
[4.259920] (unitree_guide2) StderrLine: {'line': b'\x1b[01m\x1b[K/home/nebbackwards/WPI/Classes/RBE521/Final/ros_workspace/src/RBE521/unitree_guide2/include/control/CtrlComponents.h:\x1b[m\x1b[K In destructor \xe2\x80\x98\x1b[01m\x1b[KCtrlComponents::\x1b[01;32m\x1b[K~CtrlComponents\x1b[m\x1b[K()\x1b[m\x1b[K\xe2\x80\x99:\n'}
[4.260098] (unitree_guide2) StderrLine: {'line': b'\x1b[01m\x1b[K/home/nebbackwards/WPI/Classes/RBE521/Final/ros_workspace/src/RBE521/unitree_guide2/include/control/CtrlComponents.h:35:9:\x1b[m\x1b[K \x1b[01;35m\x1b[Kwarning: \x1b[m\x1b[Kdeleting object of abstract class type \xe2\x80\x98\x1b[01m\x1b[KIOInterface\x1b[m\x1b[K\xe2\x80\x99 which has non-virtual destructor will cause undefined behavior [\x1b[01;35m\x1b[K\x1b]8;;https://gcc.gnu.org/onlinedocs/gcc/Warning-Options.html#index-Wdelete-non-virtual-dtor\x07-Wdelete-non-virtual-dtor\x1b]8;;\x07\x1b[m\x1b[K]\n'}
[4.260251] (unitree_guide2) StderrLine: {'line': b'   35 |         \x1b[01;35m\x1b[Kdelete ioInter\x1b[m\x1b[K;\n'}
[4.260392] (unitree_guide2) StderrLine: {'line': b'      |         \x1b[01;35m\x1b[K^~~~~~~~~~~~~~\x1b[m\x1b[K\n'}
[4.261676] (unitree_guide2) StderrLine: {'line': b'\x1b[01m\x1b[K/home/nebbackwards/WPI/Classes/RBE521/Final/ros_workspace/src/RBE521/unitree_guide2/include/control/CtrlComponents.h:\x1b[m\x1b[K In destructor \xe2\x80\x98\x1b[01m\x1b[KCtrlComponents::\x1b[01;32m\x1b[K~CtrlComponents\x1b[m\x1b[K()\x1b[m\x1b[K\xe2\x80\x99:\n'}
[4.261854] (unitree_guide2) StderrLine: {'line': b'\x1b[01m\x1b[K/home/nebbackwards/WPI/Classes/RBE521/Final/ros_workspace/src/RBE521/unitree_guide2/include/control/CtrlComponents.h:35:9:\x1b[m\x1b[K \x1b[01;35m\x1b[Kwarning: \x1b[m\x1b[Kdeleting object of abstract class type \xe2\x80\x98\x1b[01m\x1b[KIOInterface\x1b[m\x1b[K\xe2\x80\x99 which has non-virtual destructor will cause undefined behavior [\x1b[01;35m\x1b[K\x1b]8;;https://gcc.gnu.org/onlinedocs/gcc/Warning-Options.html#index-Wdelete-non-virtual-dtor\x07-Wdelete-non-virtual-dtor\x1b]8;;\x07\x1b[m\x1b[K]\n'}
[4.262010] (unitree_guide2) StderrLine: {'line': b'   35 |         \x1b[01;35m\x1b[Kdelete ioInter\x1b[m\x1b[K;\n'}
[4.262151] (unitree_guide2) StderrLine: {'line': b'      |         \x1b[01;35m\x1b[K^~~~~~~~~~~~~~\x1b[m\x1b[K\n'}
[4.264141] (unitree_guide2) StderrLine: {'line': b'\x1b[01m\x1b[K/home/nebbackwards/WPI/Classes/RBE521/Final/ros_workspace/src/RBE521/unitree_guide2/include/FSM/State_move_gait.h:\x1b[m\x1b[K At global scope:\n'}
[4.264358] (unitree_guide2) StderrLine: {'line': b'\x1b[01m\x1b[K/home/nebbackwards/WPI/Classes/RBE521/Final/ros_workspace/src/RBE521/unitree_guide2/include/FSM/State_move_gait.h:57:38:\x1b[m\x1b[K \x1b[01;31m\x1b[Kerror: \x1b[m\x1b[K\xe2\x80\x98\x1b[01m\x1b[KSharedPtr\x1b[m\x1b[K\xe2\x80\x99 in \xe2\x80\x98\x1b[01m\x1b[Kstruct GaitCmd\x1b[m\x1b[K\xe2\x80\x99 does not name a type\n'}
[4.264522] (unitree_guide2) StderrLine: {'line': b'   57 |     void gaitCallback(const GaitCmd::\x1b[01;31m\x1b[KSharedPtr\x1b[m\x1b[K msg);\n'}
[4.264673] (unitree_guide2) StderrLine: {'line': b'      |                                      \x1b[01;31m\x1b[K^~~~~~~~~\x1b[m\x1b[K\n'}
[4.267231] (unitree_guide2) StderrLine: {'line': b'In file included from \x1b[01m\x1b[K/home/nebbackwards/WPI/Classes/RBE521/Final/ros_workspace/src/RBE521/unitree_guide2/include/FSM/FSM.h:19\x1b[m\x1b[K:\n'}
[4.267423] (unitree_guide2) StderrLine: {'line': b'\x1b[01m\x1b[K/home/nebbackwards/WPI/Classes/RBE521/Final/ros_workspace/src/RBE521/unitree_guide2/include/FSM/State_move_gait.h:\x1b[m\x1b[K At global scope:\n'}
[4.267531] (unitree_guide2) StderrLine: {'line': b'\x1b[01m\x1b[K/home/nebbackwards/WPI/Classes/RBE521/Final/ros_workspace/src/RBE521/unitree_guide2/include/FSM/State_move_gait.h:57:38:\x1b[m\x1b[K \x1b[01;31m\x1b[Kerror: \x1b[m\x1b[K\xe2\x80\x98\x1b[01m\x1b[KSharedPtr\x1b[m\x1b[K\xe2\x80\x99 in \xe2\x80\x98\x1b[01m\x1b[Kstruct GaitCmd\x1b[m\x1b[K\xe2\x80\x99 does not name a type\n'}
[4.267661] (unitree_guide2) StderrLine: {'line': b'   57 |     void gaitCallback(const GaitCmd::\x1b[01;31m\x1b[KSharedPtr\x1b[m\x1b[K msg);\n'}
[4.267763] (unitree_guide2) StderrLine: {'line': b'      |                                      \x1b[01;31m\x1b[K^~~~~~~~~\x1b[m\x1b[K\n'}
[4.303440] (unitree_guide2) StderrLine: {'line': b'\x1b[01m\x1b[K/home/nebbackwards/WPI/Classes/RBE521/Final/ros_workspace/src/RBE521/unitree_guide2/include/control/CtrlComponents.h:\x1b[m\x1b[K In destructor \xe2\x80\x98\x1b[01m\x1b[KCtrlComponents::\x1b[01;32m\x1b[K~CtrlComponents\x1b[m\x1b[K()\x1b[m\x1b[K\xe2\x80\x99:\n'}
[4.303794] (unitree_guide2) StderrLine: {'line': b'\x1b[01m\x1b[K/home/nebbackwards/WPI/Classes/RBE521/Final/ros_workspace/src/RBE521/unitree_guide2/include/control/CtrlComponents.h:35:9:\x1b[m\x1b[K \x1b[01;35m\x1b[Kwarning: \x1b[m\x1b[Kdeleting object of abstract class type \xe2\x80\x98\x1b[01m\x1b[KIOInterface\x1b[m\x1b[K\xe2\x80\x99 which has non-virtual destructor will cause undefined behavior [\x1b[01;35m\x1b[K\x1b]8;;https://gcc.gnu.org/onlinedocs/gcc/Warning-Options.html#index-Wdelete-non-virtual-dtor\x07-Wdelete-non-virtual-dtor\x1b]8;;\x07\x1b[m\x1b[K]\n'}
[4.304011] (unitree_guide2) StderrLine: {'line': b'   35 |         \x1b[01;35m\x1b[Kdelete ioInter\x1b[m\x1b[K;\n'}
[4.304238] (unitree_guide2) StderrLine: {'line': b'      |         \x1b[01;35m\x1b[K^~~~~~~~~~~~~~\x1b[m\x1b[K\n'}
[4.310015] (unitree_guide2) StderrLine: {'line': b'In file included from \x1b[01m\x1b[K/home/nebbackwards/WPI/Classes/RBE521/Final/ros_workspace/src/RBE521/unitree_guide2/include/FSM/FSM.h:19\x1b[m\x1b[K:\n'}
[4.310355] (unitree_guide2) StderrLine: {'line': b'\x1b[01m\x1b[K/home/nebbackwards/WPI/Classes/RBE521/Final/ros_workspace/src/RBE521/unitree_guide2/include/FSM/State_move_gait.h:\x1b[m\x1b[K At global scope:\n'}
[4.310569] (unitree_guide2) StderrLine: {'line': b'\x1b[01m\x1b[K/home/nebbackwards/WPI/Classes/RBE521/Final/ros_workspace/src/RBE521/unitree_guide2/include/FSM/State_move_gait.h:57:38:\x1b[m\x1b[K \x1b[01;31m\x1b[Kerror: \x1b[m\x1b[K\xe2\x80\x98\x1b[01m\x1b[KSharedPtr\x1b[m\x1b[K\xe2\x80\x99 in \xe2\x80\x98\x1b[01m\x1b[Kstruct GaitCmd\x1b[m\x1b[K\xe2\x80\x99 does not name a type\n'}
[4.310793] (unitree_guide2) StderrLine: {'line': b'   57 |     void gaitCallback(const GaitCmd::\x1b[01;31m\x1b[KSharedPtr\x1b[m\x1b[K msg);\n'}
[4.310969] (unitree_guide2) StderrLine: {'line': b'      |                                      \x1b[01;31m\x1b[K^~~~~~~~~\x1b[m\x1b[K\n'}
[4.318424] (-) TimerEvent: {}
[4.418878] (-) TimerEvent: {}
[4.519278] (-) TimerEvent: {}
[4.619686] (-) TimerEvent: {}
[4.708919] (unitree_guide2) StderrLine: {'line': b'\x1b[01m\x1b[K/home/nebbackwards/WPI/Classes/RBE521/Final/ros_workspace/src/RBE521/unitree_guide2/include/FSM/FSM.h:\x1b[m\x1b[K In member function \xe2\x80\x98\x1b[01m\x1b[Kvoid FSMStateList::\x1b[01;32m\x1b[KdeletePtr\x1b[m\x1b[K()\x1b[m\x1b[K\xe2\x80\x99:\n'}
[4.709196] (unitree_guide2) StderrLine: {'line': b'\x1b[01m\x1b[K/home/nebbackwards/WPI/Classes/RBE521/Final/ros_workspace/src/RBE521/unitree_guide2/include/FSM/FSM.h:49:9:\x1b[m\x1b[K \x1b[01;35m\x1b[Kwarning: \x1b[m\x1b[Kdeleting object of abstract class type \xe2\x80\x98\x1b[01m\x1b[KFSMState\x1b[m\x1b[K\xe2\x80\x99 which has non-virtual destructor will cause undefined behavior [\x1b[01;35m\x1b[K\x1b]8;;https://gcc.gnu.org/onlinedocs/gcc/Warning-Options.html#index-Wdelete-non-virtual-dtor\x07-Wdelete-non-virtual-dtor\x1b]8;;\x07\x1b[m\x1b[K]\n'}
[4.709343] (unitree_guide2) StderrLine: {'line': b'   49 |         \x1b[01;35m\x1b[Kdelete invalid\x1b[m\x1b[K;\n'}
[4.709506] (unitree_guide2) StderrLine: {'line': b'      |         \x1b[01;35m\x1b[K^~~~~~~~~~~~~~\x1b[m\x1b[K\n'}
[4.709641] (unitree_guide2) StderrLine: {'line': b'\x1b[01m\x1b[K/home/nebbackwards/WPI/Classes/RBE521/Final/ros_workspace/src/RBE521/unitree_guide2/include/FSM/FSM.h:50:9:\x1b[m\x1b[K \x1b[01;35m\x1b[Kwarning: \x1b[m\x1b[Kdeleting object of polymorphic class type \xe2\x80\x98\x1b[01m\x1b[KState_Passive\x1b[m\x1b[K\xe2\x80\x99 which has non-virtual destructor might cause undefined behavior [\x1b[01;35m\x1b[K\x1b]8;;https://gcc.gnu.org/onlinedocs/gcc/Warning-Options.html#index-Wdelete-non-virtual-dtor\x07-Wdelete-non-virtual-dtor\x1b]8;;\x07\x1b[m\x1b[K]\n'}
[4.709789] (unitree_guide2) StderrLine: {'line': b'   50 |         \x1b[01;35m\x1b[Kdelete passive\x1b[m\x1b[K;\n'}
[4.709925] (unitree_guide2) StderrLine: {'line': b'      |         \x1b[01;35m\x1b[K^~~~~~~~~~~~~~\x1b[m\x1b[K\n'}
[4.710057] (unitree_guide2) StderrLine: {'line': b'\x1b[01m\x1b[K/home/nebbackwards/WPI/Classes/RBE521/Final/ros_workspace/src/RBE521/unitree_guide2/include/FSM/FSM.h:51:9:\x1b[m\x1b[K \x1b[01;35m\x1b[Kwarning: \x1b[m\x1b[Kdeleting object of polymorphic class type \xe2\x80\x98\x1b[01m\x1b[KState_FixedStand\x1b[m\x1b[K\xe2\x80\x99 which has non-virtual destructor might cause undefined behavior [\x1b[01;35m\x1b[K\x1b]8;;https://gcc.gnu.org/onlinedocs/gcc/Warning-Options.html#index-Wdelete-non-virtual-dtor\x07-Wdelete-non-virtual-dtor\x1b]8;;\x07\x1b[m\x1b[K]\n'}
[4.710179] (unitree_guide2) StderrLine: {'line': b'   51 |         \x1b[01;35m\x1b[Kdelete fixedStand\x1b[m\x1b[K;\n'}
[4.710291] (unitree_guide2) StderrLine: {'line': b'      |         \x1b[01;35m\x1b[K^~~~~~~~~~~~~~~~~\x1b[m\x1b[K\n'}
[4.710403] (unitree_guide2) StderrLine: {'line': b'\x1b[01m\x1b[K/home/nebbackwards/WPI/Classes/RBE521/Final/ros_workspace/src/RBE521/unitree_guide2/include/FSM/FSM.h:52:9:\x1b[m\x1b[K \x1b[01;35m\x1b[Kwarning: \x1b[m\x1b[Kdeleting object of polymorphic class type \xe2\x80\x98\x1b[01m\x1b[KState_GaitTransition\x1b[m\x1b[K\xe2\x80\x99 which has non-virtual destructor might cause undefined behavior [\x1b[01;35m\x1b[K\x1b]8;;https://gcc.gnu.org/onlinedocs/gcc/Warning-Options.html#index-Wdelete-non-virtual-dtor\x07-Wdelete-non-virtual-dtor\x1b]8;;\x07\x1b[m\x1b[K]\n'}
[4.710522] (unitree_guide2) StderrLine: {'line': b'   52 |         \x1b[01;35m\x1b[Kdelete gaitTransition\x1b[m\x1b[K;\n'}
[4.710767] (unitree_guide2) StderrLine: {'line': b'      |         \x1b[01;35m\x1b[K^~~~~~~~~~~~~~~~~~~~~\x1b[m\x1b[K\n'}
[4.710972] (unitree_guide2) StderrLine: {'line': b'\x1b[01m\x1b[K/home/nebbackwards/WPI/Classes/RBE521/Final/ros_workspace/src/RBE521/unitree_guide2/include/FSM/FSM.h:53:9:\x1b[m\x1b[K \x1b[01;35m\x1b[Kwarning: \x1b[m\x1b[Kdeleting object of polymorphic class type \xe2\x80\x98\x1b[01m\x1b[KState_FreeStand\x1b[m\x1b[K\xe2\x80\x99 which has non-virtual destructor might cause undefined behavior [\x1b[01;35m\x1b[K\x1b]8;;https://gcc.gnu.org/onlinedocs/gcc/Warning-Options.html#index-Wdelete-non-virtual-dtor\x07-Wdelete-non-virtual-dtor\x1b]8;;\x07\x1b[m\x1b[K]\n'}
[4.711187] (unitree_guide2) StderrLine: {'line': b'   53 |         \x1b[01;35m\x1b[Kdelete freeStand\x1b[m\x1b[K;\n'}
[4.711298] (unitree_guide2) StderrLine: {'line': b'      |         \x1b[01;35m\x1b[K^~~~~~~~~~~~~~~~\x1b[m\x1b[K\n'}
[4.711389] (unitree_guide2) StderrLine: {'line': b'\x1b[01m\x1b[K/home/nebbackwards/WPI/Classes/RBE521/Final/ros_workspace/src/RBE521/unitree_guide2/include/FSM/FSM.h:54:9:\x1b[m\x1b[K \x1b[01;35m\x1b[Kwarning: \x1b[m\x1b[Kdeleting object of polymorphic class type \xe2\x80\x98\x1b[01m\x1b[KState_Trotting\x1b[m\x1b[K\xe2\x80\x99 which has non-virtual destructor might cause undefined behavior [\x1b[01;35m\x1b[K\x1b]8;;https://gcc.gnu.org/onlinedocs/gcc/Warning-Options.html#index-Wdelete-non-virtual-dtor\x07-Wdelete-non-virtual-dtor\x1b]8;;\x07\x1b[m\x1b[K]\n'}
[4.711505] (unitree_guide2) StderrLine: {'line': b'   54 |         \x1b[01;35m\x1b[Kdelete trotting\x1b[m\x1b[K;\n'}
[4.711634] (unitree_guide2) StderrLine: {'line': b'      |         \x1b[01;35m\x1b[K^~~~~~~~~~~~~~~\x1b[m\x1b[K\n'}
[4.711790] (unitree_guide2) StderrLine: {'line': b'\x1b[01m\x1b[K/home/nebbackwards/WPI/Classes/RBE521/Final/ros_workspace/src/RBE521/unitree_guide2/include/FSM/FSM.h:\x1b[m\x1b[K In member function \xe2\x80\x98\x1b[01m\x1b[Kvoid FSMStateList::\x1b[01;32m\x1b[KdeletePtr\x1b[m\x1b[K()\x1b[m\x1b[K\xe2\x80\x99:\n'}
[4.711878] (unitree_guide2) StderrLine: {'line': b'\x1b[01m\x1b[K/home/nebbackwards/WPI/Classes/RBE521/Final/ros_workspace/src/RBE521/unitree_guide2/include/FSM/FSM.h:49:9:\x1b[m\x1b[K \x1b[01;35m\x1b[Kwarning: \x1b[m\x1b[Kdeleting object of abstract class type \xe2\x80\x98\x1b[01m\x1b[KFSMState\x1b[m\x1b[K\xe2\x80\x99 which has non-virtual destructor will cause undefined behavior [\x1b[01;35m\x1b[K\x1b]8;;https://gcc.gnu.org/onlinedocs/gcc/Warning-Options.html#index-Wdelete-non-virtual-dtor\x07-Wdelete-non-virtual-dtor\x1b]8;;\x07\x1b[m\x1b[K]\n'}
[4.711968] (unitree_guide2) StderrLine: {'line': b'   49 |         \x1b[01;35m\x1b[Kdelete invalid\x1b[m\x1b[K;\n'}
[4.712053] (unitree_guide2) StderrLine: {'line': b'      |         \x1b[01;35m\x1b[K^~~~~~~~~~~~~~\x1b[m\x1b[K\n'}
[4.712142] (unitree_guide2) StderrLine: {'line': b'\x1b[01m\x1b[K/home/nebbackwards/WPI/Classes/RBE521/Final/ros_workspace/src/RBE521/unitree_guide2/include/FSM/FSM.h:55:9:\x1b[m\x1b[K \x1b[01;35m\x1b[Kwarning: \x1b[m\x1b[Kdeleting object of polymorphic class type \xe2\x80\x98\x1b[01m\x1b[KState_BalanceTest\x1b[m\x1b[K\xe2\x80\x99 which has non-virtual destructor might cause undefined behavior [\x1b[01;35m\x1b[K\x1b]8;;https://gcc.gnu.org/onlinedocs/gcc/Warning-Options.html#index-Wdelete-non-virtual-dtor\x07-Wdelete-non-virtual-dtor\x1b]8;;\x07\x1b[m\x1b[K]\n'}
[4.712241] (unitree_guide2) StderrLine: {'line': b'   55 |         \x1b[01;35m\x1b[Kdelete balanceTest\x1b[m\x1b[K;\n'}
[4.712331] (unitree_guide2) StderrLine: {'line': b'      |         \x1b[01;35m\x1b[K^~~~~~~~~~~~~~~~~~\x1b[m\x1b[K\n'}
[4.712419] (unitree_guide2) StderrLine: {'line': b'\x1b[01m\x1b[K/home/nebbackwards/WPI/Classes/RBE521/Final/ros_workspace/src/RBE521/unitree_guide2/include/FSM/FSM.h:56:9:\x1b[m\x1b[K \x1b[01;35m\x1b[Kwarning: \x1b[m\x1b[Kdeleting object of polymorphic class type \xe2\x80\x98\x1b[01m\x1b[KState_SwingTest\x1b[m\x1b[K\xe2\x80\x99 which has non-virtual destructor might cause undefined behavior [\x1b[01;35m\x1b[K\x1b]8;;https://gcc.gnu.org/onlinedocs/gcc/Warning-Options.html#index-Wdelete-non-virtual-dtor\x07-Wdelete-non-virtual-dtor\x1b]8;;\x07\x1b[m\x1b[K]\n'}
[4.712525] (unitree_guide2) StderrLine: {'line': b'   56 |         \x1b[01;35m\x1b[Kdelete swingTest\x1b[m\x1b[K;\n'}
[4.712642] (unitree_guide2) StderrLine: {'line': b'      |         \x1b[01;35m\x1b[K^~~~~~~~~~~~~~~~\x1b[m\x1b[K\n'}
[4.712732] (unitree_guide2) StderrLine: {'line': b'\x1b[01m\x1b[K/home/nebbackwards/WPI/Classes/RBE521/Final/ros_workspace/src/RBE521/unitree_guide2/include/FSM/FSM.h:50:9:\x1b[m\x1b[K \x1b[01;35m\x1b[Kwarning: \x1b[m\x1b[Kdeleting object of polymorphic class type \xe2\x80\x98\x1b[01m\x1b[KState_Passive\x1b[m\x1b[K\xe2\x80\x99 which has non-virtual destructor might cause undefined behavior [\x1b[01;35m\x1b[K\x1b]8;;https://gcc.gnu.org/onlinedocs/gcc/Warning-Options.html#index-Wdelete-non-virtual-dtor\x07-Wdelete-non-virtual-dtor\x1b]8;;\x07\x1b[m\x1b[K]\n'}
[4.712831] (unitree_guide2) StderrLine: {'line': b'   50 |         \x1b[01;35m\x1b[Kdelete passive\x1b[m\x1b[K;\n'}
[4.712920] (unitree_guide2) StderrLine: {'line': b'      |         \x1b[01;35m\x1b[K^~~~~~~~~~~~~~\x1b[m\x1b[K\n'}
[4.713010] (unitree_guide2) StderrLine: {'line': b'\x1b[01m\x1b[K/home/nebbackwards/WPI/Classes/RBE521/Final/ros_workspace/src/RBE521/unitree_guide2/include/FSM/FSM.h:57:9:\x1b[m\x1b[K \x1b[01;35m\x1b[Kwarning: \x1b[m\x1b[Kdeleting object of polymorphic class type \xe2\x80\x98\x1b[01m\x1b[KState_StepTest\x1b[m\x1b[K\xe2\x80\x99 which has non-virtual destructor might cause undefined behavior [\x1b[01;35m\x1b[K\x1b]8;;https://gcc.gnu.org/onlinedocs/gcc/Warning-Options.html#index-Wdelete-non-virtual-dtor\x07-Wdelete-non-virtual-dtor\x1b]8;;\x07\x1b[m\x1b[K]\n'}
[4.713103] (unitree_guide2) StderrLine: {'line': b'   57 |         \x1b[01;35m\x1b[Kdelete stepTest\x1b[m\x1b[K;\n'}
[4.713187] (unitree_guide2) StderrLine: {'line': b'      |         \x1b[01;35m\x1b[K^~~~~~~~~~~~~~~\x1b[m\x1b[K\n'}
[4.713271] (unitree_guide2) StderrLine: {'line': b'\x1b[01m\x1b[K/home/nebbackwards/WPI/Classes/RBE521/Final/ros_workspace/src/RBE521/unitree_guide2/include/FSM/FSM.h:63:9:\x1b[m\x1b[K \x1b[01;35m\x1b[Kwarning: \x1b[m\x1b[Kdeleting object of polymorphic class type \xe2\x80\x98\x1b[01m\x1b[KState_move_base\x1b[m\x1b[K\xe2\x80\x99 which has non-virtual destructor might cause undefined behavior [\x1b[01;35m\x1b[K\x1b]8;;https://gcc.gnu.org/onlinedocs/gcc/Warning-Options.html#index-Wdelete-non-virtual-dtor\x07-Wdelete-non-virtual-dtor\x1b]8;;\x07\x1b[m\x1b[K]\n'}
[4.713361] (unitree_guide2) StderrLine: {'line': b'   63 |         \x1b[01;35m\x1b[Kdelete moveBase\x1b[m\x1b[K;\n'}
[4.713448] (unitree_guide2) StderrLine: {'line': b'      |         \x1b[01;35m\x1b[K^~~~~~~~~~~~~~~\x1b[m\x1b[K\n'}
[4.713533] (unitree_guide2) StderrLine: {'line': b'\x1b[01m\x1b[K/home/nebbackwards/WPI/Classes/RBE521/Final/ros_workspace/src/RBE521/unitree_guide2/include/FSM/FSM.h:64:9:\x1b[m\x1b[K \x1b[01;35m\x1b[Kwarning: \x1b[m\x1b[Kdeleting object of polymorphic class type \xe2\x80\x98\x1b[01m\x1b[KState_move_gait\x1b[m\x1b[K\xe2\x80\x99 which has non-virtual destructor might cause undefined behavior [\x1b[01;35m\x1b[K\x1b]8;;https://gcc.gnu.org/onlinedocs/gcc/Warning-Options.html#index-Wdelete-non-virtual-dtor\x07-Wdelete-non-virtual-dtor\x1b]8;;\x07\x1b[m\x1b[K]\n'}
[4.713650] (unitree_guide2) StderrLine: {'line': b'   64 |         \x1b[01;35m\x1b[Kdelete moveGait\x1b[m\x1b[K;\n'}
[4.713738] (unitree_guide2) StderrLine: {'line': b'      |         \x1b[01;35m\x1b[K^~~~~~~~~~~~~~~\x1b[m\x1b[K\n'}
[4.713825] (unitree_guide2) StderrLine: {'line': b'\x1b[01m\x1b[K/home/nebbackwards/WPI/Classes/RBE521/Final/ros_workspace/src/RBE521/unitree_guide2/include/FSM/FSM.h:51:9:\x1b[m\x1b[K \x1b[01;35m\x1b[Kwarning: \x1b[m\x1b[Kdeleting object of polymorphic class type \xe2\x80\x98\x1b[01m\x1b[KState_FixedStand\x1b[m\x1b[K\xe2\x80\x99 which has non-virtual destructor might cause undefined behavior [\x1b[01;35m\x1b[K\x1b]8;;https://gcc.gnu.org/onlinedocs/gcc/Warning-Options.html#index-Wdelete-non-virtual-dtor\x07-Wdelete-non-virtual-dtor\x1b]8;;\x07\x1b[m\x1b[K]\n'}
[4.713923] (unitree_guide2) StderrLine: {'line': b'   51 |         \x1b[01;35m\x1b[Kdelete fixedStand\x1b[m\x1b[K;\n'}
[4.714007] (unitree_guide2) StderrLine: {'line': b'      |         \x1b[01;35m\x1b[K^~~~~~~~~~~~~~~~~\x1b[m\x1b[K\n'}
[4.714091] (unitree_guide2) StderrLine: {'line': b'\x1b[01m\x1b[K/home/nebbackwards/WPI/Classes/RBE521/Final/ros_workspace/src/RBE521/unitree_guide2/include/FSM/FSM.h:52:9:\x1b[m\x1b[K \x1b[01;35m\x1b[Kwarning: \x1b[m\x1b[Kdeleting object of polymorphic class type \xe2\x80\x98\x1b[01m\x1b[KState_GaitTransition\x1b[m\x1b[K\xe2\x80\x99 which has non-virtual destructor might cause undefined behavior [\x1b[01;35m\x1b[K\x1b]8;;https://gcc.gnu.org/onlinedocs/gcc/Warning-Options.html#index-Wdelete-non-virtual-dtor\x07-Wdelete-non-virtual-dtor\x1b]8;;\x07\x1b[m\x1b[K]\n'}
[4.714190] (unitree_guide2) StderrLine: {'line': b'   52 |         \x1b[01;35m\x1b[Kdelete gaitTransition\x1b[m\x1b[K;\n'}
[4.714275] (unitree_guide2) StderrLine: {'line': b'      |         \x1b[01;35m\x1b[K^~~~~~~~~~~~~~~~~~~~~\x1b[m\x1b[K\n'}
[4.714359] (unitree_guide2) StderrLine: {'line': b'\x1b[01m\x1b[K/home/nebbackwards/WPI/Classes/RBE521/Final/ros_workspace/src/RBE521/unitree_guide2/include/FSM/FSM.h:53:9:\x1b[m\x1b[K \x1b[01;35m\x1b[Kwarning: \x1b[m\x1b[Kdeleting object of polymorphic class type \xe2\x80\x98\x1b[01m\x1b[KState_FreeStand\x1b[m\x1b[K\xe2\x80\x99 which has non-virtual destructor might cause undefined behavior [\x1b[01;35m\x1b[K\x1b]8;;https://gcc.gnu.org/onlinedocs/gcc/Warning-Options.html#index-Wdelete-non-virtual-dtor\x07-Wdelete-non-virtual-dtor\x1b]8;;\x07\x1b[m\x1b[K]\n'}
[4.714446] (unitree_guide2) StderrLine: {'line': b'   53 |         \x1b[01;35m\x1b[Kdelete freeStand\x1b[m\x1b[K;\n'}
[4.714544] (unitree_guide2) StderrLine: {'line': b'      |         \x1b[01;35m\x1b[K^~~~~~~~~~~~~~~~\x1b[m\x1b[K\n'}
[4.714652] (unitree_guide2) StderrLine: {'line': b'\x1b[01m\x1b[K/home/nebbackwards/WPI/Classes/RBE521/Final/ros_workspace/src/RBE521/unitree_guide2/include/FSM/FSM.h:54:9:\x1b[m\x1b[K \x1b[01;35m\x1b[Kwarning: \x1b[m\x1b[Kdeleting object of polymorphic class type \xe2\x80\x98\x1b[01m\x1b[KState_Trotting\x1b[m\x1b[K\xe2\x80\x99 which has non-virtual destructor might cause undefined behavior [\x1b[01;35m\x1b[K\x1b]8;;https://gcc.gnu.org/onlinedocs/gcc/Warning-Options.html#index-Wdelete-non-virtual-dtor\x07-Wdelete-non-virtual-dtor\x1b]8;;\x07\x1b[m\x1b[K]\n'}
[4.714749] (unitree_guide2) StderrLine: {'line': b'   54 |         \x1b[01;35m\x1b[Kdelete trotting\x1b[m\x1b[K;\n'}
[4.714832] (unitree_guide2) StderrLine: {'line': b'      |         \x1b[01;35m\x1b[K^~~~~~~~~~~~~~~\x1b[m\x1b[K\n'}
[4.714916] (unitree_guide2) StderrLine: {'line': b'\x1b[01m\x1b[K/home/nebbackwards/WPI/Classes/RBE521/Final/ros_workspace/src/RBE521/unitree_guide2/include/FSM/FSM.h:55:9:\x1b[m\x1b[K \x1b[01;35m\x1b[Kwarning: \x1b[m\x1b[Kdeleting object of polymorphic class type \xe2\x80\x98\x1b[01m\x1b[KState_BalanceTest\x1b[m\x1b[K\xe2\x80\x99 which has non-virtual destructor might cause undefined behavior [\x1b[01;35m\x1b[K\x1b]8;;https://gcc.gnu.org/onlinedocs/gcc/Warning-Options.html#index-Wdelete-non-virtual-dtor\x07-Wdelete-non-virtual-dtor\x1b]8;;\x07\x1b[m\x1b[K]\n'}
[4.715006] (unitree_guide2) StderrLine: {'line': b'   55 |         \x1b[01;35m\x1b[Kdelete balanceTest\x1b[m\x1b[K;\n'}
[4.715095] (unitree_guide2) StderrLine: {'line': b'      |         \x1b[01;35m\x1b[K^~~~~~~~~~~~~~~~~~\x1b[m\x1b[K\n'}
[4.715181] (unitree_guide2) StderrLine: {'line': b'\x1b[01m\x1b[K/home/nebbackwards/WPI/Classes/RBE521/Final/ros_workspace/src/RBE521/unitree_guide2/include/FSM/FSM.h:56:9:\x1b[m\x1b[K \x1b[01;35m\x1b[Kwarning: \x1b[m\x1b[Kdeleting object of polymorphic class type \xe2\x80\x98\x1b[01m\x1b[KState_SwingTest\x1b[m\x1b[K\xe2\x80\x99 which has non-virtual destructor might cause undefined behavior [\x1b[01;35m\x1b[K\x1b]8;;https://gcc.gnu.org/onlinedocs/gcc/Warning-Options.html#index-Wdelete-non-virtual-dtor\x07-Wdelete-non-virtual-dtor\x1b]8;;\x07\x1b[m\x1b[K]\n'}
[4.715270] (unitree_guide2) StderrLine: {'line': b'   56 |         \x1b[01;35m\x1b[Kdelete swingTest\x1b[m\x1b[K;\n'}
[4.715355] (unitree_guide2) StderrLine: {'line': b'      |         \x1b[01;35m\x1b[K^~~~~~~~~~~~~~~~\x1b[m\x1b[K\n'}
[4.715440] (unitree_guide2) StderrLine: {'line': b'\x1b[01m\x1b[K/home/nebbackwards/WPI/Classes/RBE521/Final/ros_workspace/src/RBE521/unitree_guide2/include/FSM/FSM.h:57:9:\x1b[m\x1b[K \x1b[01;35m\x1b[Kwarning: \x1b[m\x1b[Kdeleting object of polymorphic class type \xe2\x80\x98\x1b[01m\x1b[KState_StepTest\x1b[m\x1b[K\xe2\x80\x99 which has non-virtual destructor might cause undefined behavior [\x1b[01;35m\x1b[K\x1b]8;;https://gcc.gnu.org/onlinedocs/gcc/Warning-Options.html#index-Wdelete-non-virtual-dtor\x07-Wdelete-non-virtual-dtor\x1b]8;;\x07\x1b[m\x1b[K]\n'}
[4.715551] (unitree_guide2) StderrLine: {'line': b'   57 |         \x1b[01;35m\x1b[Kdelete stepTest\x1b[m\x1b[K;\n'}
[4.715657] (unitree_guide2) StderrLine: {'line': b'      |         \x1b[01;35m\x1b[K^~~~~~~~~~~~~~~\x1b[m\x1b[K\n'}
[4.715741] (unitree_guide2) StderrLine: {'line': b'\x1b[01m\x1b[K/home/nebbackwards/WPI/Classes/RBE521/Final/ros_workspace/src/RBE521/unitree_guide2/include/FSM/FSM.h:63:9:\x1b[m\x1b[K \x1b[01;35m\x1b[Kwarning: \x1b[m\x1b[Kdeleting object of polymorphic class type \xe2\x80\x98\x1b[01m\x1b[KState_move_base\x1b[m\x1b[K\xe2\x80\x99 which has non-virtual destructor might cause undefined behavior [\x1b[01;35m\x1b[K\x1b]8;;https://gcc.gnu.org/onlinedocs/gcc/Warning-Options.html#index-Wdelete-non-virtual-dtor\x07-Wdelete-non-virtual-dtor\x1b]8;;\x07\x1b[m\x1b[K]\n'}
[4.715832] (unitree_guide2) StderrLine: {'line': b'   63 |         \x1b[01;35m\x1b[Kdelete moveBase\x1b[m\x1b[K;\n'}
[4.715921] (unitree_guide2) StderrLine: {'line': b'      |         \x1b[01;35m\x1b[K^~~~~~~~~~~~~~~\x1b[m\x1b[K\n'}
[4.716004] (unitree_guide2) StderrLine: {'line': b'\x1b[01m\x1b[K/home/nebbackwards/WPI/Classes/RBE521/Final/ros_workspace/src/RBE521/unitree_guide2/include/FSM/FSM.h:64:9:\x1b[m\x1b[K \x1b[01;35m\x1b[Kwarning: \x1b[m\x1b[Kdeleting object of polymorphic class type \xe2\x80\x98\x1b[01m\x1b[KState_move_gait\x1b[m\x1b[K\xe2\x80\x99 which has non-virtual destructor might cause undefined behavior [\x1b[01;35m\x1b[K\x1b]8;;https://gcc.gnu.org/onlinedocs/gcc/Warning-Options.html#index-Wdelete-non-virtual-dtor\x07-Wdelete-non-virtual-dtor\x1b]8;;\x07\x1b[m\x1b[K]\n'}
[4.716092] (unitree_guide2) StderrLine: {'line': b'   64 |         \x1b[01;35m\x1b[Kdelete moveGait\x1b[m\x1b[K;\n'}
[4.716174] (unitree_guide2) StderrLine: {'line': b'      |         \x1b[01;35m\x1b[K^~~~~~~~~~~~~~~\x1b[m\x1b[K\n'}
[4.719844] (-) TimerEvent: {}
[4.721958] (unitree_guide2) StderrLine: {'line': b'\x1b[01m\x1b[K/home/nebbackwards/WPI/Classes/RBE521/Final/ros_workspace/src/RBE521/unitree_guide2/src/FSM/State_move_gait.cpp:93:51:\x1b[m\x1b[K \x1b[01;31m\x1b[Kerror: \x1b[m\x1b[K\xe2\x80\x98\x1b[01m\x1b[KSharedPtr\x1b[m\x1b[K\xe2\x80\x99 in \xe2\x80\x98\x1b[01m\x1b[Kstruct GaitCmd\x1b[m\x1b[K\xe2\x80\x99 does not name a type\n'}
[4.722215] (unitree_guide2) StderrLine: {'line': b'   93 | void State_move_gait::gaitCallback(const GaitCmd::\x1b[01;31m\x1b[KSharedPtr\x1b[m\x1b[K msg){\n'}
[4.722319] (unitree_guide2) StderrLine: {'line': b'      |                                                   \x1b[01;31m\x1b[K^~~~~~~~~\x1b[m\x1b[K\n'}
[4.730515] (unitree_guide2) StderrLine: {'line': b'\x1b[01m\x1b[K/home/nebbackwards/WPI/Classes/RBE521/Final/ros_workspace/src/RBE521/unitree_guide2/src/FSM/State_move_gait.cpp:\x1b[m\x1b[K In member function \xe2\x80\x98\x1b[01m\x1b[Kvoid State_move_gait::\x1b[01;32m\x1b[KgaitCallback\x1b[m\x1b[K(int)\x1b[m\x1b[K\xe2\x80\x99:\n'}
[4.730958] (unitree_guide2) StderrLine: {'line': b'\x1b[01m\x1b[K/home/nebbackwards/WPI/Classes/RBE521/Final/ros_workspace/src/RBE521/unitree_guide2/src/FSM/State_move_gait.cpp:94:5:\x1b[m\x1b[K \x1b[01;31m\x1b[Kerror: \x1b[m\x1b[K\xe2\x80\x98\x1b[01m\x1b[K_beta\x1b[m\x1b[K\xe2\x80\x99 was not declared in this scope\n'}
[4.731316] (unitree_guide2) StderrLine: {'line': b'   94 |     \x1b[01;31m\x1b[K_beta\x1b[m\x1b[K= msg.beta;\n'}
[4.731652] (unitree_guide2) StderrLine: {'line': b'      |     \x1b[01;31m\x1b[K^~~~~\x1b[m\x1b[K\n'}
[4.731806] (unitree_guide2) StderrLine: {'line': b'\x1b[01m\x1b[K/home/nebbackwards/WPI/Classes/RBE521/Final/ros_workspace/src/RBE521/unitree_guide2/src/FSM/State_move_gait.cpp:94:16:\x1b[m\x1b[K \x1b[01;31m\x1b[Kerror: \x1b[m\x1b[Krequest for member \xe2\x80\x98\x1b[01m\x1b[Kbeta\x1b[m\x1b[K\xe2\x80\x99 in \xe2\x80\x98\x1b[01m\x1b[Kmsg\x1b[m\x1b[K\xe2\x80\x99, which is of non-class type \xe2\x80\x98\x1b[01m\x1b[Kconst int\x1b[m\x1b[K\xe2\x80\x99\n'}
[4.731946] (unitree_guide2) StderrLine: {'line': b'   94 |     _beta= msg.\x1b[01;31m\x1b[Kbeta\x1b[m\x1b[K;\n'}
[4.732088] (unitree_guide2) StderrLine: {'line': b'      |                \x1b[01;31m\x1b[K^~~~\x1b[m\x1b[K\n'}
[4.740064] (unitree_guide2) StderrLine: {'line': b'\x1b[01m\x1b[K/home/nebbackwards/WPI/Classes/RBE521/Final/ros_workspace/src/RBE521/unitree_guide2/src/FSM/State_move_gait.cpp:95:5:\x1b[m\x1b[K \x1b[01;31m\x1b[Kerror: \x1b[m\x1b[K\xe2\x80\x98\x1b[01m\x1b[K_period\x1b[m\x1b[K\xe2\x80\x99 was not declared in this scope\n'}
[4.740512] (unitree_guide2) StderrLine: {'line': b'   95 |     \x1b[01;31m\x1b[K_period\x1b[m\x1b[K = msg.period;\n'}
[4.740807] (unitree_guide2) StderrLine: {'line': b'      |     \x1b[01;31m\x1b[K^~~~~~~\x1b[m\x1b[K\n'}
[4.740998] (unitree_guide2) StderrLine: {'line': b'\x1b[01m\x1b[K/home/nebbackwards/WPI/Classes/RBE521/Final/ros_workspace/src/RBE521/unitree_guide2/src/FSM/State_move_gait.cpp:95:19:\x1b[m\x1b[K \x1b[01;31m\x1b[Kerror: \x1b[m\x1b[Krequest for member \xe2\x80\x98\x1b[01m\x1b[Kperiod\x1b[m\x1b[K\xe2\x80\x99 in \xe2\x80\x98\x1b[01m\x1b[Kmsg\x1b[m\x1b[K\xe2\x80\x99, which is of non-class type \xe2\x80\x98\x1b[01m\x1b[Kconst int\x1b[m\x1b[K\xe2\x80\x99\n'}
[4.741177] (unitree_guide2) StderrLine: {'line': b'   95 |     _period = msg.\x1b[01;31m\x1b[Kperiod\x1b[m\x1b[K;\n'}
[4.741297] (unitree_guide2) StderrLine: {'line': b'      |                   \x1b[01;31m\x1b[K^~~~~~\x1b[m\x1b[K\n'}
[4.747268] (unitree_guide2) StderrLine: {'line': b'\x1b[01m\x1b[K/home/nebbackwards/WPI/Classes/RBE521/Final/ros_workspace/src/RBE521/unitree_guide2/src/FSM/State_move_gait.cpp:96:5:\x1b[m\x1b[K \x1b[01;31m\x1b[Kerror: \x1b[m\x1b[K\xe2\x80\x98\x1b[01m\x1b[K_bias\x1b[m\x1b[K\xe2\x80\x99 was not declared in this scope; did you mean \xe2\x80\x98\x1b[01m\x1b[Kbias\x1b[m\x1b[K\xe2\x80\x99?\n'}
[4.747497] (unitree_guide2) StderrLine: {'line': b'   96 |     \x1b[01;31m\x1b[K_bias\x1b[m\x1b[K = Vec4([msg.b.l1, msg.b.l2, msg.b.l3, msg.b.l4]);\n'}
[4.747618] (unitree_guide2) StderrLine: {'line': b'      |     \x1b[01;31m\x1b[K^~~~~\x1b[m\x1b[K\n'}
[4.747721] (unitree_guide2) StderrLine: {'line': b'      |     \x1b[32m\x1b[Kbias\x1b[m\x1b[K\n'}
[4.747816] (unitree_guide2) StderrLine: {'line': b'\x1b[01m\x1b[K/home/nebbackwards/WPI/Classes/RBE521/Final/ros_workspace/src/RBE521/unitree_guide2/src/FSM/State_move_gait.cpp:96:33:\x1b[m\x1b[K \x1b[01;31m\x1b[Kerror: \x1b[m\x1b[Krequest for member \xe2\x80\x98\x1b[01m\x1b[Kb\x1b[m\x1b[K\xe2\x80\x99 in \xe2\x80\x98\x1b[01m\x1b[Kmsg\x1b[m\x1b[K\xe2\x80\x99, which is of non-class type \xe2\x80\x98\x1b[01m\x1b[Kconst int\x1b[m\x1b[K\xe2\x80\x99\n'}
[4.747929] (unitree_guide2) StderrLine: {'line': b'   96 |     _bias = Vec4([msg.b.l1, msg.\x1b[01;31m\x1b[Kb\x1b[m\x1b[K.l2, msg.b.l3, msg.b.l4]);\n'}
[4.748026] (unitree_guide2) StderrLine: {'line': b'      |                                 \x1b[01;31m\x1b[K^\x1b[m\x1b[K\n'}
[4.748114] (unitree_guide2) StderrLine: {'line': b'\x1b[01m\x1b[K/home/nebbackwards/WPI/Classes/RBE521/Final/ros_workspace/src/RBE521/unitree_guide2/src/FSM/State_move_gait.cpp:96:43:\x1b[m\x1b[K \x1b[01;31m\x1b[Kerror: \x1b[m\x1b[Krequest for member \xe2\x80\x98\x1b[01m\x1b[Kb\x1b[m\x1b[K\xe2\x80\x99 in \xe2\x80\x98\x1b[01m\x1b[Kmsg\x1b[m\x1b[K\xe2\x80\x99, which is of non-class type \xe2\x80\x98\x1b[01m\x1b[Kconst int\x1b[m\x1b[K\xe2\x80\x99\n'}
[4.748209] (unitree_guide2) StderrLine: {'line': b'   96 |     _bias = Vec4([msg.b.l1, msg.b.l2, msg.\x1b[01;31m\x1b[Kb\x1b[m\x1b[K.l3, msg.b.l4]);\n'}
[4.748297] (unitree_guide2) StderrLine: {'line': b'      |                                           \x1b[01;31m\x1b[K^\x1b[m\x1b[K\n'}
[4.748384] (unitree_guide2) StderrLine: {'line': b'\x1b[01m\x1b[K/home/nebbackwards/WPI/Classes/RBE521/Final/ros_workspace/src/RBE521/unitree_guide2/src/FSM/State_move_gait.cpp:96:53:\x1b[m\x1b[K \x1b[01;31m\x1b[Kerror: \x1b[m\x1b[Krequest for member \xe2\x80\x98\x1b[01m\x1b[Kb\x1b[m\x1b[K\xe2\x80\x99 in \xe2\x80\x98\x1b[01m\x1b[Kmsg\x1b[m\x1b[K\xe2\x80\x99, which is of non-class type \xe2\x80\x98\x1b[01m\x1b[Kconst int\x1b[m\x1b[K\xe2\x80\x99\n'}
[4.748480] (unitree_guide2) StderrLine: {'line': b'   96 |     _bias = Vec4([msg.b.l1, msg.b.l2, msg.b.l3, msg.\x1b[01;31m\x1b[Kb\x1b[m\x1b[K.l4]);\n'}
[4.748567] (unitree_guide2) StderrLine: {'line': b'      |                                                     \x1b[01;31m\x1b[K^\x1b[m\x1b[K\n'}
[4.748661] (unitree_guide2) StderrLine: {'line': b'\x1b[01m\x1b[K/home/nebbackwards/WPI/Classes/RBE521/Final/ros_workspace/src/RBE521/unitree_guide2/src/FSM/State_move_gait.cpp:96:17:\x1b[m\x1b[K \x1b[01;31m\x1b[Kerror: \x1b[m\x1b[Kexpected primary-expression before \xe2\x80\x98\x1b[01m\x1b[K(\x1b[m\x1b[K\xe2\x80\x99 token\n'}
[4.748747] (unitree_guide2) StderrLine: {'line': b'   96 |     _bias = Vec4\x1b[01;31m\x1b[K(\x1b[m\x1b[K[msg.b.l1, msg.b.l2, msg.b.l3, msg.b.l4]);\n'}
[4.748829] (unitree_guide2) StderrLine: {'line': b'      |                 \x1b[01;31m\x1b[K^\x1b[m\x1b[K\n'}
[4.748912] (unitree_guide2) StderrLine: {'line': b'\x1b[01m\x1b[K/home/nebbackwards/WPI/Classes/RBE521/Final/ros_workspace/src/RBE521/unitree_guide2/src/FSM/State_move_gait.cpp:96:22:\x1b[m\x1b[K \x1b[01;31m\x1b[Kerror: \x1b[m\x1b[Kexpected \xe2\x80\x98\x1b[01m\x1b[K,\x1b[m\x1b[K\xe2\x80\x99 before \xe2\x80\x98\x1b[01m\x1b[K.\x1b[m\x1b[K\xe2\x80\x99 token\n'}
[4.748996] (unitree_guide2) StderrLine: {'line': b'   96 |     _bias = Vec4([msg\x1b[01;31m\x1b[K.\x1b[m\x1b[Kb.l1, msg.b.l2, msg.b.l3, msg.b.l4]);\n'}
[4.749088] (unitree_guide2) StderrLine: {'line': b'      |                      \x1b[01;31m\x1b[K^\x1b[m\x1b[K\n'}
[4.749187] (unitree_guide2) StderrLine: {'line': b'      |                      \x1b[32m\x1b[K,\x1b[m\x1b[K\n'}
[4.749283] (unitree_guide2) StderrLine: {'line': b'\x1b[01m\x1b[K/home/nebbackwards/WPI/Classes/RBE521/Final/ros_workspace/src/RBE521/unitree_guide2/src/FSM/State_move_gait.cpp:96:22:\x1b[m\x1b[K \x1b[01;31m\x1b[Kerror: \x1b[m\x1b[Kexpected identifier before \xe2\x80\x98\x1b[01m\x1b[K.\x1b[m\x1b[K\xe2\x80\x99 token\n'}
[4.749365] (unitree_guide2) StderrLine: {'line': b'\x1b[01m\x1b[K/home/nebbackwards/WPI/Classes/RBE521/Final/ros_workspace/src/RBE521/unitree_guide2/src/FSM/State_move_gait.cpp:96:27:\x1b[m\x1b[K \x1b[01;31m\x1b[Kerror: \x1b[m\x1b[Kexpected \xe2\x80\x98\x1b[01m\x1b[K]\x1b[m\x1b[K\xe2\x80\x99 before \xe2\x80\x98\x1b[01m\x1b[K,\x1b[m\x1b[K\xe2\x80\x99 token\n'}
[4.749470] (unitree_guide2) StderrLine: {'line': b'   96 |     _bias = Vec4([msg.b.l1\x1b[01;31m\x1b[K,\x1b[m\x1b[K msg.b.l2, msg.b.l3, msg.b.l4]);\n'}
[4.749566] (unitree_guide2) StderrLine: {'line': b'      |                           \x1b[01;31m\x1b[K^\x1b[m\x1b[K\n'}
[4.749683] (unitree_guide2) StderrLine: {'line': b'      |                           \x1b[32m\x1b[K]\x1b[m\x1b[K\n'}
[4.749806] (unitree_guide2) StderrLine: {'line': b'\x1b[01m\x1b[K/home/nebbackwards/WPI/Classes/RBE521/Final/ros_workspace/src/RBE521/unitree_guide2/src/FSM/State_move_gait.cpp:\x1b[m\x1b[K In lambda function:\n'}
[4.749897] (unitree_guide2) StderrLine: {'line': b'\x1b[01m\x1b[K/home/nebbackwards/WPI/Classes/RBE521/Final/ros_workspace/src/RBE521/unitree_guide2/src/FSM/State_move_gait.cpp:96:27:\x1b[m\x1b[K \x1b[01;31m\x1b[Kerror: \x1b[m\x1b[Kexpected \xe2\x80\x98\x1b[01m\x1b[K{\x1b[m\x1b[K\xe2\x80\x99 before \xe2\x80\x98\x1b[01m\x1b[K,\x1b[m\x1b[K\xe2\x80\x99 token\n'}
[4.749999] (unitree_guide2) StderrLine: {'line': b'\x1b[01m\x1b[K/home/nebbackwards/WPI/Classes/RBE521/Final/ros_workspace/src/RBE521/unitree_guide2/src/FSM/State_move_gait.cpp:\x1b[m\x1b[K In member function \xe2\x80\x98\x1b[01m\x1b[Kvoid State_move_gait::\x1b[01;32m\x1b[KgaitCallback\x1b[m\x1b[K(int)\x1b[m\x1b[K\xe2\x80\x99:\n'}
[4.750109] (unitree_guide2) StderrLine: {'line': b'\x1b[01m\x1b[K/home/nebbackwards/WPI/Classes/RBE521/Final/ros_workspace/src/RBE521/unitree_guide2/src/FSM/State_move_gait.cpp:96:33:\x1b[m\x1b[K \x1b[01;31m\x1b[Kerror: \x1b[m\x1b[Krequest for member \xe2\x80\x98\x1b[01m\x1b[Kb\x1b[m\x1b[K\xe2\x80\x99 in \xe2\x80\x98\x1b[01m\x1b[Kmsg\x1b[m\x1b[K\xe2\x80\x99, which is of non-class type \xe2\x80\x98\x1b[01m\x1b[Kconst int\x1b[m\x1b[K\xe2\x80\x99\n'}
[4.750197] (unitree_guide2) StderrLine: {'line': b'   96 |     _bias = Vec4([msg.b.l1, msg.\x1b[01;31m\x1b[Kb\x1b[m\x1b[K.l2, msg.b.l3, msg.b.l4]);\n'}
[4.750291] (unitree_guide2) StderrLine: {'line': b'      |                                 \x1b[01;31m\x1b[K^\x1b[m\x1b[K\n'}
[4.750384] (unitree_guide2) StderrLine: {'line': b'\x1b[01m\x1b[K/home/nebbackwards/WPI/Classes/RBE521/Final/ros_workspace/src/RBE521/unitree_guide2/src/FSM/State_move_gait.cpp:96:43:\x1b[m\x1b[K \x1b[01;31m\x1b[Kerror: \x1b[m\x1b[Krequest for member \xe2\x80\x98\x1b[01m\x1b[Kb\x1b[m\x1b[K\xe2\x80\x99 in \xe2\x80\x98\x1b[01m\x1b[Kmsg\x1b[m\x1b[K\xe2\x80\x99, which is of non-class type \xe2\x80\x98\x1b[01m\x1b[Kconst int\x1b[m\x1b[K\xe2\x80\x99\n'}
[4.750494] (unitree_guide2) StderrLine: {'line': b'   96 |     _bias = Vec4([msg.b.l1, msg.b.l2, msg.\x1b[01;31m\x1b[Kb\x1b[m\x1b[K.l3, msg.b.l4]);\n'}
[4.750672] (unitree_guide2) StderrLine: {'line': b'      |                                           \x1b[01;31m\x1b[K^\x1b[m\x1b[K\n'}
[4.750817] (unitree_guide2) StderrLine: {'line': b'\x1b[01m\x1b[K/home/nebbackwards/WPI/Classes/RBE521/Final/ros_workspace/src/RBE521/unitree_guide2/src/FSM/State_move_gait.cpp:96:53:\x1b[m\x1b[K \x1b[01;31m\x1b[Kerror: \x1b[m\x1b[Krequest for member \xe2\x80\x98\x1b[01m\x1b[Kb\x1b[m\x1b[K\xe2\x80\x99 in \xe2\x80\x98\x1b[01m\x1b[Kmsg\x1b[m\x1b[K\xe2\x80\x99, which is of non-class type \xe2\x80\x98\x1b[01m\x1b[Kconst int\x1b[m\x1b[K\xe2\x80\x99\n'}
[4.750952] (unitree_guide2) StderrLine: {'line': b'   96 |     _bias = Vec4([msg.b.l1, msg.b.l2, msg.b.l3, msg.\x1b[01;31m\x1b[Kb\x1b[m\x1b[K.l4]);\n'}
[4.751086] (unitree_guide2) StderrLine: {'line': b'      |                                                     \x1b[01;31m\x1b[K^\x1b[m\x1b[K\n'}
[4.759752] (unitree_guide2) StderrLine: {'line': b'\x1b[01m\x1b[K/home/nebbackwards/WPI/Classes/RBE521/Final/ros_workspace/src/RBE521/unitree_guide2/include/FSM/FSM.h:\x1b[m\x1b[K In member function \xe2\x80\x98\x1b[01m\x1b[Kvoid FSMStateList::\x1b[01;32m\x1b[KdeletePtr\x1b[m\x1b[K()\x1b[m\x1b[K\xe2\x80\x99:\n'}
[4.760310] (unitree_guide2) StderrLine: {'line': b'\x1b[01m\x1b[K/home/nebbackwards/WPI/Classes/RBE521/Final/ros_workspace/src/RBE521/unitree_guide2/include/FSM/FSM.h:49:9:\x1b[m\x1b[K \x1b[01;35m\x1b[Kwarning: \x1b[m\x1b[Kdeleting object of abstract class type \xe2\x80\x98\x1b[01m\x1b[KFSMState\x1b[m\x1b[K\xe2\x80\x99 which has non-virtual destructor will cause undefined behavior [\x1b[01;35m\x1b[K\x1b]8;;https://gcc.gnu.org/onlinedocs/gcc/Warning-Options.html#index-Wdelete-non-virtual-dtor\x07-Wdelete-non-virtual-dtor\x1b]8;;\x07\x1b[m\x1b[K]\n'}
[4.760529] (unitree_guide2) StderrLine: {'line': b'   49 |         \x1b[01;35m\x1b[Kdelete invalid\x1b[m\x1b[K;\n'}
[4.760766] (unitree_guide2) StderrLine: {'line': b'      |         \x1b[01;35m\x1b[K^~~~~~~~~~~~~~\x1b[m\x1b[K\n'}
[4.760959] (unitree_guide2) StderrLine: {'line': b'\x1b[01m\x1b[K/home/nebbackwards/WPI/Classes/RBE521/Final/ros_workspace/src/RBE521/unitree_guide2/include/FSM/FSM.h:50:9:\x1b[m\x1b[K \x1b[01;35m\x1b[Kwarning: \x1b[m\x1b[Kdeleting object of polymorphic class type \xe2\x80\x98\x1b[01m\x1b[KState_Passive\x1b[m\x1b[K\xe2\x80\x99 which has non-virtual destructor might cause undefined behavior [\x1b[01;35m\x1b[K\x1b]8;;https://gcc.gnu.org/onlinedocs/gcc/Warning-Options.html#index-Wdelete-non-virtual-dtor\x07-Wdelete-non-virtual-dtor\x1b]8;;\x07\x1b[m\x1b[K]\n'}
[4.761160] (unitree_guide2) StderrLine: {'line': b'   50 |         \x1b[01;35m\x1b[Kdelete passive\x1b[m\x1b[K;\n'}
[4.761350] (unitree_guide2) StderrLine: {'line': b'      |         \x1b[01;35m\x1b[K^~~~~~~~~~~~~~\x1b[m\x1b[K\n'}
[4.761541] (unitree_guide2) StderrLine: {'line': b'\x1b[01m\x1b[K/home/nebbackwards/WPI/Classes/RBE521/Final/ros_workspace/src/RBE521/unitree_guide2/include/FSM/FSM.h:51:9:\x1b[m\x1b[K \x1b[01;35m\x1b[Kwarning: \x1b[m\x1b[Kdeleting object of polymorphic class type \xe2\x80\x98\x1b[01m\x1b[KState_FixedStand\x1b[m\x1b[K\xe2\x80\x99 which has non-virtual destructor might cause undefined behavior [\x1b[01;35m\x1b[K\x1b]8;;https://gcc.gnu.org/onlinedocs/gcc/Warning-Options.html#index-Wdelete-non-virtual-dtor\x07-Wdelete-non-virtual-dtor\x1b]8;;\x07\x1b[m\x1b[K]\n'}
[4.761821] (unitree_guide2) StderrLine: {'line': b'   51 |         \x1b[01;35m\x1b[Kdelete fixedStand\x1b[m\x1b[K;\n'}
[4.761909] (unitree_guide2) StderrLine: {'line': b'      |         \x1b[01;35m\x1b[K^~~~~~~~~~~~~~~~~\x1b[m\x1b[K\n'}
[4.761990] (unitree_guide2) StderrLine: {'line': b'\x1b[01m\x1b[K/home/nebbackwards/WPI/Classes/RBE521/Final/ros_workspace/src/RBE521/unitree_guide2/include/FSM/FSM.h:52:9:\x1b[m\x1b[K \x1b[01;35m\x1b[Kwarning: \x1b[m\x1b[Kdeleting object of polymorphic class type \xe2\x80\x98\x1b[01m\x1b[KState_GaitTransition\x1b[m\x1b[K\xe2\x80\x99 which has non-virtual destructor might cause undefined behavior [\x1b[01;35m\x1b[K\x1b]8;;https://gcc.gnu.org/onlinedocs/gcc/Warning-Options.html#index-Wdelete-non-virtual-dtor\x07-Wdelete-non-virtual-dtor\x1b]8;;\x07\x1b[m\x1b[K]\n'}
[4.762083] (unitree_guide2) StderrLine: {'line': b'   52 |         \x1b[01;35m\x1b[Kdelete gaitTransition\x1b[m\x1b[K;\n'}
[4.762168] (unitree_guide2) StderrLine: {'line': b'      |         \x1b[01;35m\x1b[K^~~~~~~~~~~~~~~~~~~~~\x1b[m\x1b[K\n'}
[4.762251] (unitree_guide2) StderrLine: {'line': b'\x1b[01m\x1b[K/home/nebbackwards/WPI/Classes/RBE521/Final/ros_workspace/src/RBE521/unitree_guide2/include/FSM/FSM.h:53:9:\x1b[m\x1b[K \x1b[01;35m\x1b[Kwarning: \x1b[m\x1b[Kdeleting object of polymorphic class type \xe2\x80\x98\x1b[01m\x1b[KState_FreeStand\x1b[m\x1b[K\xe2\x80\x99 which has non-virtual destructor might cause undefined behavior [\x1b[01;35m\x1b[K\x1b]8;;https://gcc.gnu.org/onlinedocs/gcc/Warning-Options.html#index-Wdelete-non-virtual-dtor\x07-Wdelete-non-virtual-dtor\x1b]8;;\x07\x1b[m\x1b[K]\n'}
[4.762342] (unitree_guide2) StderrLine: {'line': b'   53 |         \x1b[01;35m\x1b[Kdelete freeStand\x1b[m\x1b[K;\n'}
[4.762422] (unitree_guide2) StderrLine: {'line': b'      |         \x1b[01;35m\x1b[K^~~~~~~~~~~~~~~~\x1b[m\x1b[K\n'}
[4.762500] (unitree_guide2) StderrLine: {'line': b'\x1b[01m\x1b[K/home/nebbackwards/WPI/Classes/RBE521/Final/ros_workspace/src/RBE521/unitree_guide2/include/FSM/FSM.h:54:9:\x1b[m\x1b[K \x1b[01;35m\x1b[Kwarning: \x1b[m\x1b[Kdeleting object of polymorphic class type \xe2\x80\x98\x1b[01m\x1b[KState_Trotting\x1b[m\x1b[K\xe2\x80\x99 which has non-virtual destructor might cause undefined behavior [\x1b[01;35m\x1b[K\x1b]8;;https://gcc.gnu.org/onlinedocs/gcc/Warning-Options.html#index-Wdelete-non-virtual-dtor\x07-Wdelete-non-virtual-dtor\x1b]8;;\x07\x1b[m\x1b[K]\n'}
[4.762601] (unitree_guide2) StderrLine: {'line': b'   54 |         \x1b[01;35m\x1b[Kdelete trotting\x1b[m\x1b[K;\n'}
[4.762689] (unitree_guide2) StderrLine: {'line': b'      |         \x1b[01;35m\x1b[K^~~~~~~~~~~~~~~\x1b[m\x1b[K\n'}
[4.762771] (unitree_guide2) StderrLine: {'line': b'\x1b[01m\x1b[K/home/nebbackwards/WPI/Classes/RBE521/Final/ros_workspace/src/RBE521/unitree_guide2/include/FSM/FSM.h:55:9:\x1b[m\x1b[K \x1b[01;35m\x1b[Kwarning: \x1b[m\x1b[Kdeleting object of polymorphic class type \xe2\x80\x98\x1b[01m\x1b[KState_BalanceTest\x1b[m\x1b[K\xe2\x80\x99 which has non-virtual destructor might cause undefined behavior [\x1b[01;35m\x1b[K\x1b]8;;https://gcc.gnu.org/onlinedocs/gcc/Warning-Options.html#index-Wdelete-non-virtual-dtor\x07-Wdelete-non-virtual-dtor\x1b]8;;\x07\x1b[m\x1b[K]\n'}
[4.762851] (unitree_guide2) StderrLine: {'line': b'   55 |         \x1b[01;35m\x1b[Kdelete balanceTest\x1b[m\x1b[K;\n'}
[4.762937] (unitree_guide2) StderrLine: {'line': b'      |         \x1b[01;35m\x1b[K^~~~~~~~~~~~~~~~~~\x1b[m\x1b[K\n'}
[4.763028] (unitree_guide2) StderrLine: {'line': b'\x1b[01m\x1b[K/home/nebbackwards/WPI/Classes/RBE521/Final/ros_workspace/src/RBE521/unitree_guide2/include/FSM/FSM.h:56:9:\x1b[m\x1b[K \x1b[01;35m\x1b[Kwarning: \x1b[m\x1b[Kdeleting object of polymorphic class type \xe2\x80\x98\x1b[01m\x1b[KState_SwingTest\x1b[m\x1b[K\xe2\x80\x99 which has non-virtual destructor might cause undefined behavior [\x1b[01;35m\x1b[K\x1b]8;;https://gcc.gnu.org/onlinedocs/gcc/Warning-Options.html#index-Wdelete-non-virtual-dtor\x07-Wdelete-non-virtual-dtor\x1b]8;;\x07\x1b[m\x1b[K]\n'}
[4.763133] (unitree_guide2) StderrLine: {'line': b'   56 |         \x1b[01;35m\x1b[Kdelete swingTest\x1b[m\x1b[K;\n'}
[4.763226] (unitree_guide2) StderrLine: {'line': b'      |         \x1b[01;35m\x1b[K^~~~~~~~~~~~~~~~\x1b[m\x1b[K\n'}
[4.763315] (unitree_guide2) StderrLine: {'line': b'\x1b[01m\x1b[K/home/nebbackwards/WPI/Classes/RBE521/Final/ros_workspace/src/RBE521/unitree_guide2/include/FSM/FSM.h:57:9:\x1b[m\x1b[K \x1b[01;35m\x1b[Kwarning: \x1b[m\x1b[Kdeleting object of polymorphic class type \xe2\x80\x98\x1b[01m\x1b[KState_StepTest\x1b[m\x1b[K\xe2\x80\x99 which has non-virtual destructor might cause undefined behavior [\x1b[01;35m\x1b[K\x1b]8;;https://gcc.gnu.org/onlinedocs/gcc/Warning-Options.html#index-Wdelete-non-virtual-dtor\x07-Wdelete-non-virtual-dtor\x1b]8;;\x07\x1b[m\x1b[K]\n'}
[4.763408] (unitree_guide2) StderrLine: {'line': b'   57 |         \x1b[01;35m\x1b[Kdelete stepTest\x1b[m\x1b[K;\n'}
[4.763499] (unitree_guide2) StderrLine: {'line': b'      |         \x1b[01;35m\x1b[K^~~~~~~~~~~~~~~\x1b[m\x1b[K\n'}
[4.763602] (unitree_guide2) StderrLine: {'line': b'\x1b[01m\x1b[K/home/nebbackwards/WPI/Classes/RBE521/Final/ros_workspace/src/RBE521/unitree_guide2/include/FSM/FSM.h:63:9:\x1b[m\x1b[K \x1b[01;35m\x1b[Kwarning: \x1b[m\x1b[Kdeleting object of polymorphic class type \xe2\x80\x98\x1b[01m\x1b[KState_move_base\x1b[m\x1b[K\xe2\x80\x99 which has non-virtual destructor might cause undefined behavior [\x1b[01;35m\x1b[K\x1b]8;;https://gcc.gnu.org/onlinedocs/gcc/Warning-Options.html#index-Wdelete-non-virtual-dtor\x07-Wdelete-non-virtual-dtor\x1b]8;;\x07\x1b[m\x1b[K]\n'}
[4.763702] (unitree_guide2) StderrLine: {'line': b'   63 |         \x1b[01;35m\x1b[Kdelete moveBase\x1b[m\x1b[K;\n'}
[4.763788] (unitree_guide2) StderrLine: {'line': b'      |         \x1b[01;35m\x1b[K^~~~~~~~~~~~~~~\x1b[m\x1b[K\n'}
[4.763878] (unitree_guide2) StderrLine: {'line': b'\x1b[01m\x1b[K/home/nebbackwards/WPI/Classes/RBE521/Final/ros_workspace/src/RBE521/unitree_guide2/include/FSM/FSM.h:64:9:\x1b[m\x1b[K \x1b[01;35m\x1b[Kwarning: \x1b[m\x1b[Kdeleting object of polymorphic class type \xe2\x80\x98\x1b[01m\x1b[KState_move_gait\x1b[m\x1b[K\xe2\x80\x99 which has non-virtual destructor might cause undefined behavior [\x1b[01;35m\x1b[K\x1b]8;;https://gcc.gnu.org/onlinedocs/gcc/Warning-Options.html#index-Wdelete-non-virtual-dtor\x07-Wdelete-non-virtual-dtor\x1b]8;;\x07\x1b[m\x1b[K]\n'}
[4.763968] (unitree_guide2) StderrLine: {'line': b'   64 |         \x1b[01;35m\x1b[Kdelete moveGait\x1b[m\x1b[K;\n'}
[4.764055] (unitree_guide2) StderrLine: {'line': b'      |         \x1b[01;35m\x1b[K^~~~~~~~~~~~~~~\x1b[m\x1b[K\n'}
[4.819991] (-) TimerEvent: {}
[4.920345] (-) TimerEvent: {}
[4.936543] (unitree_guide2) StderrLine: {'line': b'\x1b[01m\x1b[K/home/nebbackwards/WPI/Classes/RBE521/Final/ros_workspace/src/RBE521/unitree_guide2/src/main.cpp:\x1b[m\x1b[K In function \xe2\x80\x98\x1b[01m\x1b[Kvoid\x1b[01;32m\x1b[K ShutDown\x1b[m\x1b[K(int)\x1b[m\x1b[K\xe2\x80\x99:\n'}
[4.936921] (unitree_guide2) StderrLine: {'line': b'\x1b[01m\x1b[K/home/nebbackwards/WPI/Classes/RBE521/Final/ros_workspace/src/RBE521/unitree_guide2/src/main.cpp:31:19:\x1b[m\x1b[K \x1b[01;35m\x1b[Kwarning: \x1b[m\x1b[Kunused parameter \xe2\x80\x98\x1b[01m\x1b[Ksig\x1b[m\x1b[K\xe2\x80\x99 [\x1b[01;35m\x1b[K\x1b]8;;https://gcc.gnu.org/onlinedocs/gcc/Warning-Options.html#index-Wunused-parameter\x07-Wunused-parameter\x1b]8;;\x07\x1b[m\x1b[K]\n'}
[4.937135] (unitree_guide2) StderrLine: {'line': b'   31 | void ShutDown(\x1b[01;35m\x1b[Kint sig\x1b[m\x1b[K)\n'}
[4.937362] (unitree_guide2) StderrLine: {'line': b'      |               \x1b[01;35m\x1b[K~~~~^~~\x1b[m\x1b[K\n'}
[5.020517] (-) TimerEvent: {}
[5.120966] (-) TimerEvent: {}
[5.221392] (-) TimerEvent: {}
[5.321822] (-) TimerEvent: {}
[5.422259] (-) TimerEvent: {}
[5.522680] (-) TimerEvent: {}
[5.573633] (unitree_guide2) StderrLine: {'line': b'In file included from \x1b[01m\x1b[K/opt/ros/jazzy/include/rclcpp/rclcpp/subscription_base.hpp:32\x1b[m\x1b[K,\n'}
[5.574000] (unitree_guide2) StderrLine: {'line': b'                 from \x1b[01m\x1b[K/opt/ros/jazzy/include/rclcpp/rclcpp/callback_group.hpp:29\x1b[m\x1b[K,\n'}
[5.574141] (unitree_guide2) StderrLine: {'line': b'                 from \x1b[01m\x1b[K/opt/ros/jazzy/include/rclcpp/rclcpp/any_executable.hpp:20\x1b[m\x1b[K,\n'}
[5.574267] (unitree_guide2) StderrLine: {'line': b'                 from \x1b[01m\x1b[K/opt/ros/jazzy/include/rclcpp/rclcpp/memory_strategy.hpp:25\x1b[m\x1b[K,\n'}
[5.574373] (unitree_guide2) StderrLine: {'line': b'                 from \x1b[01m\x1b[K/opt/ros/jazzy/include/rclcpp/rclcpp/memory_strategies.hpp:18\x1b[m\x1b[K,\n'}
[5.574627] (unitree_guide2) StderrLine: {'line': b'                 from \x1b[01m\x1b[K/opt/ros/jazzy/include/rclcpp/rclcpp/executor_options.hpp:22\x1b[m\x1b[K,\n'}
[5.574814] (unitree_guide2) StderrLine: {'line': b'                 from \x1b[01m\x1b[K/opt/ros/jazzy/include/rclcpp/rclcpp/executor.hpp:38\x1b[m\x1b[K,\n'}
[5.574928] (unitree_guide2) StderrLine: {'line': b'                 from \x1b[01m\x1b[K/opt/ros/jazzy/include/rclcpp/rclcpp/executors/multi_threaded_executor.hpp:25\x1b[m\x1b[K,\n'}
[5.575064] (unitree_guide2) StderrLine: {'line': b'                 from \x1b[01m\x1b[K/opt/ros/jazzy/include/rclcpp/rclcpp/executors.hpp:21\x1b[m\x1b[K,\n'}
[5.575197] (unitree_guide2) StderrLine: {'line': b'                 from \x1b[01m\x1b[K/opt/ros/jazzy/include/rclcpp/rclcpp/rclcpp.hpp:172\x1b[m\x1b[K,\n'}
[5.575297] (unitree_guide2) StderrLine: {'line': b'                 from \x1b[01m\x1b[K/home/nebbackwards/WPI/Classes/RBE521/Final/ros_workspace/src/RBE521/unitree_guide2/include/control/Estimator.h:29\x1b[m\x1b[K,\n'}
[5.575395] (unitree_guide2) StderrLine: {'line': b'                 from \x1b[01m\x1b[K/home/nebbackwards/WPI/Classes/RBE521/Final/ros_workspace/src/RBE521/unitree_guide2/include/control/CtrlComponents.h:13\x1b[m\x1b[K:\n'}
[5.575493] (unitree_guide2) StderrLine: {'line': b'/opt/ros/jazzy/include/rclcpp/rclcpp/any_subscription_callback.hpp: In instantiation of \xe2\x80\x98\x1b[01m\x1b[Krclcpp::AnySubscriptionCallback<MessageT, AllocatorT> rclcpp::AnySubscriptionCallback<MessageT, AllocatorT>::\x1b[01;32m\x1b[Kset\x1b[m\x1b[K(CallbackT) \x1b[35m\x1b[K[with CallbackT = std::_Bind<void (State_move_gait::*(State_move_gait*, std::_Placeholder<1>))(int)>; MessageT = GaitCmd; AllocatorT = std::allocator<void>]\x1b[m\x1b[K\x1b[m\x1b[K\xe2\x80\x99:\n'}
[5.575963] (unitree_guide2) StderrLine: {'line': b'\x1b[01m\x1b[K/opt/ros/jazzy/include/rclcpp/rclcpp/subscription_factory.hpp:93:32:\x1b[m\x1b[K   required from \xe2\x80\x98\x1b[01m\x1b[Krclcpp::SubscriptionFactory rclcpp::\x1b[01;32m\x1b[Kcreate_subscription_factory\x1b[m\x1b[K(CallbackT&&, const SubscriptionOptionsWithAllocator<AllocatorT>&, typename MessageMemoryStrategyT::SharedPtr, std::shared_ptr<topic_statistics::SubscriptionTopicStatistics>) \x1b[35m\x1b[K[with MessageT = GaitCmd; CallbackT = std::_Bind<void (State_move_gait::*(State_move_gait*, std::_Placeholder<1>))(int)>; AllocatorT = std::allocator<void>; SubscriptionT = Subscription<GaitCmd>; MessageMemoryStrategyT = message_memory_strategy::MessageMemoryStrategy<GaitCmd, std::allocator<void> >; typename MessageMemoryStrategyT::SharedPtr = std::shared_ptr<message_memory_strategy::MessageMemoryStrategy<GaitCmd, std::allocator<void> > >]\x1b[m\x1b[K\x1b[m\x1b[K\xe2\x80\x99\n'}
[5.576195] (unitree_guide2) StderrLine: {'line': b'\x1b[01m\x1b[K/opt/ros/jazzy/include/rclcpp/rclcpp/create_subscription.hpp:121:63:\x1b[m\x1b[K   required from \xe2\x80\x98\x1b[01m\x1b[Kstd::shared_ptr<ROSMessageT> rclcpp::detail::\x1b[01;32m\x1b[Kcreate_subscription\x1b[m\x1b[K(NodeParametersT&, NodeTopicsT&, const std::string&, const rclcpp::QoS&, CallbackT&&, const rclcpp::SubscriptionOptionsWithAllocator<AllocatorT>&, typename MessageMemoryStrategyT::SharedPtr) \x1b[35m\x1b[K[with MessageT = GaitCmd; CallbackT = std::_Bind<void (State_move_gait::*(State_move_gait*, std::_Placeholder<1>))(int)>; AllocatorT = std::allocator<void>; SubscriptionT = rclcpp::Subscription<GaitCmd>; MessageMemoryStrategyT = rclcpp::message_memory_strategy::MessageMemoryStrategy<GaitCmd, std::allocator<void> >; NodeParametersT = rclcpp::Node; NodeTopicsT = rclcpp::Node; std::string = std::__cxx11::basic_string<char>; typename MessageMemoryStrategyT::SharedPtr = std::shared_ptr<rclcpp::message_memory_strategy::MessageMemoryStrategy<GaitCmd, std::allocator<void> > >]\x1b[m\x1b[K\x1b[m\x1b[K\xe2\x80\x99\n'}
[5.576316] (unitree_guide2) StderrLine: {'line': b'\x1b[01m\x1b[K/opt/ros/jazzy/include/rclcpp/rclcpp/create_subscription.hpp:190:76:\x1b[m\x1b[K   required from \xe2\x80\x98\x1b[01m\x1b[Kstd::shared_ptr<ROSMessageT> rclcpp::\x1b[01;32m\x1b[Kcreate_subscription\x1b[m\x1b[K(NodeT&, const std::string&, const QoS&, CallbackT&&, const SubscriptionOptionsWithAllocator<AllocatorT>&, typename MessageMemoryStrategyT::SharedPtr) \x1b[35m\x1b[K[with MessageT = GaitCmd; CallbackT = std::_Bind<void (State_move_gait::*(State_move_gait*, std::_Placeholder<1>))(int)>; AllocatorT = std::allocator<void>; SubscriptionT = Subscription<GaitCmd>; MessageMemoryStrategyT = message_memory_strategy::MessageMemoryStrategy<GaitCmd, std::allocator<void> >; NodeT = Node; std::string = std::__cxx11::basic_string<char>; typename MessageMemoryStrategyT::SharedPtr = std::shared_ptr<message_memory_strategy::MessageMemoryStrategy<GaitCmd, std::allocator<void> > >]\x1b[m\x1b[K\x1b[m\x1b[K\xe2\x80\x99\n'}
[5.576424] (unitree_guide2) StderrLine: {'line': b'\x1b[01m\x1b[K/opt/ros/jazzy/include/rclcpp/rclcpp/node_impl.hpp:99:47:\x1b[m\x1b[K   required from \xe2\x80\x98\x1b[01m\x1b[Kstd::shared_ptr<ROSMessageT> rclcpp::Node::\x1b[01;32m\x1b[Kcreate_subscription\x1b[m\x1b[K(const std::string&, const rclcpp::QoS&, CallbackT&&, const rclcpp::SubscriptionOptionsWithAllocator<AllocatorT>&, typename MessageMemoryStrategyT::SharedPtr) \x1b[35m\x1b[K[with MessageT = GaitCmd; CallbackT = std::_Bind<void (State_move_gait::*(State_move_gait*, std::_Placeholder<1>))(int)>; AllocatorT = std::allocator<void>; SubscriptionT = rclcpp::Subscription<GaitCmd>; MessageMemoryStrategyT = rclcpp::message_memory_strategy::MessageMemoryStrategy<GaitCmd, std::allocator<void> >; std::string = std::__cxx11::basic_string<char>; typename MessageMemoryStrategyT::SharedPtr = std::shared_ptr<rclcpp::message_memory_strategy::MessageMemoryStrategy<GaitCmd, std::allocator<void> > >]\x1b[m\x1b[K\x1b[m\x1b[K\xe2\x80\x99\n'}
[5.576522] (unitree_guide2) StderrLine: {'line': b'\x1b[01m\x1b[K/home/nebbackwards/WPI/Classes/RBE521/Final/ros_workspace/src/RBE521/unitree_guide2/src/FSM/State_move_gait.cpp:101:49:\x1b[m\x1b[K   required from here\n'}
[5.576625] (unitree_guide2) StderrLine: {'line': b'\x1b[01m\x1b[K/opt/ros/jazzy/include/rclcpp/rclcpp/any_subscription_callback.hpp:396:23:\x1b[m\x1b[K \x1b[01;31m\x1b[Kerror: \x1b[m\x1b[Kno match for \xe2\x80\x98\x1b[01m\x1b[Koperator=\x1b[m\x1b[K\xe2\x80\x99 (operand types are \xe2\x80\x98\x1b[01m\x1b[Krclcpp::detail::AnySubscriptionCallbackHelper<GaitCmd, std::allocator<void>, false, false>::variant_type\x1b[m\x1b[K\xe2\x80\x99 {aka \xe2\x80\x98\x1b[01m\x1b[Kstd::variant<std::function<void(const GaitCmd&)>, std::function<void(const GaitCmd&, const rclcpp::MessageInfo&)>, std::function<void(const rclcpp::SerializedMessage&)>, std::function<void(const rclcpp::SerializedMessage&, const rclcpp::MessageInfo&)>, std::function<void(std::unique_ptr<GaitCmd, std::default_delete<GaitCmd> >)>, std::function<void(std::unique_ptr<GaitCmd, std::default_delete<GaitCmd> >, const rclcpp::MessageInfo&)>, std::function<void(std::unique_ptr<rclcpp::SerializedMessage, std::default_delete<rclcpp::SerializedMessage> >)>, std::function<void(std::unique_ptr<rclcpp::SerializedMessage, std::default_delete<rclcpp::SerializedMessage> >, const rclcpp::MessageInfo&)>, std::function<void(std::shared_ptr<const GaitCmd>)>, std::function<void(std::shared_ptr<const GaitCmd>, const rclcpp::MessageInfo&)>, std::function<void(std::shared_ptr<const rclcpp::SerializedMessage>)>, std::function<void(std::shared_ptr<const rclcpp::SerializedMessage>, const rclcpp::MessageInfo&)>, std::function<void(const std::shared_ptr<const GaitCmd>&)>, std::function<void(const std::shared_ptr<const GaitCmd>&, const rclcpp::MessageInfo&)>, std::function<void(const std::shared_ptr<const rclcpp::SerializedMessage>&)>, std::function<void(const std::shared_ptr<const rclcpp::SerializedMessage>&, const rclcpp::MessageInfo&)>, std::function<void(std::shared_ptr<GaitCmd>)>, std::function<void(std::shared_ptr<GaitCmd>, const rclcpp::MessageInfo&)>, std::function<void(std::shared_ptr<rclcpp::SerializedMessage>)>, std::function<void(std::shared_ptr<rclcpp::SerializedMessage>, const rclcpp::MessageInfo&)> >\x1b[m\x1b[K\xe2\x80\x99} and \xe2\x80\x98\x1b[01m\x1b[Krclcpp::detail::SubscriptionCallbackTypeHelper<GaitCmd, std::_Bind<void (State_move_gait::*(State_move_gait*, std::_Placeholder<1>))(int)>, void>::callback_type\x1b[m\x1b[K\xe2\x80\x99 {aka \xe2\x80\x98\x1b[01m\x1b[Kstd::function<void(int)>\x1b[m\x1b[K\xe2\x80\x99})\n'}
[5.576736] (unitree_guide2) StderrLine: {'line': b'  396 |     \x1b[01;31m\x1b[Kcallback_variant_ = static_cast<typename scbth::callback_type>(callback)\x1b[m\x1b[K;\n'}
[5.576837] (unitree_guide2) StderrLine: {'line': b'      |     \x1b[01;31m\x1b[K~~~~~~~~~~~~~~~~~~^~~~~~~~~~~~~~~~~~~~~~~~~~~~~~~~~~~~~~~~~~~~~~~~~~~~~~\x1b[m\x1b[K\n'}
[5.576922] (unitree_guide2) StderrLine: {'line': b'In file included from \x1b[01m\x1b[K/opt/ros/jazzy/include/rclcpp/rclcpp/client.hpp:29\x1b[m\x1b[K,\n'}
[5.577011] (unitree_guide2) StderrLine: {'line': b'                 from \x1b[01m\x1b[K/opt/ros/jazzy/include/rclcpp/rclcpp/callback_group.hpp:24\x1b[m\x1b[K:\n'}
[5.577094] (unitree_guide2) StderrLine: {'line': b'\x1b[01m\x1b[K/usr/include/c++/13/variant:1494:9:\x1b[m\x1b[K \x1b[01;36m\x1b[Knote: \x1b[m\x1b[Kcandidate: \xe2\x80\x98\x1b[01m\x1b[Ktemplate<class _Tp> std::enable_if_t<((__exactly_once<std::variant<_Types>::__accepted_type<_Tp&&, typename std::enable_if<__not_self<_Tp&&>, void>::type> > && is_constructible_v<std::variant<_Types>::__accepted_type<_Tp&&, typename std::enable_if<__not_self<_Tp&&>, void>::type>, _Tp>) && is_assignable_v<std::variant<_Types>::__accepted_type<_Tp&&, typename std::enable_if<__not_self<_Tp&&>, void>::type>&, _Tp>), std::variant<_Types>&> std::variant<_Types>::\x1b[01;32m\x1b[Koperator=\x1b[m\x1b[K(_Tp&&) \x1b[35m\x1b[K[with _Types = {std::function<void(const GaitCmd&)>, std::function<void(const GaitCmd&, const rclcpp::MessageInfo&)>, std::function<void(const rclcpp::SerializedMessage&)>, std::function<void(const rclcpp::SerializedMessage&, const rclcpp::MessageInfo&)>, std::function<void(std::unique_ptr<GaitCmd, std::default_delete<GaitCmd> >)>, std::function<void(std::unique_ptr<GaitCmd, std::default_delete<GaitCmd> >, const rclcpp::MessageInfo&)>, std::function<void(std::unique_ptr<rclcpp::SerializedMessage, std::default_delete<rclcpp::SerializedMessage> >)>, std::function<void(std::unique_ptr<rclcpp::SerializedMessage, std::default_delete<rclcpp::SerializedMessage> >, const rclcpp::MessageInfo&)>, std::function<void(std::shared_ptr<const GaitCmd>)>, std::function<void(std::shared_ptr<const GaitCmd>, const rclcpp::MessageInfo&)>, std::function<void(std::shared_ptr<const rclcpp::SerializedMessage>)>, std::function<void(std::shared_ptr<const rclcpp::SerializedMessage>, const rclcpp::MessageInfo&)>, std::function<void(const std::shared_ptr<const GaitCmd>&)>, std::function<void(const std::shared_ptr<const GaitCmd>&, const rclcpp::MessageInfo&)>, std::function<void(const std::shared_ptr<const rclcpp::SerializedMessage>&)>, std::function<void(const std::shared_ptr<const rclcpp::SerializedMessage>&, const rclcpp::MessageInfo&)>, std::function<void(std::shared_ptr<GaitCmd>)>, std::function<void(std::shared_ptr<GaitCmd>, const rclcpp::MessageInfo&)>, std::function<void(std::shared_ptr<rclcpp::SerializedMessage>)>, std::function<void(std::shared_ptr<rclcpp::SerializedMessage>, const rclcpp::MessageInfo&)>}]\x1b[m\x1b[K\x1b[m\x1b[K\xe2\x80\x99\n'}
[5.577204] (unitree_guide2) StderrLine: {'line': b' 1494 |         \x1b[01;36m\x1b[Koperator\x1b[m\x1b[K=(_Tp&& __rhs)\n'}
[5.577295] (unitree_guide2) StderrLine: {'line': b'      |         \x1b[01;36m\x1b[K^~~~~~~~\x1b[m\x1b[K\n'}
[5.577386] (unitree_guide2) StderrLine: {'line': b'\x1b[01m\x1b[K/usr/include/c++/13/variant:1494:9:\x1b[m\x1b[K \x1b[01;36m\x1b[Knote: \x1b[m\x1b[K  template argument deduction/substitution failed:\n'}
[5.577470] (unitree_guide2) StderrLine: {'line': b'/usr/include/c++/13/variant: In substitution of \xe2\x80\x98\x1b[01m\x1b[Ktemplate<class ... _Types> template<class _Tp, class> using std::variant<_Types>::__accepted_type = std::variant<_Types>::__to_type<__accepted_index<_Tp> > \x1b[35m\x1b[K[with _Tp = std::function<void(int)>&&; <template-parameter-2-2> = void; _Types = {std::function<void(const GaitCmd&)>, std::function<void(const GaitCmd&, const rclcpp::MessageInfo&)>, std::function<void(const rclcpp::SerializedMessage&)>, std::function<void(const rclcpp::SerializedMessage&, const rclcpp::MessageInfo&)>, std::function<void(std::unique_ptr<GaitCmd, std::default_delete<GaitCmd> >)>, std::function<void(std::unique_ptr<GaitCmd, std::default_delete<GaitCmd> >, const rclcpp::MessageInfo&)>, std::function<void(std::unique_ptr<rclcpp::SerializedMessage, std::default_delete<rclcpp::SerializedMessage> >)>, std::function<void(std::unique_ptr<rclcpp::SerializedMessage, std::default_delete<rclcpp::SerializedMessage> >, const rclcpp::MessageInfo&)>, std::function<void(std::shared_ptr<const GaitCmd>)>, std::function<void(std::shared_ptr<const GaitCmd>, const rclcpp::MessageInfo&)>, std::function<void(std::shared_ptr<const rclcpp::SerializedMessage>)>, std::function<void(std::shared_ptr<const rclcpp::SerializedMessage>, const rclcpp::MessageInfo&)>, std::function<void(const std::shared_ptr<const GaitCmd>&)>, std::function<void(const std::shared_ptr<const GaitCmd>&, const rclcpp::MessageInfo&)>, std::function<void(const std::shared_ptr<const rclcpp::SerializedMessage>&)>, std::function<void(const std::shared_ptr<const rclcpp::SerializedMessage>&, const rclcpp::MessageInfo&)>, std::function<void(std::shared_ptr<GaitCmd>)>, std::function<void(std::shared_ptr<GaitCmd>, const rclcpp::MessageInfo&)>, std::function<void(std::shared_ptr<rclcpp::SerializedMessage>)>, std::function<void(std::shared_ptr<rclcpp::SerializedMessage>, const rclcpp::MessageInfo&)>}]\x1b[m\x1b[K\x1b[m\x1b[K\xe2\x80\x99:\n'}
[5.577573] (unitree_guide2) StderrLine: {'line': b'\x1b[01m\x1b[K/usr/include/c++/13/variant:1490:14:\x1b[m\x1b[K   required by substitution of \xe2\x80\x98\x1b[01m\x1b[Ktemplate<class _Tp> std::enable_if_t<((__exactly_once<std::variant<std::function<void(const GaitCmd&)>, std::function<void(const GaitCmd&, const rclcpp::MessageInfo&)>, std::function<void(const rclcpp::SerializedMessage&)>, std::function<void(const rclcpp::SerializedMessage&, const rclcpp::MessageInfo&)>, std::function<void(std::unique_ptr<GaitCmd, std::default_delete<GaitCmd> >)>, std::function<void(std::unique_ptr<GaitCmd, std::default_delete<GaitCmd> >, const rclcpp::MessageInfo&)>, std::function<void(std::unique_ptr<rclcpp::SerializedMessage, std::default_delete<rclcpp::SerializedMessage> >)>, std::function<void(std::unique_ptr<rclcpp::SerializedMessage, std::default_delete<rclcpp::SerializedMessage> >, const rclcpp::MessageInfo&)>, std::function<void(std::shared_ptr<const GaitCmd>)>, std::function<void(std::shared_ptr<const GaitCmd>, const rclcpp::MessageInfo&)>, std::function<void(std::shared_ptr<const rclcpp::SerializedMessage>)>, std::function<void(std::shared_ptr<const rclcpp::SerializedMessage>, const rclcpp::MessageInfo&)>, std::function<void(const std::shared_ptr<const GaitCmd>&)>, std::function<void(const std::shared_ptr<const GaitCmd>&, const rclcpp::MessageInfo&)>, std::function<void(const std::shared_ptr<const rclcpp::SerializedMessage>&)>, std::function<void(const std::shared_ptr<const rclcpp::SerializedMessage>&, const rclcpp::MessageInfo&)>, std::function<void(std::shared_ptr<GaitCmd>)>, std::function<void(std::shared_ptr<GaitCmd>, const rclcpp::MessageInfo&)>, std::function<void(std::shared_ptr<rclcpp::SerializedMessage>)>, std::function<void(std::shared_ptr<rclcpp::SerializedMessage>, const rclcpp::MessageInfo&)> >::__accepted_type<_Tp&&, typename std::enable_if<__not_self<_Tp&&>, void>::type> > && is_constructible_v<std::variant<std::function<void(const GaitCmd&)>, std::function<void(const GaitCmd&, const rclcpp::MessageInfo&)>, std::function<void(const rclcpp::SerializedMessage&)>, std::function<void(const rclcpp::SerializedMessage&, const rclcpp::MessageInfo&)>, std::function<void(std::unique_ptr<GaitCmd, std::default_delete<GaitCmd> >)>, std::function<void(std::unique_ptr<GaitCmd, std::default_delete<GaitCmd> >, const rclcpp::MessageInfo&)>, std::function<void(std::unique_ptr<rclcpp::SerializedMessage, std::default_delete<rclcpp::SerializedMessage> >)>, std::function<void(std::unique_ptr<rclcpp::SerializedMessage, std::default_delete<rclcpp::SerializedMessage> >, const rclcpp::MessageInfo&)>, std::function<void(std::shared_ptr<const GaitCmd>)>, std::function<void(std::shared_ptr<const GaitCmd>, const rclcpp::MessageInfo&)>, std::function<void(std::shared_ptr<const rclcpp::SerializedMessage>)>, std::function<void(std::shared_ptr<const rclcpp::SerializedMessage>, const rclcpp::MessageInfo&)>, std::function<void(const std::shared_ptr<const GaitCmd>&)>, std::function<void(const std::shared_ptr<const GaitCmd>&, const rclcpp::MessageInfo&)>, std::function<void(const std::shared_ptr<const rclcpp::SerializedMessage>&)>, std::function<void(const std::shared_ptr<const rclcpp::SerializedMessage>&, const rclcpp::MessageInfo&)>, std::function<void(std::shared_ptr<GaitCmd>)>, std::function<void(std::shared_ptr<GaitCmd>, const rclcpp::MessageInfo&)>, std::function<void(std::shared_ptr<rclcpp::SerializedMessage>)>, std::function<void(std::shared_ptr<rclcpp::SerializedMessage>, const rclcpp::MessageInfo&)> >::__accepted_type<_Tp&&, typename std::enable_if<__not_self<_Tp&&>, void>::type>, _Tp>) && is_assignable_v<std::variant<std::function<void(const GaitCmd&)>, std::function<void(const GaitCmd&, const rclcpp::MessageInfo&)>, std::function<void(const rclcpp::SerializedMessage&)>, std::function<void(const rclcpp::SerializedMessage&, const rclcpp::MessageInfo&)>, std::function<void(std::unique_ptr<GaitCmd, std::default_delete<GaitCmd> >)>, std::function<void(std::unique_ptr<GaitCmd, std::default_delete<GaitCmd> >, const rclcpp::MessageInfo&)>, std::function<void(std::unique_ptr<rclcpp::SerializedMessage, std::default_delete<rclcpp::SerializedMessage> >)>, std::function<void(std::unique_ptr<rclcpp::SerializedMessage, std::default_delete<rclcpp::SerializedMessage> >, const rclcpp::MessageInfo&)>, std::function<void(std::shared_ptr<const GaitCmd>)>, std::function<void(std::shared_ptr<const GaitCmd>, const rclcpp::MessageInfo&)>, std::function<void(std::shared_ptr<const rclcpp::SerializedMessage>)>, std::function<void(std::shared_ptr<const rclcpp::SerializedMessage>, const rclcpp::MessageInfo&)>, std::function<void(const std::shared_ptr<const GaitCmd>&)>, std::function<void(const std::shared_ptr<const GaitCmd>&, const rclcpp::MessageInfo&)>, std::function<void(const std::shared_ptr<const rclcpp::SerializedMessage>&)>, std::function<void(const std::shared_ptr<const rclcpp::SerializedMessage>&, const rclcpp::MessageInfo&)>, std::function<void(std::shared_ptr<GaitCmd>)>, std::function<void(std::shared_ptr<GaitCmd>, const rclcpp::MessageInfo&)>, std::function<void(std::shared_ptr<rclcpp::SerializedMessage>)>, std::function<void(std::shared_ptr<rclcpp::SerializedMessage>, const rclcpp::MessageInfo&)> >::__accepted_type<_Tp&&, typename std::enable_if<__not_self<_Tp&&>, void>::type>&, _Tp>), std::variant<std::function<void(const GaitCmd&)>, std::function<void(const GaitCmd&, const rclcpp::MessageInfo&)>, std::function<void(const rclcpp::SerializedMessage&)>, std::function<void(const rclcpp::SerializedMessage&, const rclcpp::MessageInfo&)>, std::function<void(std::unique_ptr<GaitCmd, std::default_delete<GaitCmd> >)>, std::function<void(std::unique_ptr<GaitCmd, std::default_delete<GaitCmd> >, const rclcpp::MessageInfo&)>, std::function<void(std::unique_ptr<rclcpp::SerializedMessage, std::default_delete<rclcpp::SerializedMessage> >)>, std::function<void(std::unique_ptr<rclcpp::SerializedMessage, std::default_delete<rclcpp::SerializedMessage> >, const rclcpp::MessageInfo&)>, std::function<void(std::shared_ptr<const GaitCmd>)>, std::function<void(std::shared_ptr<const GaitCmd>, const rclcpp::MessageInfo&)>, std::function<void(std::shared_ptr<const rclcpp::SerializedMessage>)>, std::function<void(std::shared_ptr<const rclcpp::SerializedMessage>, const rclcpp::MessageInfo&)>, std::function<void(const std::shared_ptr<const GaitCmd>&)>, std::function<void(const std::shared_ptr<const GaitCmd>&, const rclcpp::MessageInfo&)>, std::function<void(const std::shared_ptr<const rclcpp::SerializedMessage>&)>, std::function<void(const std::shared_ptr<const rclcpp::SerializedMessage>&, const rclcpp::MessageInfo&)>, std::function<void(std::shared_ptr<GaitCmd>)>, std::function<void(std::shared_ptr<GaitCmd>, const rclcpp::MessageInfo&)>, std::function<void(std::shared_ptr<rclcpp::SerializedMessage>)>, std::function<void(std::shared_ptr<rclcpp::SerializedMessage>, const rclcpp::MessageInfo&)> >&> std::variant<std::function<void(const GaitCmd&)>, std::function<void(const GaitCmd&, const rclcpp::MessageInfo&)>, std::function<void(const rclcpp::SerializedMessage&)>, std::function<void(const rclcpp::SerializedMessage&, const rclcpp::MessageInfo&)>, std::function<void(std::unique_ptr<GaitCmd, std::default_delete<GaitCmd> >)>, std::function<void(std::unique_ptr<GaitCmd, std::default_delete<GaitCmd> >, const rclcpp::MessageInfo&)>, std::function<void(std::unique_ptr<rclcpp::SerializedMessage, std::default_delete<rclcpp::SerializedMessage> >)>, std::function<void(std::unique_ptr<rclcpp::SerializedMessage, std::default_delete<rclcpp::SerializedMessage> >, const rclcpp::MessageInfo&)>, std::function<void(std::shared_ptr<const GaitCmd>)>, std::function<void(std::shared_ptr<const GaitCmd>, const rclcpp::MessageInfo&)>, std::function<void(std::shared_ptr<const rclcpp::SerializedMessage>)>, std::function<void(std::shared_ptr<const rclcpp::SerializedMessage>, const rclcpp::MessageInfo&)>, std::function<void(const std::shared_ptr<const GaitCmd>&)>, std::function<void(const std::shared_ptr<const GaitCmd>&, const rclcpp::MessageInfo&)>, std::function<void(const std::shared_ptr<const rclcpp::SerializedMessage>&)>, std::function<void(const std::shared_ptr<const rclcpp::SerializedMessage>&, const rclcpp::MessageInfo&)>, std::function<void(std::shared_ptr<GaitCmd>)>, std::function<void(std::shared_ptr<GaitCmd>, const rclcpp::MessageInfo&)>, std::function<void(std::shared_ptr<rclcpp::SerializedMessage>)>, std::function<void(std::shared_ptr<rclcpp::SerializedMessage>, const rclcpp::MessageInfo&)> >::\x1b[01;32m\x1b[Koperator=\x1b[m\x1b[K(_Tp&&) \x1b[35m\x1b[K[with _Tp = std::function<void(int)>]\x1b[m\x1b[K\x1b[m\x1b[K\xe2\x80\x99\n'}
[5.577754] (unitree_guide2) StderrLine: {'line': b'\x1b[01m\x1b[K/opt/ros/jazzy/include/rclcpp/rclcpp/any_subscription_callback.hpp:396:23:\x1b[m\x1b[K   required from \xe2\x80\x98\x1b[01m\x1b[Krclcpp::AnySubscriptionCallback<MessageT, AllocatorT> rclcpp::AnySubscriptionCallback<MessageT, AllocatorT>::\x1b[01;32m\x1b[Kset\x1b[m\x1b[K(CallbackT) \x1b[35m\x1b[K[with CallbackT = std::_Bind<void (State_move_gait::*(State_move_gait*, std::_Placeholder<1>))(int)>; MessageT = GaitCmd; AllocatorT = std::allocator<void>]\x1b[m\x1b[K\x1b[m\x1b[K\xe2\x80\x99\n'}
[5.577849] (unitree_guide2) StderrLine: {'line': b'\x1b[01m\x1b[K/opt/ros/jazzy/include/rclcpp/rclcpp/subscription_factory.hpp:93:32:\x1b[m\x1b[K   required from \xe2\x80\x98\x1b[01m\x1b[Krclcpp::SubscriptionFactory rclcpp::\x1b[01;32m\x1b[Kcreate_subscription_factory\x1b[m\x1b[K(CallbackT&&, const SubscriptionOptionsWithAllocator<AllocatorT>&, typename MessageMemoryStrategyT::SharedPtr, std::shared_ptr<topic_statistics::SubscriptionTopicStatistics>) \x1b[35m\x1b[K[with MessageT = GaitCmd; CallbackT = std::_Bind<void (State_move_gait::*(State_move_gait*, std::_Placeholder<1>))(int)>; AllocatorT = std::allocator<void>; SubscriptionT = Subscription<GaitCmd>; MessageMemoryStrategyT = message_memory_strategy::MessageMemoryStrategy<GaitCmd, std::allocator<void> >; typename MessageMemoryStrategyT::SharedPtr = std::shared_ptr<message_memory_strategy::MessageMemoryStrategy<GaitCmd, std::allocator<void> > >]\x1b[m\x1b[K\x1b[m\x1b[K\xe2\x80\x99\n'}
[5.577949] (unitree_guide2) StderrLine: {'line': b'\x1b[01m\x1b[K/opt/ros/jazzy/include/rclcpp/rclcpp/create_subscription.hpp:121:63:\x1b[m\x1b[K   required from \xe2\x80\x98\x1b[01m\x1b[Kstd::shared_ptr<ROSMessageT> rclcpp::detail::\x1b[01;32m\x1b[Kcreate_subscription\x1b[m\x1b[K(NodeParametersT&, NodeTopicsT&, const std::string&, const rclcpp::QoS&, CallbackT&&, const rclcpp::SubscriptionOptionsWithAllocator<AllocatorT>&, typename MessageMemoryStrategyT::SharedPtr) \x1b[35m\x1b[K[with MessageT = GaitCmd; CallbackT = std::_Bind<void (State_move_gait::*(State_move_gait*, std::_Placeholder<1>))(int)>; AllocatorT = std::allocator<void>; SubscriptionT = rclcpp::Subscription<GaitCmd>; MessageMemoryStrategyT = rclcpp::message_memory_strategy::MessageMemoryStrategy<GaitCmd, std::allocator<void> >; NodeParametersT = rclcpp::Node; NodeTopicsT = rclcpp::Node; std::string = std::__cxx11::basic_string<char>; typename MessageMemoryStrategyT::SharedPtr = std::shared_ptr<rclcpp::message_memory_strategy::MessageMemoryStrategy<GaitCmd, std::allocator<void> > >]\x1b[m\x1b[K\x1b[m\x1b[K\xe2\x80\x99\n'}
[5.578046] (unitree_guide2) StderrLine: {'line': b'\x1b[01m\x1b[K/opt/ros/jazzy/include/rclcpp/rclcpp/create_subscription.hpp:190:76:\x1b[m\x1b[K   required from \xe2\x80\x98\x1b[01m\x1b[Kstd::shared_ptr<ROSMessageT> rclcpp::\x1b[01;32m\x1b[Kcreate_subscription\x1b[m\x1b[K(NodeT&, const std::string&, const QoS&, CallbackT&&, const SubscriptionOptionsWithAllocator<AllocatorT>&, typename MessageMemoryStrategyT::SharedPtr) \x1b[35m\x1b[K[with MessageT = GaitCmd; CallbackT = std::_Bind<void (State_move_gait::*(State_move_gait*, std::_Placeholder<1>))(int)>; AllocatorT = std::allocator<void>; SubscriptionT = Subscription<GaitCmd>; MessageMemoryStrategyT = message_memory_strategy::MessageMemoryStrategy<GaitCmd, std::allocator<void> >; NodeT = Node; std::string = std::__cxx11::basic_string<char>; typename MessageMemoryStrategyT::SharedPtr = std::shared_ptr<message_memory_strategy::MessageMemoryStrategy<GaitCmd, std::allocator<void> > >]\x1b[m\x1b[K\x1b[m\x1b[K\xe2\x80\x99\n'}
[5.578144] (unitree_guide2) StderrLine: {'line': b'\x1b[01m\x1b[K/opt/ros/jazzy/include/rclcpp/rclcpp/node_impl.hpp:99:47:\x1b[m\x1b[K   required from \xe2\x80\x98\x1b[01m\x1b[Kstd::shared_ptr<ROSMessageT> rclcpp::Node::\x1b[01;32m\x1b[Kcreate_subscription\x1b[m\x1b[K(const std::string&, const rclcpp::QoS&, CallbackT&&, const rclcpp::SubscriptionOptionsWithAllocator<AllocatorT>&, typename MessageMemoryStrategyT::SharedPtr) \x1b[35m\x1b[K[with MessageT = GaitCmd; CallbackT = std::_Bind<void (State_move_gait::*(State_move_gait*, std::_Placeholder<1>))(int)>; AllocatorT = std::allocator<void>; SubscriptionT = rclcpp::Subscription<GaitCmd>; MessageMemoryStrategyT = rclcpp::message_memory_strategy::MessageMemoryStrategy<GaitCmd, std::allocator<void> >; std::string = std::__cxx11::basic_string<char>; typename MessageMemoryStrategyT::SharedPtr = std::shared_ptr<rclcpp::message_memory_strategy::MessageMemoryStrategy<GaitCmd, std::allocator<void> > >]\x1b[m\x1b[K\x1b[m\x1b[K\xe2\x80\x99\n'}
[5.578256] (unitree_guide2) StderrLine: {'line': b'\x1b[01m\x1b[K/home/nebbackwards/WPI/Classes/RBE521/Final/ros_workspace/src/RBE521/unitree_guide2/src/FSM/State_move_gait.cpp:101:49:\x1b[m\x1b[K   required from here\n'}
[5.578349] (unitree_guide2) StderrLine: {'line': b'\x1b[01m\x1b[K/usr/include/c++/13/variant:1407:15:\x1b[m\x1b[K \x1b[01;31m\x1b[Kerror: \x1b[m\x1b[Kno type named \xe2\x80\x98\x1b[01m\x1b[Ktype\x1b[m\x1b[K\xe2\x80\x99 in \xe2\x80\x98\x1b[01m\x1b[Kstruct std::enable_if<false, void>\x1b[m\x1b[K\xe2\x80\x99\n'}
[5.578452] (unitree_guide2) StderrLine: {'line': b' 1407 |         using \x1b[01;31m\x1b[K__accepted_type\x1b[m\x1b[K = __to_type<__accepted_index<_Tp>>;\n'}
[5.578556] (unitree_guide2) StderrLine: {'line': b'      |               \x1b[01;31m\x1b[K^~~~~~~~~~~~~~~\x1b[m\x1b[K\n'}
[5.578659] (unitree_guide2) StderrLine: {'line': b'/opt/ros/jazzy/include/rclcpp/rclcpp/any_subscription_callback.hpp: In instantiation of \xe2\x80\x98\x1b[01m\x1b[Krclcpp::AnySubscriptionCallback<MessageT, AllocatorT> rclcpp::AnySubscriptionCallback<MessageT, AllocatorT>::\x1b[01;32m\x1b[Kset\x1b[m\x1b[K(CallbackT) \x1b[35m\x1b[K[with CallbackT = std::_Bind<void (State_move_gait::*(State_move_gait*, std::_Placeholder<1>))(int)>; MessageT = GaitCmd; AllocatorT = std::allocator<void>]\x1b[m\x1b[K\x1b[m\x1b[K\xe2\x80\x99:\n'}
[5.578763] (unitree_guide2) StderrLine: {'line': b'\x1b[01m\x1b[K/opt/ros/jazzy/include/rclcpp/rclcpp/subscription_factory.hpp:93:32:\x1b[m\x1b[K   required from \xe2\x80\x98\x1b[01m\x1b[Krclcpp::SubscriptionFactory rclcpp::\x1b[01;32m\x1b[Kcreate_subscription_factory\x1b[m\x1b[K(CallbackT&&, const SubscriptionOptionsWithAllocator<AllocatorT>&, typename MessageMemoryStrategyT::SharedPtr, std::shared_ptr<topic_statistics::SubscriptionTopicStatistics>) \x1b[35m\x1b[K[with MessageT = GaitCmd; CallbackT = std::_Bind<void (State_move_gait::*(State_move_gait*, std::_Placeholder<1>))(int)>; AllocatorT = std::allocator<void>; SubscriptionT = Subscription<GaitCmd>; MessageMemoryStrategyT = message_memory_strategy::MessageMemoryStrategy<GaitCmd, std::allocator<void> >; typename MessageMemoryStrategyT::SharedPtr = std::shared_ptr<message_memory_strategy::MessageMemoryStrategy<GaitCmd, std::allocator<void> > >]\x1b[m\x1b[K\x1b[m\x1b[K\xe2\x80\x99\n'}
[5.578856] (unitree_guide2) StderrLine: {'line': b'\x1b[01m\x1b[K/opt/ros/jazzy/include/rclcpp/rclcpp/create_subscription.hpp:121:63:\x1b[m\x1b[K   required from \xe2\x80\x98\x1b[01m\x1b[Kstd::shared_ptr<ROSMessageT> rclcpp::detail::\x1b[01;32m\x1b[Kcreate_subscription\x1b[m\x1b[K(NodeParametersT&, NodeTopicsT&, const std::string&, const rclcpp::QoS&, CallbackT&&, const rclcpp::SubscriptionOptionsWithAllocator<AllocatorT>&, typename MessageMemoryStrategyT::SharedPtr) \x1b[35m\x1b[K[with MessageT = GaitCmd; CallbackT = std::_Bind<void (State_move_gait::*(State_move_gait*, std::_Placeholder<1>))(int)>; AllocatorT = std::allocator<void>; SubscriptionT = rclcpp::Subscription<GaitCmd>; MessageMemoryStrategyT = rclcpp::message_memory_strategy::MessageMemoryStrategy<GaitCmd, std::allocator<void> >; NodeParametersT = rclcpp::Node; NodeTopicsT = rclcpp::Node; std::string = std::__cxx11::basic_string<char>; typename MessageMemoryStrategyT::SharedPtr = std::shared_ptr<rclcpp::message_memory_strategy::MessageMemoryStrategy<GaitCmd, std::allocator<void> > >]\x1b[m\x1b[K\x1b[m\x1b[K\xe2\x80\x99\n'}
[5.578959] (unitree_guide2) StderrLine: {'line': b'\x1b[01m\x1b[K/opt/ros/jazzy/include/rclcpp/rclcpp/create_subscription.hpp:190:76:\x1b[m\x1b[K   required from \xe2\x80\x98\x1b[01m\x1b[Kstd::shared_ptr<ROSMessageT> rclcpp::\x1b[01;32m\x1b[Kcreate_subscription\x1b[m\x1b[K(NodeT&, const std::string&, const QoS&, CallbackT&&, const SubscriptionOptionsWithAllocator<AllocatorT>&, typename MessageMemoryStrategyT::SharedPtr) \x1b[35m\x1b[K[with MessageT = GaitCmd; CallbackT = std::_Bind<void (State_move_gait::*(State_move_gait*, std::_Placeholder<1>))(int)>; AllocatorT = std::allocator<void>; SubscriptionT = Subscription<GaitCmd>; MessageMemoryStrategyT = message_memory_strategy::MessageMemoryStrategy<GaitCmd, std::allocator<void> >; NodeT = Node; std::string = std::__cxx11::basic_string<char>; typename MessageMemoryStrategyT::SharedPtr = std::shared_ptr<message_memory_strategy::MessageMemoryStrategy<GaitCmd, std::allocator<void> > >]\x1b[m\x1b[K\x1b[m\x1b[K\xe2\x80\x99\n'}
[5.579066] (unitree_guide2) StderrLine: {'line': b'\x1b[01m\x1b[K/opt/ros/jazzy/include/rclcpp/rclcpp/node_impl.hpp:99:47:\x1b[m\x1b[K   required from \xe2\x80\x98\x1b[01m\x1b[Kstd::shared_ptr<ROSMessageT> rclcpp::Node::\x1b[01;32m\x1b[Kcreate_subscription\x1b[m\x1b[K(const std::string&, const rclcpp::QoS&, CallbackT&&, const rclcpp::SubscriptionOptionsWithAllocator<AllocatorT>&, typename MessageMemoryStrategyT::SharedPtr) \x1b[35m\x1b[K[with MessageT = GaitCmd; CallbackT = std::_Bind<void (State_move_gait::*(State_move_gait*, std::_Placeholder<1>))(int)>; AllocatorT = std::allocator<void>; SubscriptionT = rclcpp::Subscription<GaitCmd>; MessageMemoryStrategyT = rclcpp::message_memory_strategy::MessageMemoryStrategy<GaitCmd, std::allocator<void> >; std::string = std::__cxx11::basic_string<char>; typename MessageMemoryStrategyT::SharedPtr = std::shared_ptr<rclcpp::message_memory_strategy::MessageMemoryStrategy<GaitCmd, std::allocator<void> > >]\x1b[m\x1b[K\x1b[m\x1b[K\xe2\x80\x99\n'}
[5.579183] (unitree_guide2) StderrLine: {'line': b'\x1b[01m\x1b[K/home/nebbackwards/WPI/Classes/RBE521/Final/ros_workspace/src/RBE521/unitree_guide2/src/FSM/State_move_gait.cpp:101:49:\x1b[m\x1b[K   required from here\n'}
[5.579276] (unitree_guide2) StderrLine: {'line': b'\x1b[01m\x1b[K/usr/include/c++/13/variant:1430:16:\x1b[m\x1b[K \x1b[01;36m\x1b[Knote: \x1b[m\x1b[Kcandidate: \xe2\x80\x98\x1b[01m\x1b[Kstd::variant<_Types>& std::variant<_Types>::\x1b[01;32m\x1b[Koperator=\x1b[m\x1b[K(const std::variant<_Types>&) \x1b[35m\x1b[K[with _Types = {std::function<void(const GaitCmd&)>, std::function<void(const GaitCmd&, const rclcpp::MessageInfo&)>, std::function<void(const rclcpp::SerializedMessage&)>, std::function<void(const rclcpp::SerializedMessage&, const rclcpp::MessageInfo&)>, std::function<void(std::unique_ptr<GaitCmd, std::default_delete<GaitCmd> >)>, std::function<void(std::unique_ptr<GaitCmd, std::default_delete<GaitCmd> >, const rclcpp::MessageInfo&)>, std::function<void(std::unique_ptr<rclcpp::SerializedMessage, std::default_delete<rclcpp::SerializedMessage> >)>, std::function<void(std::unique_ptr<rclcpp::SerializedMessage, std::default_delete<rclcpp::SerializedMessage> >, const rclcpp::MessageInfo&)>, std::function<void(std::shared_ptr<const GaitCmd>)>, std::function<void(std::shared_ptr<const GaitCmd>, const rclcpp::MessageInfo&)>, std::function<void(std::shared_ptr<const rclcpp::SerializedMessage>)>, std::function<void(std::shared_ptr<const rclcpp::SerializedMessage>, const rclcpp::MessageInfo&)>, std::function<void(const std::shared_ptr<const GaitCmd>&)>, std::function<void(const std::shared_ptr<const GaitCmd>&, const rclcpp::MessageInfo&)>, std::function<void(const std::shared_ptr<const rclcpp::SerializedMessage>&)>, std::function<void(const std::shared_ptr<const rclcpp::SerializedMessage>&, const rclcpp::MessageInfo&)>, std::function<void(std::shared_ptr<GaitCmd>)>, std::function<void(std::shared_ptr<GaitCmd>, const rclcpp::MessageInfo&)>, std::function<void(std::shared_ptr<rclcpp::SerializedMessage>)>, std::function<void(std::shared_ptr<rclcpp::SerializedMessage>, const rclcpp::MessageInfo&)>}]\x1b[m\x1b[K\x1b[m\x1b[K\xe2\x80\x99\n'}
[5.579380] (unitree_guide2) StderrLine: {'line': b' 1430 |       variant& \x1b[01;36m\x1b[Koperator\x1b[m\x1b[K=(const variant&) = default;\n'}
[5.579470] (unitree_guide2) StderrLine: {'line': b'      |                \x1b[01;36m\x1b[K^~~~~~~~\x1b[m\x1b[K\n'}
[5.579685] (unitree_guide2) StderrLine: {'line': b'\x1b[01m\x1b[K/usr/include/c++/13/variant:1430:26:\x1b[m\x1b[K \x1b[01;36m\x1b[Knote: \x1b[m\x1b[K  no known conversion for argument 1 from \xe2\x80\x98\x1b[01m\x1b[Krclcpp::detail::SubscriptionCallbackTypeHelper<GaitCmd, std::_Bind<void (State_move_gait::*(State_move_gait*, std::_Placeholder<1>))(int)>, void>::callback_type\x1b[m\x1b[K\xe2\x80\x99 {aka \xe2\x80\x98\x1b[01m\x1b[Kstd::function<void(int)>\x1b[m\x1b[K\xe2\x80\x99} to \xe2\x80\x98\x1b[01m\x1b[Kconst std::variant<std::function<void(const GaitCmd&)>, std::function<void(const GaitCmd&, const rclcpp::MessageInfo&)>, std::function<void(const rclcpp::SerializedMessage&)>, std::function<void(const rclcpp::SerializedMessage&, const rclcpp::MessageInfo&)>, std::function<void(std::unique_ptr<GaitCmd, std::default_delete<GaitCmd> >)>, std::function<void(std::unique_ptr<GaitCmd, std::default_delete<GaitCmd> >, const rclcpp::MessageInfo&)>, std::function<void(std::unique_ptr<rclcpp::SerializedMessage, std::default_delete<rclcpp::SerializedMessage> >)>, std::function<void(std::unique_ptr<rclcpp::SerializedMessage, std::default_delete<rclcpp::SerializedMessage> >, const rclcpp::MessageInfo&)>, std::function<void(std::shared_ptr<const GaitCmd>)>, std::function<void(std::shared_ptr<const GaitCmd>, const rclcpp::MessageInfo&)>, std::function<void(std::shared_ptr<const rclcpp::SerializedMessage>)>, std::function<void(std::shared_ptr<const rclcpp::SerializedMessage>, const rclcpp::MessageInfo&)>, std::function<void(const std::shared_ptr<const GaitCmd>&)>, std::function<void(const std::shared_ptr<const GaitCmd>&, const rclcpp::MessageInfo&)>, std::function<void(const std::shared_ptr<const rclcpp::SerializedMessage>&)>, std::function<void(const std::shared_ptr<const rclcpp::SerializedMessage>&, const rclcpp::MessageInfo&)>, std::function<void(std::shared_ptr<GaitCmd>)>, std::function<void(std::shared_ptr<GaitCmd>, const rclcpp::MessageInfo&)>, std::function<void(std::shared_ptr<rclcpp::SerializedMessage>)>, std::function<void(std::shared_ptr<rclcpp::SerializedMessage>, const rclcpp::MessageInfo&)> >&\x1b[m\x1b[K\xe2\x80\x99\n'}
[5.579829] (unitree_guide2) StderrLine: {'line': b' 1430 |       variant& operator=(\x1b[01;36m\x1b[Kconst variant&\x1b[m\x1b[K) = default;\n'}
[5.579917] (unitree_guide2) StderrLine: {'line': b'      |                          \x1b[01;36m\x1b[K^~~~~~~~~~~~~~\x1b[m\x1b[K\n'}
[5.580013] (unitree_guide2) StderrLine: {'line': b'\x1b[01m\x1b[K/usr/include/c++/13/variant:1431:16:\x1b[m\x1b[K \x1b[01;36m\x1b[Knote: \x1b[m\x1b[Kcandidate: \xe2\x80\x98\x1b[01m\x1b[Kstd::variant<_Types>& std::variant<_Types>::\x1b[01;32m\x1b[Koperator=\x1b[m\x1b[K(std::variant<_Types>&&) \x1b[35m\x1b[K[with _Types = {std::function<void(const GaitCmd&)>, std::function<void(const GaitCmd&, const rclcpp::MessageInfo&)>, std::function<void(const rclcpp::SerializedMessage&)>, std::function<void(const rclcpp::SerializedMessage&, const rclcpp::MessageInfo&)>, std::function<void(std::unique_ptr<GaitCmd, std::default_delete<GaitCmd> >)>, std::function<void(std::unique_ptr<GaitCmd, std::default_delete<GaitCmd> >, const rclcpp::MessageInfo&)>, std::function<void(std::unique_ptr<rclcpp::SerializedMessage, std::default_delete<rclcpp::SerializedMessage> >)>, std::function<void(std::unique_ptr<rclcpp::SerializedMessage, std::default_delete<rclcpp::SerializedMessage> >, const rclcpp::MessageInfo&)>, std::function<void(std::shared_ptr<const GaitCmd>)>, std::function<void(std::shared_ptr<const GaitCmd>, const rclcpp::MessageInfo&)>, std::function<void(std::shared_ptr<const rclcpp::SerializedMessage>)>, std::function<void(std::shared_ptr<const rclcpp::SerializedMessage>, const rclcpp::MessageInfo&)>, std::function<void(const std::shared_ptr<const GaitCmd>&)>, std::function<void(const std::shared_ptr<const GaitCmd>&, const rclcpp::MessageInfo&)>, std::function<void(const std::shared_ptr<const rclcpp::SerializedMessage>&)>, std::function<void(const std::shared_ptr<const rclcpp::SerializedMessage>&, const rclcpp::MessageInfo&)>, std::function<void(std::shared_ptr<GaitCmd>)>, std::function<void(std::shared_ptr<GaitCmd>, const rclcpp::MessageInfo&)>, std::function<void(std::shared_ptr<rclcpp::SerializedMessage>)>, std::function<void(std::shared_ptr<rclcpp::SerializedMessage>, const rclcpp::MessageInfo&)>}]\x1b[m\x1b[K\x1b[m\x1b[K\xe2\x80\x99\n'}
[5.580108] (unitree_guide2) StderrLine: {'line': b' 1431 |       variant& \x1b[01;36m\x1b[Koperator\x1b[m\x1b[K=(variant&&) = default;\n'}
[5.580192] (unitree_guide2) StderrLine: {'line': b'      |                \x1b[01;36m\x1b[K^~~~~~~~\x1b[m\x1b[K\n'}
[5.580275] (unitree_guide2) StderrLine: {'line': b'\x1b[01m\x1b[K/usr/include/c++/13/variant:1431:26:\x1b[m\x1b[K \x1b[01;36m\x1b[Knote: \x1b[m\x1b[K  no known conversion for argument 1 from \xe2\x80\x98\x1b[01m\x1b[Krclcpp::detail::SubscriptionCallbackTypeHelper<GaitCmd, std::_Bind<void (State_move_gait::*(State_move_gait*, std::_Placeholder<1>))(int)>, void>::callback_type\x1b[m\x1b[K\xe2\x80\x99 {aka \xe2\x80\x98\x1b[01m\x1b[Kstd::function<void(int)>\x1b[m\x1b[K\xe2\x80\x99} to \xe2\x80\x98\x1b[01m\x1b[Kstd::variant<std::function<void(const GaitCmd&)>, std::function<void(const GaitCmd&, const rclcpp::MessageInfo&)>, std::function<void(const rclcpp::SerializedMessage&)>, std::function<void(const rclcpp::SerializedMessage&, const rclcpp::MessageInfo&)>, std::function<void(std::unique_ptr<GaitCmd, std::default_delete<GaitCmd> >)>, std::function<void(std::unique_ptr<GaitCmd, std::default_delete<GaitCmd> >, const rclcpp::MessageInfo&)>, std::function<void(std::unique_ptr<rclcpp::SerializedMessage, std::default_delete<rclcpp::SerializedMessage> >)>, std::function<void(std::unique_ptr<rclcpp::SerializedMessage, std::default_delete<rclcpp::SerializedMessage> >, const rclcpp::MessageInfo&)>, std::function<void(std::shared_ptr<const GaitCmd>)>, std::function<void(std::shared_ptr<const GaitCmd>, const rclcpp::MessageInfo&)>, std::function<void(std::shared_ptr<const rclcpp::SerializedMessage>)>, std::function<void(std::shared_ptr<const rclcpp::SerializedMessage>, const rclcpp::MessageInfo&)>, std::function<void(const std::shared_ptr<const GaitCmd>&)>, std::function<void(const std::shared_ptr<const GaitCmd>&, const rclcpp::MessageInfo&)>, std::function<void(const std::shared_ptr<const rclcpp::SerializedMessage>&)>, std::function<void(const std::shared_ptr<const rclcpp::SerializedMessage>&, const rclcpp::MessageInfo&)>, std::function<void(std::shared_ptr<GaitCmd>)>, std::function<void(std::shared_ptr<GaitCmd>, const rclcpp::MessageInfo&)>, std::function<void(std::shared_ptr<rclcpp::SerializedMessage>)>, std::function<void(std::shared_ptr<rclcpp::SerializedMessage>, const rclcpp::MessageInfo&)> >&&\x1b[m\x1b[K\xe2\x80\x99\n'}
[5.580389] (unitree_guide2) StderrLine: {'line': b' 1431 |       variant& operator=(\x1b[01;36m\x1b[Kvariant&&\x1b[m\x1b[K) = default;\n'}
[5.580473] (unitree_guide2) StderrLine: {'line': b'      |                          \x1b[01;36m\x1b[K^~~~~~~~~\x1b[m\x1b[K\n'}
[5.622851] (-) TimerEvent: {}
[5.723292] (-) TimerEvent: {}
[5.823722] (-) TimerEvent: {}
[5.924157] (-) TimerEvent: {}
[5.976167] (unitree_guide2) StderrLine: {'line': b'gmake[2]: *** [CMakeFiles/junior_ctrl.dir/build.make:90: CMakeFiles/junior_ctrl.dir/src/FSM/FSM.cpp.o] Error 1\n'}
[5.976392] (unitree_guide2) StderrLine: {'line': b'gmake[2]: *** Waiting for unfinished jobs....\n'}
[6.007185] (unitree_guide2) StderrLine: {'line': b'gmake[2]: *** [CMakeFiles/junior_ctrl.dir/build.make:356: CMakeFiles/junior_ctrl.dir/src/control/ControlFrame.cpp.o] Error 1\n'}
[6.024314] (-) TimerEvent: {}
[6.124704] (-) TimerEvent: {}
[6.179271] (unitree_guide2) StderrLine: {'line': b'gmake[2]: *** [CMakeFiles/junior_ctrl.dir/build.make:76: CMakeFiles/junior_ctrl.dir/src/main.cpp.o] Error 1\n'}
[6.224826] (-) TimerEvent: {}
[6.325236] (-) TimerEvent: {}
[6.425651] (-) TimerEvent: {}
[6.526048] (-) TimerEvent: {}
[6.626444] (-) TimerEvent: {}
[6.726865] (-) TimerEvent: {}
[6.827287] (-) TimerEvent: {}
[6.927691] (-) TimerEvent: {}
[7.028092] (-) TimerEvent: {}
[7.128496] (-) TimerEvent: {}
[7.229056] (-) TimerEvent: {}
[7.329452] (-) TimerEvent: {}
[7.429860] (-) TimerEvent: {}
[7.440100] (unitree_guide2) StderrLine: {'line': b'gmake[2]: *** [CMakeFiles/junior_ctrl.dir/build.make:244: CMakeFiles/junior_ctrl.dir/src/FSM/State_move_gait.cpp.o] Error 1\n'}
[7.440846] (unitree_guide2) StderrLine: {'line': b'gmake[1]: *** [CMakeFiles/Makefile2:137: CMakeFiles/junior_ctrl.dir/all] Error 2\n'}
[7.441254] (unitree_guide2) StderrLine: {'line': b'gmake: *** [Makefile:146: all] Error 2\n'}
[7.443983] (unitree_guide2) CommandEnded: {'returncode': 2}
[7.453758] (unitree_guide2) JobEnded: {'identifier': 'unitree_guide2', 'rc': 2}
[7.464437] (-) EventReactorShutdown: {}
