[0.000000] (-) TimerEvent: {}
[0.001127] (unitree_guide2) JobQueued: {'identifier': 'unitree_guide2', 'dependencies': OrderedDict()}
[0.001322] (unitree_guide2) JobStarted: {'identifier': 'unitree_guide2'}
[0.024487] (unitree_guide2) JobProgress: {'identifier': 'unitree_guide2', 'progress': 'cmake'}
[0.026167] (unitree_guide2) Command: {'cmd': ['/usr/bin/cmake', '/home/nebbackwards/WPI/Classes/RBE521/Final/ros_workspace/src/RBE521/unitree_guide2', '-DCMAKE_INSTALL_PREFIX=/home/nebbackwards/WPI/Classes/RBE521/Final/ros_workspace/src/RBE521/unitree_guide2/install/unitree_guide2'], 'cwd': '/home/nebbackwards/WPI/Classes/RBE521/Final/ros_workspace/src/RBE521/unitree_guide2/build/unitree_guide2', 'env': OrderedDict({'LESSOPEN': '| /usr/bin/lesspipe %s', 'GZ_SIM_RESOURCE_PATH': '/opt/ros/jazzy/share', 'LANGUAGE': '', 'USER': 'nebbackwards', 'GZ_CONFIG_PATH': '/opt/ros/jazzy/opt/gz_sim_vendor/share/gz:/opt/ros/jazzy/opt/sdformat_vendor/share/gz:/opt/ros/jazzy/opt/gz_gui_vendor/share/gz:/opt/ros/jazzy/opt/gz_transport_vendor/share/gz:/opt/ros/jazzy/opt/gz_rendering_vendor/share/gz:/opt/ros/jazzy/opt/gz_plugin_vendor/share/gz:/opt/ros/jazzy/opt/gz_fuel_tools_vendor/share/gz:/opt/ros/jazzy/opt/gz_msgs_vendor/share/gz:/opt/ros/jazzy/opt/gz_common_vendor/share/gz', 'XDG_SESSION_TYPE': 'wayland', 'XCURSOR_SIZE': '24', 'SHLVL': '1', 'LD_LIBRARY_PATH': '/home/nebbackwards/WPI/Classes/RBE521/Final/ros_workspace/install/ros2_unitree_legged_control/lib:/home/nebbackwards/WPI/Classes/RBE521/Final/ros_workspace/install/ros2_unitree_legged_msgs/lib:/opt/ros/jazzy/opt/gz_sim_vendor/lib:/opt/ros/jazzy/opt/gz_sensors_vendor/lib:/opt/ros/jazzy/opt/gz_physics_vendor/lib:/opt/ros/jazzy/opt/sdformat_vendor/lib:/opt/ros/jazzy/opt/rviz_ogre_vendor/lib:/opt/ros/jazzy/lib/x86_64-linux-gnu:/opt/ros/jazzy/opt/gz_gui_vendor/lib:/opt/ros/jazzy/opt/gz_transport_vendor/lib:/opt/ros/jazzy/opt/gz_rendering_vendor/lib:/opt/ros/jazzy/opt/gz_plugin_vendor/lib:/opt/ros/jazzy/opt/gz_fuel_tools_vendor/lib:/opt/ros/jazzy/opt/gz_msgs_vendor/lib:/opt/ros/jazzy/opt/gz_common_vendor/lib:/opt/ros/jazzy/opt/gz_math_vendor/lib:/opt/ros/jazzy/opt/gz_utils_vendor/lib:/opt/ros/jazzy/opt/gz_tools_vendor/lib:/opt/ros/jazzy/opt/gz_ogre_next_vendor/lib:/opt/ros/jazzy/opt/gz_dartsim_vendor/lib:/opt/ros/jazzy/opt/gz_cmake_vendor/lib:/opt/ros/jazzy/lib', 'HOME': '/home/nebbackwards', 'CONDA_SHLVL': '0', 'OLDPWD': '/home/nebbackwards/WPI/Classes/RBE521/Final/ros_workspace/src/RBE521', 'DESKTOP_SESSION': 'ubuntu', 'ROS_PYTHON_VERSION': '3', 'GNOME_SHELL_SESSION_MODE': 'ubuntu', 'GTK_MODULES': 'gail:atk-bridge', 'KB_LAYOUT_DIR': '/usr/lib/x86_64-linux-gnu/qt5/qml/QMLTermWidget/kb-layouts', 'PS1': '\\[\x1b(B\x1b[m\\]\\[\\033[38;5;40m\\]\\u\\[\x1b(B\x1b[m\\]\\[\\033[38;5;40m\\]@\\h\\[\x1b(B\x1b[m\\]\\[\\033[38;5;27m\\]\\w\\e[38;5;196m\\]$(parse_git_branch)\\[\x1b(B\x1b[m\\]\\[\x1b(B\x1b[m\\]\\[\\e[38;5;15m\\] \\[\x1b(B\x1b[m\\]', 'MANAGERPID': '3841', 'SYSTEMD_EXEC_PID': '4339', 'GSM_SKIP_SSH_AGENT_WORKAROUND': 'true', 'DBUS_SESSION_BUS_ADDRESS': 'unix:path=/run/user/1000/bus', 'COLORTERM': 'truecolor', '_CE_M': '', '_CONDA_ROOT': '/home/nebbackwards/miniconda3', 'GIO_LAUNCHED_DESKTOP_FILE_PID': '14032', 'GNOME_KEYRING_CONTROL': '/run/user/1000/keyring', 'DEBUGINFOD_URLS': 'https://debuginfod.ubuntu.com', 'QT_QPA_PLATFORMTHEME': '', 'IM_CONFIG_PHASE': '1', 'WAYLAND_DISPLAY': 'wayland-0', 'COLCON_PREFIX_PATH': '/home/nebbackwards/WPI/Classes/RBE521/Final/ros_workspace/install', 'ROS_DISTRO': 'jazzy', 'LOGNAME': 'nebbackwards', 'WINDOWID': '0', 'JOURNAL_STREAM': '9:30599', '_': '/usr/bin/colcon', 'ROS_VERSION': '2', 'MEMORY_PRESSURE_WATCH': '/sys/fs/cgroup/user.slice/user-1000.slice/user@1000.service/session.slice/org.gnome.SettingsDaemon.MediaKeys.service/memory.pressure', 'XDG_SESSION_CLASS': 'user', 'COLORFGBG': '15;0', 'USERNAME': 'nebbackwards', 'TERM': 'xterm', 'GNOME_DESKTOP_SESSION_ID': 'this-is-deprecated', '_CE_CONDA': '', 'PATH': '/opt/ros/jazzy/opt/gz_msgs_vendor/bin:/opt/ros/jazzy/opt/gz_tools_vendor/bin:/opt/ros/jazzy/opt/gz_ogre_next_vendor/bin:/opt/ros/jazzy/bin:/home/nebbackwards/miniconda3/condabin:/home/nebbackwards/.local/bin:/usr/local/sbin:/usr/local/bin:/usr/sbin:/usr/bin:/sbin:/bin:/usr/games:/usr/local/games:/snap/bin:/snap/bin', 'SESSION_MANAGER': 'local/thinkpad-E16:@/tmp/.ICE-unix/4085,unix/thinkpad-E16:/tmp/.ICE-unix/4085', 'INVOCATION_ID': 'bde06ef6f1b0436fa4a2100dc12ab920', 'XDG_MENU_PREFIX': 'gnome-', 'GNOME_SETUP_DISPLAY': ':1', 'XDG_RUNTIME_DIR': '/run/user/1000', 'XCURSOR_THEME': 'Yaru', 'DISPLAY': ':0', 'LANG': 'en_US.UTF-8', 'XDG_CURRENT_DESKTOP': 'ubuntu:GNOME', 'XMODIFIERS': '@im=ibus', 'XDG_SESSION_DESKTOP': 'ubuntu', 'XAUTHORITY': '/run/user/1000/.mutter-Xwaylandauth.QV91N3', 'LS_COLORS': 'rs=0:di=01;34:ln=01;36:mh=00:pi=40;33:so=01;35:do=01;35:bd=40;33;01:cd=40;33;01:or=40;31;01:mi=00:su=37;41:sg=30;43:ca=00:tw=30;42:ow=34;42:st=37;44:ex=01;32:*.tar=01;31:*.tgz=01;31:*.arc=01;31:*.arj=01;31:*.taz=01;31:*.lha=01;31:*.lz4=01;31:*.lzh=01;31:*.lzma=01;31:*.tlz=01;31:*.txz=01;31:*.tzo=01;31:*.t7z=01;31:*.zip=01;31:*.z=01;31:*.dz=01;31:*.gz=01;31:*.lrz=01;31:*.lz=01;31:*.lzo=01;31:*.xz=01;31:*.zst=01;31:*.tzst=01;31:*.bz2=01;31:*.bz=01;31:*.tbz=01;31:*.tbz2=01;31:*.tz=01;31:*.deb=01;31:*.rpm=01;31:*.jar=01;31:*.war=01;31:*.ear=01;31:*.sar=01;31:*.rar=01;31:*.alz=01;31:*.ace=01;31:*.zoo=01;31:*.cpio=01;31:*.7z=01;31:*.rz=01;31:*.cab=01;31:*.wim=01;31:*.swm=01;31:*.dwm=01;31:*.esd=01;31:*.avif=01;35:*.jpg=01;35:*.jpeg=01;35:*.mjpg=01;35:*.mjpeg=01;35:*.gif=01;35:*.bmp=01;35:*.pbm=01;35:*.pgm=01;35:*.ppm=01;35:*.tga=01;35:*.xbm=01;35:*.xpm=01;35:*.tif=01;35:*.tiff=01;35:*.png=01;35:*.svg=01;35:*.svgz=01;35:*.mng=01;35:*.pcx=01;35:*.mov=01;35:*.mpg=01;35:*.mpeg=01;35:*.m2v=01;35:*.mkv=01;35:*.webm=01;35:*.webp=01;35:*.ogm=01;35:*.mp4=01;35:*.m4v=01;35:*.mp4v=01;35:*.vob=01;35:*.qt=01;35:*.nuv=01;35:*.wmv=01;35:*.asf=01;35:*.rm=01;35:*.rmvb=01;35:*.flc=01;35:*.avi=01;35:*.fli=01;35:*.flv=01;35:*.gl=01;35:*.dl=01;35:*.xcf=01;35:*.xwd=01;35:*.yuv=01;35:*.cgm=01;35:*.emf=01;35:*.ogv=01;35:*.ogx=01;35:*.aac=00;36:*.au=00;36:*.flac=00;36:*.m4a=00;36:*.mid=00;36:*.midi=00;36:*.mka=00;36:*.mp3=00;36:*.mpc=00;36:*.ogg=00;36:*.ra=00;36:*.wav=00;36:*.oga=00;36:*.opus=00;36:*.spx=00;36:*.xspf=00;36:*~=00;90:*#=00;90:*.bak=00;90:*.crdownload=00;90:*.dpkg-dist=00;90:*.dpkg-new=00;90:*.dpkg-old=00;90:*.dpkg-tmp=00;90:*.old=00;90:*.orig=00;90:*.part=00;90:*.rej=00;90:*.rpmnew=00;90:*.rpmorig=00;90:*.rpmsave=00;90:*.swp=00;90:*.tmp=00;90:*.ucf-dist=00;90:*.ucf-new=00;90:*.ucf-old=00;90:', 'SSH_AUTH_SOCK': '/run/user/1000/keyring/ssh', 'AMENT_PREFIX_PATH': '/home/nebbackwards/WPI/Classes/RBE521/Final/ros_workspace/install/unitree_guide2:/home/nebbackwards/WPI/Classes/RBE521/Final/ros_workspace/install/ros2_unitree_legged_control:/home/nebbackwards/WPI/Classes/RBE521/Final/ros_workspace/install/ros2_unitree_legged_msgs:/home/nebbackwards/WPI/Classes/RBE521/Final/ros_workspace/install/go1_navigation:/home/nebbackwards/WPI/Classes/RBE521/Final/ros_workspace/install/go1_gazebo:/home/nebbackwards/WPI/Classes/RBE521/Final/ros_workspace/install/go1_description:/opt/ros/jazzy', 'CONDA_PYTHON_EXE': '/home/nebbackwards/miniconda3/bin/python', 'QSG_RENDER_LOOP': 'threaded', 'SHELL': '/bin/bash', 'QT_ACCESSIBILITY': '1', 'GDMSESSION': 'ubuntu', 'LESSCLOSE': '/usr/bin/lesspipe %s %s', '_CONDA_EXE': '/home/nebbackwards/miniconda3/bin/conda', 'COLORSCHEMES_DIR': '/usr/lib/x86_64-linux-gnu/qt5/qml/QMLTermWidget/color-schemes', 'ROS_AUTOMATIC_DISCOVERY_RANGE': 'SUBNET', 'QT_IM_MODULE': 'ibus', 'PWD': '/home/nebbackwards/WPI/Classes/RBE521/Final/ros_workspace/src/RBE521/unitree_guide2/build/unitree_guide2', 'XDG_CONFIG_DIRS': '/etc/xdg/xdg-ubuntu:/etc/xdg', 'CONDA_EXE': '/home/nebbackwards/miniconda3/bin/conda', 'XDG_DATA_DIRS': '/usr/share/ubuntu:/usr/share/gnome:/home/nebbackwards/.local/share/flatpak/exports/share:/var/lib/flatpak/exports/share:/usr/local/share/:/usr/share/:/var/lib/snapd/desktop', 'PYTHONPATH': '/home/nebbackwards/WPI/Classes/RBE521/Final/ros_workspace/install/ros2_unitree_legged_msgs/lib/python3.12/site-packages:/home/nebbackwards/WPI/Classes/RBE521/Final/ros_workspace/install/go1_navigation/lib/python3.12/site-packages:/opt/ros/jazzy/lib/python3.12/site-packages', 'COLCON': '1', 'MEMORY_PRESSURE_WRITE': 'c29tZSAyMDAwMDAgMjAwMDAwMAA=', 'CMAKE_PREFIX_PATH': '/home/nebbackwards/WPI/Classes/RBE521/Final/ros_workspace/install/unitree_guide2:/home/nebbackwards/WPI/Classes/RBE521/Final/ros_workspace/install/ros2_unitree_legged_control:/home/nebbackwards/WPI/Classes/RBE521/Final/ros_workspace/install/ros2_unitree_legged_msgs:/home/nebbackwards/WPI/Classes/RBE521/Final/ros_workspace/install/go1_gazebo:/home/nebbackwards/WPI/Classes/RBE521/Final/ros_workspace/install/go1_description:/opt/ros/jazzy/opt/gz_sim_vendor:/opt/ros/jazzy/opt/gz_sensors_vendor:/opt/ros/jazzy/opt/gz_physics_vendor:/opt/ros/jazzy/opt/sdformat_vendor:/opt/ros/jazzy/opt/gz_gui_vendor:/opt/ros/jazzy/opt/gz_transport_vendor:/opt/ros/jazzy/opt/gz_rendering_vendor:/opt/ros/jazzy/opt/gz_plugin_vendor:/opt/ros/jazzy/opt/gz_fuel_tools_vendor:/opt/ros/jazzy/opt/gz_msgs_vendor:/opt/ros/jazzy/opt/gz_common_vendor:/opt/ros/jazzy/opt/gz_math_vendor:/opt/ros/jazzy/opt/gz_utils_vendor:/opt/ros/jazzy/opt/gz_tools_vendor:/opt/ros/jazzy/opt/gz_ogre_next_vendor:/opt/ros/jazzy/opt/gz_dartsim_vendor:/opt/ros/jazzy/opt/gz_cmake_vendor:/home/nebbackwards/WPI/Classes/RBE521/Final/ros_workspace/install/go1_navigation:/opt/ros/jazzy'}), 'shell': False}
[0.099699] (-) TimerEvent: {}
[0.198566] (unitree_guide2) StdoutLine: {'line': b'-- The C compiler identification is GNU 13.3.0\n'}
[0.199843] (-) TimerEvent: {}
[0.300191] (-) TimerEvent: {}
[0.350701] (unitree_guide2) StdoutLine: {'line': b'-- The CXX compiler identification is GNU 13.3.0\n'}
[0.390403] (unitree_guide2) StdoutLine: {'line': b'-- Detecting C compiler ABI info\n'}
[0.400355] (-) TimerEvent: {}
[0.500816] (-) TimerEvent: {}
[0.583912] (unitree_guide2) StdoutLine: {'line': b'-- Detecting C compiler ABI info - done\n'}
[0.598881] (unitree_guide2) StdoutLine: {'line': b'-- Check for working C compiler: /usr/bin/cc - skipped\n'}
[0.600529] (unitree_guide2) StdoutLine: {'line': b'-- Detecting C compile features\n'}
[0.600819] (-) TimerEvent: {}
[0.601389] (unitree_guide2) StdoutLine: {'line': b'-- Detecting C compile features - done\n'}
[0.621913] (unitree_guide2) StdoutLine: {'line': b'-- Detecting CXX compiler ABI info\n'}
[0.701037] (-) TimerEvent: {}
[0.801552] (-) TimerEvent: {}
[0.822124] (unitree_guide2) StdoutLine: {'line': b'-- Detecting CXX compiler ABI info - done\n'}
[0.838815] (unitree_guide2) StdoutLine: {'line': b'-- Check for working CXX compiler: /usr/bin/c++ - skipped\n'}
[0.839431] (unitree_guide2) StdoutLine: {'line': b'-- Detecting CXX compile features\n'}
[0.839986] (unitree_guide2) StdoutLine: {'line': b'-- Detecting CXX compile features - done\n'}
[0.858160] (unitree_guide2) StdoutLine: {'line': b'-- Found ament_cmake: 2.5.5 (/opt/ros/jazzy/share/ament_cmake/cmake)\n'}
[0.901745] (-) TimerEvent: {}
[1.002173] (-) TimerEvent: {}
[1.102660] (-) TimerEvent: {}
[1.187420] (unitree_guide2) StdoutLine: {'line': b'-- Found Python3: /usr/bin/python3 (found version "3.12.3") found components: Interpreter \n'}
[1.202823] (-) TimerEvent: {}
[1.303267] (-) TimerEvent: {}
[1.403731] (-) TimerEvent: {}
[1.497937] (unitree_guide2) StdoutLine: {'line': b'-- Found rclpy: 7.1.9 (/opt/ros/jazzy/share/rclpy/cmake)\n'}
[1.503893] (-) TimerEvent: {}
[1.507944] (unitree_guide2) StdoutLine: {'line': b'-- Found ament_lint_auto: 0.17.4 (/opt/ros/jazzy/share/ament_lint_auto/cmake)\n'}
[1.604052] (-) TimerEvent: {}
[1.704441] (-) TimerEvent: {}
[1.734831] (unitree_guide2) StdoutLine: {'line': b'-- Found Boost: /usr/lib/x86_64-linux-gnu/cmake/Boost-1.83.0/BoostConfig.cmake (found version "1.83.0")  \n'}
[1.740250] (unitree_guide2) StdoutLine: {'line': b'-- Found controller_manager: 4.42.2 (/opt/ros/jazzy/share/controller_manager/cmake)\n'}
[1.804604] (-) TimerEvent: {}
[1.827376] (unitree_guide2) StdoutLine: {'line': b'-- Found rosidl_generator_c: 4.6.7 (/opt/ros/jazzy/share/rosidl_generator_c/cmake)\n'}
[1.848473] (unitree_guide2) StdoutLine: {'line': b'-- Found rosidl_generator_cpp: 4.6.7 (/opt/ros/jazzy/share/rosidl_generator_cpp/cmake)\n'}
[1.873850] (unitree_guide2) StdoutLine: {'line': b'-- Using all available rosidl_typesupport_c: rosidl_typesupport_fastrtps_c;rosidl_typesupport_introspection_c\n'}
[1.899816] (unitree_guide2) StdoutLine: {'line': b'-- Using all available rosidl_typesupport_cpp: rosidl_typesupport_fastrtps_cpp;rosidl_typesupport_introspection_cpp\n'}
[1.904737] (-) TimerEvent: {}
[2.001799] (unitree_guide2) StdoutLine: {'line': b'-- Found rmw_implementation_cmake: 7.3.3 (/opt/ros/jazzy/share/rmw_implementation_cmake/cmake)\n'}
[2.004876] (-) TimerEvent: {}
[2.007671] (unitree_guide2) StdoutLine: {'line': b'-- Found rmw_fastrtps_cpp: 8.4.3 (/opt/ros/jazzy/share/rmw_fastrtps_cpp/cmake)\n'}
[2.105018] (-) TimerEvent: {}
[2.131129] (unitree_guide2) StdoutLine: {'line': b'-- Found OpenSSL: /usr/lib/x86_64-linux-gnu/libcrypto.so (found version "3.0.13")  \n'}
[2.152745] (unitree_guide2) StdoutLine: {'line': b'-- Found FastRTPS: /opt/ros/jazzy/include (Required is at least version "2.13") \n'}
[2.176243] (unitree_guide2) StdoutLine: {'line': b"-- Using RMW implementation 'rmw_fastrtps_cpp' as default\n"}
[2.205180] (-) TimerEvent: {}
[2.305524] (-) TimerEvent: {}
[2.405940] (-) TimerEvent: {}
[2.506227] (-) TimerEvent: {}
[2.606590] (-) TimerEvent: {}
[2.706983] (-) TimerEvent: {}
[2.807350] (-) TimerEvent: {}
[2.831439] (unitree_guide2) StdoutLine: {'line': b'-- Found joint_trajectory_controller: 4.36.0 (/opt/ros/jazzy/share/joint_trajectory_controller/cmake)\n'}
[2.892222] (unitree_guide2) StdoutLine: {'line': b'-- Found eigen3_cmake_module: 0.3.0 (/opt/ros/jazzy/share/eigen3_cmake_module/cmake)\n'}
[2.893590] (unitree_guide2) StdoutLine: {'line': b'-- Found Eigen3: TRUE (found version "3.4.0") \n'}
[2.893818] (unitree_guide2) StdoutLine: {'line': b'-- Ensuring Eigen3 include directory is part of orocos-kdl CMake target\n'}
[2.907469] (-) TimerEvent: {}
[3.007775] (-) TimerEvent: {}
[3.013967] (unitree_guide2) StdoutLine: {'line': b'-- Found ros_gz_sim: 1.0.18 (/opt/ros/jazzy/share/ros_gz_sim/cmake)\n'}
[3.022158] (unitree_guide2) StdoutLine: {'line': b'-- Found robot_state_publisher: 3.3.3 (/opt/ros/jazzy/share/robot_state_publisher/cmake)\n'}
[3.033871] (unitree_guide2) StdoutLine: {'line': b'-- Found nav_msgs: 5.3.6 (/opt/ros/jazzy/share/nav_msgs/cmake)\n'}
[3.058966] (unitree_guide2) StdoutLine: {'line': b'-- Found ros2_unitree_legged_msgs: 0.4.0 (/home/nebbackwards/WPI/Classes/RBE521/Final/ros_workspace/install/ros2_unitree_legged_msgs/share/ros2_unitree_legged_msgs/cmake)\n'}
[3.087395] (unitree_guide2) StdoutLine: {'line': b"-- Added test 'cppcheck' to perform static code analysis on C / C++ code\n"}
[3.087740] (unitree_guide2) StdoutLine: {'line': b'-- Configured cppcheck include dirs: /home/nebbackwards/WPI/Classes/RBE521/Final/ros_workspace/src/RBE521/unitree_guide2/include\n'}
[3.087867] (unitree_guide2) StdoutLine: {'line': b'-- Configured cppcheck exclude dirs and/or files: \n'}
[3.092473] (unitree_guide2) StdoutLine: {'line': b"-- Added test 'lint_cmake' to check CMake code style\n"}
[3.103911] (unitree_guide2) StdoutLine: {'line': b"-- Added test 'uncrustify' to check C / C++ code style\n"}
[3.104143] (unitree_guide2) StdoutLine: {'line': b'-- Configured uncrustify additional arguments: \n'}
[3.105954] (unitree_guide2) StdoutLine: {'line': b"-- Added test 'xmllint' to check XML markup files\n"}
[3.107901] (-) TimerEvent: {}
[3.108789] (unitree_guide2) StdoutLine: {'line': b'-- Configuring done (3.1s)\n'}
[3.127706] (unitree_guide2) StdoutLine: {'line': b'-- Generating done (0.0s)\n'}
[3.133250] (unitree_guide2) StdoutLine: {'line': b'-- Build files have been written to: /home/nebbackwards/WPI/Classes/RBE521/Final/ros_workspace/src/RBE521/unitree_guide2/build/unitree_guide2\n'}
[3.147070] (unitree_guide2) CommandEnded: {'returncode': 0}
[3.147765] (unitree_guide2) JobProgress: {'identifier': 'unitree_guide2', 'progress': 'build'}
[3.148485] (unitree_guide2) Command: {'cmd': ['/usr/bin/cmake', '--build', '/home/nebbackwards/WPI/Classes/RBE521/Final/ros_workspace/src/RBE521/unitree_guide2/build/unitree_guide2', '--', '-j16', '-l16'], 'cwd': '/home/nebbackwards/WPI/Classes/RBE521/Final/ros_workspace/src/RBE521/unitree_guide2/build/unitree_guide2', 'env': OrderedDict({'LESSOPEN': '| /usr/bin/lesspipe %s', 'GZ_SIM_RESOURCE_PATH': '/opt/ros/jazzy/share', 'LANGUAGE': '', 'USER': 'nebbackwards', 'GZ_CONFIG_PATH': '/opt/ros/jazzy/opt/gz_sim_vendor/share/gz:/opt/ros/jazzy/opt/sdformat_vendor/share/gz:/opt/ros/jazzy/opt/gz_gui_vendor/share/gz:/opt/ros/jazzy/opt/gz_transport_vendor/share/gz:/opt/ros/jazzy/opt/gz_rendering_vendor/share/gz:/opt/ros/jazzy/opt/gz_plugin_vendor/share/gz:/opt/ros/jazzy/opt/gz_fuel_tools_vendor/share/gz:/opt/ros/jazzy/opt/gz_msgs_vendor/share/gz:/opt/ros/jazzy/opt/gz_common_vendor/share/gz', 'XDG_SESSION_TYPE': 'wayland', 'XCURSOR_SIZE': '24', 'SHLVL': '1', 'LD_LIBRARY_PATH': '/home/nebbackwards/WPI/Classes/RBE521/Final/ros_workspace/install/ros2_unitree_legged_control/lib:/home/nebbackwards/WPI/Classes/RBE521/Final/ros_workspace/install/ros2_unitree_legged_msgs/lib:/opt/ros/jazzy/opt/gz_sim_vendor/lib:/opt/ros/jazzy/opt/gz_sensors_vendor/lib:/opt/ros/jazzy/opt/gz_physics_vendor/lib:/opt/ros/jazzy/opt/sdformat_vendor/lib:/opt/ros/jazzy/opt/rviz_ogre_vendor/lib:/opt/ros/jazzy/lib/x86_64-linux-gnu:/opt/ros/jazzy/opt/gz_gui_vendor/lib:/opt/ros/jazzy/opt/gz_transport_vendor/lib:/opt/ros/jazzy/opt/gz_rendering_vendor/lib:/opt/ros/jazzy/opt/gz_plugin_vendor/lib:/opt/ros/jazzy/opt/gz_fuel_tools_vendor/lib:/opt/ros/jazzy/opt/gz_msgs_vendor/lib:/opt/ros/jazzy/opt/gz_common_vendor/lib:/opt/ros/jazzy/opt/gz_math_vendor/lib:/opt/ros/jazzy/opt/gz_utils_vendor/lib:/opt/ros/jazzy/opt/gz_tools_vendor/lib:/opt/ros/jazzy/opt/gz_ogre_next_vendor/lib:/opt/ros/jazzy/opt/gz_dartsim_vendor/lib:/opt/ros/jazzy/opt/gz_cmake_vendor/lib:/opt/ros/jazzy/lib', 'HOME': '/home/nebbackwards', 'CONDA_SHLVL': '0', 'OLDPWD': '/home/nebbackwards/WPI/Classes/RBE521/Final/ros_workspace/src/RBE521', 'DESKTOP_SESSION': 'ubuntu', 'ROS_PYTHON_VERSION': '3', 'GNOME_SHELL_SESSION_MODE': 'ubuntu', 'GTK_MODULES': 'gail:atk-bridge', 'KB_LAYOUT_DIR': '/usr/lib/x86_64-linux-gnu/qt5/qml/QMLTermWidget/kb-layouts', 'PS1': '\\[\x1b(B\x1b[m\\]\\[\\033[38;5;40m\\]\\u\\[\x1b(B\x1b[m\\]\\[\\033[38;5;40m\\]@\\h\\[\x1b(B\x1b[m\\]\\[\\033[38;5;27m\\]\\w\\e[38;5;196m\\]$(parse_git_branch)\\[\x1b(B\x1b[m\\]\\[\x1b(B\x1b[m\\]\\[\\e[38;5;15m\\] \\[\x1b(B\x1b[m\\]', 'MANAGERPID': '3841', 'SYSTEMD_EXEC_PID': '4339', 'GSM_SKIP_SSH_AGENT_WORKAROUND': 'true', 'DBUS_SESSION_BUS_ADDRESS': 'unix:path=/run/user/1000/bus', 'COLORTERM': 'truecolor', '_CE_M': '', '_CONDA_ROOT': '/home/nebbackwards/miniconda3', 'GIO_LAUNCHED_DESKTOP_FILE_PID': '14032', 'GNOME_KEYRING_CONTROL': '/run/user/1000/keyring', 'DEBUGINFOD_URLS': 'https://debuginfod.ubuntu.com', 'QT_QPA_PLATFORMTHEME': '', 'IM_CONFIG_PHASE': '1', 'WAYLAND_DISPLAY': 'wayland-0', 'COLCON_PREFIX_PATH': '/home/nebbackwards/WPI/Classes/RBE521/Final/ros_workspace/install', 'ROS_DISTRO': 'jazzy', 'LOGNAME': 'nebbackwards', 'WINDOWID': '0', 'JOURNAL_STREAM': '9:30599', '_': '/usr/bin/colcon', 'ROS_VERSION': '2', 'MEMORY_PRESSURE_WATCH': '/sys/fs/cgroup/user.slice/user-1000.slice/user@1000.service/session.slice/org.gnome.SettingsDaemon.MediaKeys.service/memory.pressure', 'XDG_SESSION_CLASS': 'user', 'COLORFGBG': '15;0', 'USERNAME': 'nebbackwards', 'TERM': 'xterm', 'GNOME_DESKTOP_SESSION_ID': 'this-is-deprecated', '_CE_CONDA': '', 'PATH': '/opt/ros/jazzy/opt/gz_msgs_vendor/bin:/opt/ros/jazzy/opt/gz_tools_vendor/bin:/opt/ros/jazzy/opt/gz_ogre_next_vendor/bin:/opt/ros/jazzy/bin:/home/nebbackwards/miniconda3/condabin:/home/nebbackwards/.local/bin:/usr/local/sbin:/usr/local/bin:/usr/sbin:/usr/bin:/sbin:/bin:/usr/games:/usr/local/games:/snap/bin:/snap/bin', 'SESSION_MANAGER': 'local/thinkpad-E16:@/tmp/.ICE-unix/4085,unix/thinkpad-E16:/tmp/.ICE-unix/4085', 'INVOCATION_ID': 'bde06ef6f1b0436fa4a2100dc12ab920', 'XDG_MENU_PREFIX': 'gnome-', 'GNOME_SETUP_DISPLAY': ':1', 'XDG_RUNTIME_DIR': '/run/user/1000', 'XCURSOR_THEME': 'Yaru', 'DISPLAY': ':0', 'LANG': 'en_US.UTF-8', 'XDG_CURRENT_DESKTOP': 'ubuntu:GNOME', 'XMODIFIERS': '@im=ibus', 'XDG_SESSION_DESKTOP': 'ubuntu', 'XAUTHORITY': '/run/user/1000/.mutter-Xwaylandauth.QV91N3', 'LS_COLORS': 'rs=0:di=01;34:ln=01;36:mh=00:pi=40;33:so=01;35:do=01;35:bd=40;33;01:cd=40;33;01:or=40;31;01:mi=00:su=37;41:sg=30;43:ca=00:tw=30;42:ow=34;42:st=37;44:ex=01;32:*.tar=01;31:*.tgz=01;31:*.arc=01;31:*.arj=01;31:*.taz=01;31:*.lha=01;31:*.lz4=01;31:*.lzh=01;31:*.lzma=01;31:*.tlz=01;31:*.txz=01;31:*.tzo=01;31:*.t7z=01;31:*.zip=01;31:*.z=01;31:*.dz=01;31:*.gz=01;31:*.lrz=01;31:*.lz=01;31:*.lzo=01;31:*.xz=01;31:*.zst=01;31:*.tzst=01;31:*.bz2=01;31:*.bz=01;31:*.tbz=01;31:*.tbz2=01;31:*.tz=01;31:*.deb=01;31:*.rpm=01;31:*.jar=01;31:*.war=01;31:*.ear=01;31:*.sar=01;31:*.rar=01;31:*.alz=01;31:*.ace=01;31:*.zoo=01;31:*.cpio=01;31:*.7z=01;31:*.rz=01;31:*.cab=01;31:*.wim=01;31:*.swm=01;31:*.dwm=01;31:*.esd=01;31:*.avif=01;35:*.jpg=01;35:*.jpeg=01;35:*.mjpg=01;35:*.mjpeg=01;35:*.gif=01;35:*.bmp=01;35:*.pbm=01;35:*.pgm=01;35:*.ppm=01;35:*.tga=01;35:*.xbm=01;35:*.xpm=01;35:*.tif=01;35:*.tiff=01;35:*.png=01;35:*.svg=01;35:*.svgz=01;35:*.mng=01;35:*.pcx=01;35:*.mov=01;35:*.mpg=01;35:*.mpeg=01;35:*.m2v=01;35:*.mkv=01;35:*.webm=01;35:*.webp=01;35:*.ogm=01;35:*.mp4=01;35:*.m4v=01;35:*.mp4v=01;35:*.vob=01;35:*.qt=01;35:*.nuv=01;35:*.wmv=01;35:*.asf=01;35:*.rm=01;35:*.rmvb=01;35:*.flc=01;35:*.avi=01;35:*.fli=01;35:*.flv=01;35:*.gl=01;35:*.dl=01;35:*.xcf=01;35:*.xwd=01;35:*.yuv=01;35:*.cgm=01;35:*.emf=01;35:*.ogv=01;35:*.ogx=01;35:*.aac=00;36:*.au=00;36:*.flac=00;36:*.m4a=00;36:*.mid=00;36:*.midi=00;36:*.mka=00;36:*.mp3=00;36:*.mpc=00;36:*.ogg=00;36:*.ra=00;36:*.wav=00;36:*.oga=00;36:*.opus=00;36:*.spx=00;36:*.xspf=00;36:*~=00;90:*#=00;90:*.bak=00;90:*.crdownload=00;90:*.dpkg-dist=00;90:*.dpkg-new=00;90:*.dpkg-old=00;90:*.dpkg-tmp=00;90:*.old=00;90:*.orig=00;90:*.part=00;90:*.rej=00;90:*.rpmnew=00;90:*.rpmorig=00;90:*.rpmsave=00;90:*.swp=00;90:*.tmp=00;90:*.ucf-dist=00;90:*.ucf-new=00;90:*.ucf-old=00;90:', 'SSH_AUTH_SOCK': '/run/user/1000/keyring/ssh', 'AMENT_PREFIX_PATH': '/home/nebbackwards/WPI/Classes/RBE521/Final/ros_workspace/install/unitree_guide2:/home/nebbackwards/WPI/Classes/RBE521/Final/ros_workspace/install/ros2_unitree_legged_control:/home/nebbackwards/WPI/Classes/RBE521/Final/ros_workspace/install/ros2_unitree_legged_msgs:/home/nebbackwards/WPI/Classes/RBE521/Final/ros_workspace/install/go1_navigation:/home/nebbackwards/WPI/Classes/RBE521/Final/ros_workspace/install/go1_gazebo:/home/nebbackwards/WPI/Classes/RBE521/Final/ros_workspace/install/go1_description:/opt/ros/jazzy', 'CONDA_PYTHON_EXE': '/home/nebbackwards/miniconda3/bin/python', 'QSG_RENDER_LOOP': 'threaded', 'SHELL': '/bin/bash', 'QT_ACCESSIBILITY': '1', 'GDMSESSION': 'ubuntu', 'LESSCLOSE': '/usr/bin/lesspipe %s %s', '_CONDA_EXE': '/home/nebbackwards/miniconda3/bin/conda', 'COLORSCHEMES_DIR': '/usr/lib/x86_64-linux-gnu/qt5/qml/QMLTermWidget/color-schemes', 'ROS_AUTOMATIC_DISCOVERY_RANGE': 'SUBNET', 'QT_IM_MODULE': 'ibus', 'PWD': '/home/nebbackwards/WPI/Classes/RBE521/Final/ros_workspace/src/RBE521/unitree_guide2/build/unitree_guide2', 'XDG_CONFIG_DIRS': '/etc/xdg/xdg-ubuntu:/etc/xdg', 'CONDA_EXE': '/home/nebbackwards/miniconda3/bin/conda', 'XDG_DATA_DIRS': '/usr/share/ubuntu:/usr/share/gnome:/home/nebbackwards/.local/share/flatpak/exports/share:/var/lib/flatpak/exports/share:/usr/local/share/:/usr/share/:/var/lib/snapd/desktop', 'PYTHONPATH': '/home/nebbackwards/WPI/Classes/RBE521/Final/ros_workspace/install/ros2_unitree_legged_msgs/lib/python3.12/site-packages:/home/nebbackwards/WPI/Classes/RBE521/Final/ros_workspace/install/go1_navigation/lib/python3.12/site-packages:/opt/ros/jazzy/lib/python3.12/site-packages', 'COLCON': '1', 'MEMORY_PRESSURE_WRITE': 'c29tZSAyMDAwMDAgMjAwMDAwMAA=', 'CMAKE_PREFIX_PATH': '/home/nebbackwards/WPI/Classes/RBE521/Final/ros_workspace/install/unitree_guide2:/home/nebbackwards/WPI/Classes/RBE521/Final/ros_workspace/install/ros2_unitree_legged_control:/home/nebbackwards/WPI/Classes/RBE521/Final/ros_workspace/install/ros2_unitree_legged_msgs:/home/nebbackwards/WPI/Classes/RBE521/Final/ros_workspace/install/go1_gazebo:/home/nebbackwards/WPI/Classes/RBE521/Final/ros_workspace/install/go1_description:/opt/ros/jazzy/opt/gz_sim_vendor:/opt/ros/jazzy/opt/gz_sensors_vendor:/opt/ros/jazzy/opt/gz_physics_vendor:/opt/ros/jazzy/opt/sdformat_vendor:/opt/ros/jazzy/opt/gz_gui_vendor:/opt/ros/jazzy/opt/gz_transport_vendor:/opt/ros/jazzy/opt/gz_rendering_vendor:/opt/ros/jazzy/opt/gz_plugin_vendor:/opt/ros/jazzy/opt/gz_fuel_tools_vendor:/opt/ros/jazzy/opt/gz_msgs_vendor:/opt/ros/jazzy/opt/gz_common_vendor:/opt/ros/jazzy/opt/gz_math_vendor:/opt/ros/jazzy/opt/gz_utils_vendor:/opt/ros/jazzy/opt/gz_tools_vendor:/opt/ros/jazzy/opt/gz_ogre_next_vendor:/opt/ros/jazzy/opt/gz_dartsim_vendor:/opt/ros/jazzy/opt/gz_cmake_vendor:/home/nebbackwards/WPI/Classes/RBE521/Final/ros_workspace/install/go1_navigation:/opt/ros/jazzy'}), 'shell': False}
[3.208737] (-) TimerEvent: {}
[3.217576] (unitree_guide2) StdoutLine: {'line': b'[ 13%] \x1b[32mBuilding CXX object CMakeFiles/junior_ctrl.dir/src/FSM/State_FixedStand.cpp.o\x1b[0m\n'}
[3.217970] (unitree_guide2) StdoutLine: {'line': b'[ 13%] \x1b[32mBuilding CXX object CMakeFiles/junior_ctrl.dir/src/FSM/FSMState.cpp.o\x1b[0m\n'}
[3.218266] (unitree_guide2) StdoutLine: {'line': b'[ 13%] \x1b[32mBuilding CXX object CMakeFiles/junior_ctrl.dir/src/FSM/State_Passive.cpp.o\x1b[0m\n'}
[3.218446] (unitree_guide2) StdoutLine: {'line': b'[ 20%] \x1b[32mBuilding CXX object CMakeFiles/junior_ctrl.dir/src/FSM/FSM.cpp.o\x1b[0m\n'}
[3.218726] (unitree_guide2) StdoutLine: {'line': b'[ 13%] \x1b[32mBuilding CXX object CMakeFiles/junior_ctrl.dir/src/FSM/State_GaitTransition.cpp.o\x1b[0m\n'}
[3.218892] (unitree_guide2) StdoutLine: {'line': b'[ 24%] \x1b[32mBuilding CXX object CMakeFiles/junior_ctrl.dir/src/FSM/State_SwingTest.cpp.o\x1b[0m\n'}
[3.219150] (unitree_guide2) StdoutLine: {'line': b'[ 27%] \x1b[32mBuilding CXX object CMakeFiles/junior_ctrl.dir/src/FSM/State_Trotting.cpp.o\x1b[0m\n'}
[3.219784] (unitree_guide2) StdoutLine: {'line': b'[ 31%] \x1b[32mBuilding CXX object CMakeFiles/junior_ctrl.dir/src/FSM/State_FreeStand.cpp.o\x1b[0m\n'}
[3.220096] (unitree_guide2) StdoutLine: {'line': b'[ 34%] \x1b[32mBuilding CXX object CMakeFiles/junior_ctrl.dir/src/FSM/State_BalanceTest.cpp.o\x1b[0m\n'}
[3.220275] (unitree_guide2) StdoutLine: {'line': b'[ 34%] \x1b[32mBuilding CXX object CMakeFiles/junior_ctrl.dir/src/FSM/State_move_base.cpp.o\x1b[0m\n'}
[3.220650] (unitree_guide2) StdoutLine: {'line': b'[ 44%] \x1b[32mBuilding CXX object CMakeFiles/junior_ctrl.dir/src/FSM/State_StepTest.cpp.o\x1b[0m\n'}
[3.220923] (unitree_guide2) StdoutLine: {'line': b'[ 44%] \x1b[32mBuilding CXX object CMakeFiles/junior_ctrl.dir/src/Gait/FeetEndCal.cpp.o\x1b[0m\n'}
[3.221128] (unitree_guide2) StdoutLine: {'line': b'[ 44%] \x1b[32mBuilding CXX object CMakeFiles/junior_ctrl.dir/src/Gait/GaitGenerator.cpp.o\x1b[0m\n'}
[3.221257] (unitree_guide2) StdoutLine: {'line': b'[ 48%] \x1b[32mBuilding CXX object CMakeFiles/junior_ctrl.dir/src/FSM/State_move_gait.cpp.o\x1b[0m\n'}
[3.222088] (unitree_guide2) StdoutLine: {'line': b'[ 51%] \x1b[32mBuilding CXX object CMakeFiles/junior_ctrl.dir/src/main.cpp.o\x1b[0m\n'}
[3.222422] (unitree_guide2) StdoutLine: {'line': b'[ 55%] \x1b[32mBuilding CXX object CMakeFiles/junior_ctrl.dir/src/Gait/WaveGenerator.cpp.o\x1b[0m\n'}
[3.308878] (-) TimerEvent: {}
[3.410724] (-) TimerEvent: {}
[3.511778] (-) TimerEvent: {}
[3.612291] (-) TimerEvent: {}
[3.713800] (-) TimerEvent: {}
[3.814337] (-) TimerEvent: {}
[3.914759] (-) TimerEvent: {}
[4.015873] (-) TimerEvent: {}
[4.119028] (-) TimerEvent: {}
[4.219562] (-) TimerEvent: {}
[4.323940] (-) TimerEvent: {}
[4.424434] (-) TimerEvent: {}
[4.524972] (-) TimerEvent: {}
[4.627532] (-) TimerEvent: {}
[4.728039] (-) TimerEvent: {}
[4.828509] (-) TimerEvent: {}
[4.928993] (-) TimerEvent: {}
[5.029533] (-) TimerEvent: {}
[5.130755] (-) TimerEvent: {}
[5.231223] (-) TimerEvent: {}
[5.331736] (-) TimerEvent: {}
[5.432740] (-) TimerEvent: {}
[5.533265] (-) TimerEvent: {}
[5.634886] (-) TimerEvent: {}
[5.735298] (-) TimerEvent: {}
[5.835768] (-) TimerEvent: {}
[5.936961] (-) TimerEvent: {}
[6.015141] (unitree_guide2) StderrLine: {'line': b'In file included from \x1b[01m\x1b[K/home/nebbackwards/WPI/Classes/RBE521/Final/ros_workspace/src/RBE521/unitree_guide2/include/message/LowlevelCmd.h:8\x1b[m\x1b[K,\n'}
[6.015721] (unitree_guide2) StderrLine: {'line': b'                 from \x1b[01m\x1b[K/home/nebbackwards/WPI/Classes/RBE521/Final/ros_workspace/src/RBE521/unitree_guide2/include/control/CtrlComponents.h:7\x1b[m\x1b[K,\n'}
[6.015967] (unitree_guide2) StderrLine: {'line': b'                 from \x1b[01m\x1b[K/home/nebbackwards/WPI/Classes/RBE521/Final/ros_workspace/src/RBE521/unitree_guide2/include/FSM/FSMState.h:10\x1b[m\x1b[K,\n'}
[6.016148] (unitree_guide2) StderrLine: {'line': b'                 from \x1b[01m\x1b[K/home/nebbackwards/WPI/Classes/RBE521/Final/ros_workspace/src/RBE521/unitree_guide2/include/FSM/State_Trotting.h:7\x1b[m\x1b[K,\n'}
[6.016318] (unitree_guide2) StderrLine: {'line': b'                 from \x1b[01m\x1b[K/home/nebbackwards/WPI/Classes/RBE521/Final/ros_workspace/src/RBE521/unitree_guide2/include/FSM/State_move_gait.h:43\x1b[m\x1b[K,\n'}
[6.016484] (unitree_guide2) StderrLine: {'line': b'                 from \x1b[01m\x1b[K/home/nebbackwards/WPI/Classes/RBE521/Final/ros_workspace/src/RBE521/unitree_guide2/src/FSM/State_move_gait.cpp:54\x1b[m\x1b[K:\n'}
[6.016666] (unitree_guide2) StderrLine: {'line': b'\x1b[01m\x1b[K/home/nebbackwards/WPI/Classes/RBE521/Final/ros_workspace/src/RBE521/unitree_guide2/include/common/mathTools.h:\x1b[m\x1b[K In constructor \xe2\x80\x98\x1b[01m\x1b[KAvgCov::\x1b[01;32m\x1b[KAvgCov\x1b[m\x1b[K(unsigned int, std::string, bool, unsigned int, unsigned int, double)\x1b[m\x1b[K\xe2\x80\x99:\n'}
[6.016995] (unitree_guide2) StderrLine: {'line': b'\x1b[01m\x1b[K/home/nebbackwards/WPI/Classes/RBE521/Final/ros_workspace/src/RBE521/unitree_guide2/include/common/mathTools.h:278:17:\x1b[m\x1b[K \x1b[01;35m\x1b[Kwarning: \x1b[m\x1b[K\xe2\x80\x98\x1b[01m\x1b[KAvgCov::_valueName\x1b[m\x1b[K\xe2\x80\x99 will be initialized after [\x1b[01;35m\x1b[K\x1b]8;;https://gcc.gnu.org/onlinedocs/gcc/Warning-Options.html#index-Wreorder\x07-Wreorder\x1b]8;;\x07\x1b[m\x1b[K]\n'}
[6.017191] (unitree_guide2) StderrLine: {'line': b'  278 |     std::string \x1b[01;35m\x1b[K_valueName\x1b[m\x1b[K;\n'}
[6.017359] (unitree_guide2) StderrLine: {'line': b'      |                 \x1b[01;35m\x1b[K^~~~~~~~~~\x1b[m\x1b[K\n'}
[6.017499] (unitree_guide2) StderrLine: {'line': b'\x1b[01m\x1b[K/home/nebbackwards/WPI/Classes/RBE521/Final/ros_workspace/src/RBE521/unitree_guide2/include/common/mathTools.h:272:10:\x1b[m\x1b[K \x1b[01;35m\x1b[Kwarning: \x1b[m\x1b[K  \xe2\x80\x98\x1b[01m\x1b[Kbool AvgCov::_avgOnly\x1b[m\x1b[K\xe2\x80\x99 [\x1b[01;35m\x1b[K\x1b]8;;https://gcc.gnu.org/onlinedocs/gcc/Warning-Options.html#index-Wreorder\x07-Wreorder\x1b]8;;\x07\x1b[m\x1b[K]\n'}
[6.017692] (unitree_guide2) StderrLine: {'line': b'  272 |     bool \x1b[01;35m\x1b[K_avgOnly\x1b[m\x1b[K;\n'}
[6.017861] (unitree_guide2) StderrLine: {'line': b'      |          \x1b[01;35m\x1b[K^~~~~~~~\x1b[m\x1b[K\n'}
[6.018007] (unitree_guide2) StderrLine: {'line': b'\x1b[01m\x1b[K/home/nebbackwards/WPI/Classes/RBE521/Final/ros_workspace/src/RBE521/unitree_guide2/include/common/mathTools.h:246:5:\x1b[m\x1b[K \x1b[01;35m\x1b[Kwarning: \x1b[m\x1b[K  when initialized here [\x1b[01;35m\x1b[K\x1b]8;;https://gcc.gnu.org/onlinedocs/gcc/Warning-Options.html#index-Wreorder\x07-Wreorder\x1b]8;;\x07\x1b[m\x1b[K]\n'}
[6.018163] (unitree_guide2) StderrLine: {'line': b'  246 |     \x1b[01;35m\x1b[KAvgCov\x1b[m\x1b[K(unsigned int size, std::string name, bool avgOnly=false, unsigned int showPeriod=1000, unsigned int waitCount=5000, double zoomFactor=10000)\n'}
[6.018316] (unitree_guide2) StderrLine: {'line': b'      |     \x1b[01;35m\x1b[K^~~~~~\x1b[m\x1b[K\n'}
[6.037748] (unitree_guide2) StderrLine: {'line': b'In file included from \x1b[01m\x1b[K/home/nebbackwards/WPI/Classes/RBE521/Final/ros_workspace/src/RBE521/unitree_guide2/include/message/LowlevelCmd.h:8\x1b[m\x1b[K,\n'}
[6.038154] (-) TimerEvent: {}
[6.038361] (unitree_guide2) StderrLine: {'line': b'                 from \x1b[01m\x1b[K/home/nebbackwards/WPI/Classes/RBE521/Final/ros_workspace/src/RBE521/unitree_guide2/include/control/CtrlComponents.h:7\x1b[m\x1b[K,\n'}
[6.038600] (unitree_guide2) StderrLine: {'line': b'                 from \x1b[01m\x1b[K/home/nebbackwards/WPI/Classes/RBE521/Final/ros_workspace/src/RBE521/unitree_guide2/include/FSM/FSMState.h:10\x1b[m\x1b[K,\n'}
[6.038809] (unitree_guide2) StderrLine: {'line': b'                 from \x1b[01m\x1b[K/home/nebbackwards/WPI/Classes/RBE521/Final/ros_workspace/src/RBE521/unitree_guide2/include/FSM/State_BalanceTest.h:7\x1b[m\x1b[K,\n'}
[6.038981] (unitree_guide2) StderrLine: {'line': b'                 from \x1b[01m\x1b[K/home/nebbackwards/WPI/Classes/RBE521/Final/ros_workspace/src/RBE521/unitree_guide2/src/FSM/State_BalanceTest.cpp:4\x1b[m\x1b[K:\n'}
[6.039159] (unitree_guide2) StderrLine: {'line': b'\x1b[01m\x1b[K/home/nebbackwards/WPI/Classes/RBE521/Final/ros_workspace/src/RBE521/unitree_guide2/include/common/mathTools.h:\x1b[m\x1b[K In constructor \xe2\x80\x98\x1b[01m\x1b[KAvgCov::\x1b[01;32m\x1b[KAvgCov\x1b[m\x1b[K(unsigned int, std::string, bool, unsigned int, unsigned int, double)\x1b[m\x1b[K\xe2\x80\x99:\n'}
[6.039328] (unitree_guide2) StderrLine: {'line': b'\x1b[01m\x1b[K/home/nebbackwards/WPI/Classes/RBE521/Final/ros_workspace/src/RBE521/unitree_guide2/include/common/mathTools.h:278:17:\x1b[m\x1b[K \x1b[01;35m\x1b[Kwarning: \x1b[m\x1b[K\xe2\x80\x98\x1b[01m\x1b[KAvgCov::_valueName\x1b[m\x1b[K\xe2\x80\x99 will be initialized after [\x1b[01;35m\x1b[K\x1b]8;;https://gcc.gnu.org/onlinedocs/gcc/Warning-Options.html#index-Wreorder\x07-Wreorder\x1b]8;;\x07\x1b[m\x1b[K]\n'}
[6.039533] (unitree_guide2) StderrLine: {'line': b'  278 |     std::string \x1b[01;35m\x1b[K_valueName\x1b[m\x1b[K;\n'}
[6.039746] (unitree_guide2) StderrLine: {'line': b'      |                 \x1b[01;35m\x1b[K^~~~~~~~~~\x1b[m\x1b[K\n'}
[6.039940] (unitree_guide2) StderrLine: {'line': b'\x1b[01m\x1b[K/home/nebbackwards/WPI/Classes/RBE521/Final/ros_workspace/src/RBE521/unitree_guide2/include/common/mathTools.h:272:10:\x1b[m\x1b[K \x1b[01;35m\x1b[Kwarning: \x1b[m\x1b[K  \xe2\x80\x98\x1b[01m\x1b[Kbool AvgCov::_avgOnly\x1b[m\x1b[K\xe2\x80\x99 [\x1b[01;35m\x1b[K\x1b]8;;https://gcc.gnu.org/onlinedocs/gcc/Warning-Options.html#index-Wreorder\x07-Wreorder\x1b]8;;\x07\x1b[m\x1b[K]\n'}
[6.040158] (unitree_guide2) StderrLine: {'line': b'  272 |     bool \x1b[01;35m\x1b[K_avgOnly\x1b[m\x1b[K;\n'}
[6.040362] (unitree_guide2) StderrLine: {'line': b'      |          \x1b[01;35m\x1b[K^~~~~~~~\x1b[m\x1b[K\n'}
[6.040570] (unitree_guide2) StderrLine: {'line': b'\x1b[01m\x1b[K/home/nebbackwards/WPI/Classes/RBE521/Final/ros_workspace/src/RBE521/unitree_guide2/include/common/mathTools.h:246:5:\x1b[m\x1b[K \x1b[01;35m\x1b[Kwarning: \x1b[m\x1b[K  when initialized here [\x1b[01;35m\x1b[K\x1b]8;;https://gcc.gnu.org/onlinedocs/gcc/Warning-Options.html#index-Wreorder\x07-Wreorder\x1b]8;;\x07\x1b[m\x1b[K]\n'}
[6.044017] (unitree_guide2) StderrLine: {'line': b'  246 |     \x1b[01;35m\x1b[KAvgCov\x1b[m\x1b[K(unsigned int size, std::string name, bool avgOnly=false, unsigned int showPeriod=1000, unsigned int waitCount=5000, double zoomFactor=10000)\n'}
[6.044227] (unitree_guide2) StderrLine: {'line': b'      |     \x1b[01;35m\x1b[K^~~~~~\x1b[m\x1b[K\n'}
[6.053726] (unitree_guide2) StderrLine: {'line': b'In file included from \x1b[01m\x1b[K/home/nebbackwards/WPI/Classes/RBE521/Final/ros_workspace/src/RBE521/unitree_guide2/include/message/LowlevelCmd.h:8\x1b[m\x1b[K,\n'}
[6.054115] (unitree_guide2) StderrLine: {'line': b'                 from \x1b[01m\x1b[K/home/nebbackwards/WPI/Classes/RBE521/Final/ros_workspace/src/RBE521/unitree_guide2/include/control/CtrlComponents.h:7\x1b[m\x1b[K,\n'}
[6.054317] (unitree_guide2) StderrLine: {'line': b'                 from \x1b[01m\x1b[K/home/nebbackwards/WPI/Classes/RBE521/Final/ros_workspace/src/RBE521/unitree_guide2/include/FSM/FSMState.h:10\x1b[m\x1b[K,\n'}
[6.054518] (unitree_guide2) StderrLine: {'line': b'                 from \x1b[01m\x1b[K/home/nebbackwards/WPI/Classes/RBE521/Final/ros_workspace/src/RBE521/unitree_guide2/include/FSM/FSM.h:8\x1b[m\x1b[K,\n'}
[6.054756] (unitree_guide2) StderrLine: {'line': b'                 from \x1b[01m\x1b[K/home/nebbackwards/WPI/Classes/RBE521/Final/ros_workspace/src/RBE521/unitree_guide2/src/FSM/FSM.cpp:4\x1b[m\x1b[K:\n'}
[6.054971] (unitree_guide2) StderrLine: {'line': b'\x1b[01m\x1b[K/home/nebbackwards/WPI/Classes/RBE521/Final/ros_workspace/src/RBE521/unitree_guide2/include/common/mathTools.h:\x1b[m\x1b[K In constructor \xe2\x80\x98\x1b[01m\x1b[KAvgCov::\x1b[01;32m\x1b[KAvgCov\x1b[m\x1b[K(unsigned int, std::string, bool, unsigned int, unsigned int, double)\x1b[m\x1b[K\xe2\x80\x99:\n'}
[6.055177] (unitree_guide2) StderrLine: {'line': b'\x1b[01m\x1b[K/home/nebbackwards/WPI/Classes/RBE521/Final/ros_workspace/src/RBE521/unitree_guide2/include/common/mathTools.h:278:17:\x1b[m\x1b[K \x1b[01;35m\x1b[Kwarning: \x1b[m\x1b[K\xe2\x80\x98\x1b[01m\x1b[KAvgCov::_valueName\x1b[m\x1b[K\xe2\x80\x99 will be initialized after [\x1b[01;35m\x1b[K\x1b]8;;https://gcc.gnu.org/onlinedocs/gcc/Warning-Options.html#index-Wreorder\x07-Wreorder\x1b]8;;\x07\x1b[m\x1b[K]\n'}
[6.055367] (unitree_guide2) StderrLine: {'line': b'  278 |     std::string \x1b[01;35m\x1b[K_valueName\x1b[m\x1b[K;\n'}
[6.055522] (unitree_guide2) StderrLine: {'line': b'      |                 \x1b[01;35m\x1b[K^~~~~~~~~~\x1b[m\x1b[K\n'}
[6.055713] (unitree_guide2) StderrLine: {'line': b'\x1b[01m\x1b[K/home/nebbackwards/WPI/Classes/RBE521/Final/ros_workspace/src/RBE521/unitree_guide2/include/common/mathTools.h:272:10:\x1b[m\x1b[K \x1b[01;35m\x1b[Kwarning: \x1b[m\x1b[K  \xe2\x80\x98\x1b[01m\x1b[Kbool AvgCov::_avgOnly\x1b[m\x1b[K\xe2\x80\x99 [\x1b[01;35m\x1b[K\x1b]8;;https://gcc.gnu.org/onlinedocs/gcc/Warning-Options.html#index-Wreorder\x07-Wreorder\x1b]8;;\x07\x1b[m\x1b[K]\n'}
[6.055906] (unitree_guide2) StderrLine: {'line': b'  272 |     bool \x1b[01;35m\x1b[K_avgOnly\x1b[m\x1b[K;\n'}
[6.056061] (unitree_guide2) StderrLine: {'line': b'      |          \x1b[01;35m\x1b[K^~~~~~~~\x1b[m\x1b[K\n'}
[6.056215] (unitree_guide2) StderrLine: {'line': b'\x1b[01m\x1b[K/home/nebbackwards/WPI/Classes/RBE521/Final/ros_workspace/src/RBE521/unitree_guide2/include/common/mathTools.h:246:5:\x1b[m\x1b[K \x1b[01;35m\x1b[Kwarning: \x1b[m\x1b[K  when initialized here [\x1b[01;35m\x1b[K\x1b]8;;https://gcc.gnu.org/onlinedocs/gcc/Warning-Options.html#index-Wreorder\x07-Wreorder\x1b]8;;\x07\x1b[m\x1b[K]\n'}
[6.056376] (unitree_guide2) StderrLine: {'line': b'  246 |     \x1b[01;35m\x1b[KAvgCov\x1b[m\x1b[K(unsigned int size, std::string name, bool avgOnly=false, unsigned int showPeriod=1000, unsigned int waitCount=5000, double zoomFactor=10000)\n'}
[6.056538] (unitree_guide2) StderrLine: {'line': b'      |     \x1b[01;35m\x1b[K^~~~~~\x1b[m\x1b[K\n'}
[6.097425] (unitree_guide2) StderrLine: {'line': b'In file included from \x1b[01m\x1b[K/home/nebbackwards/WPI/Classes/RBE521/Final/ros_workspace/src/RBE521/unitree_guide2/include/message/LowlevelState.h:10\x1b[m\x1b[K,\n'}
[6.097954] (unitree_guide2) StderrLine: {'line': b'                 from \x1b[01m\x1b[K/home/nebbackwards/WPI/Classes/RBE521/Final/ros_workspace/src/RBE521/unitree_guide2/include/control/CtrlComponents.h:8\x1b[m\x1b[K:\n'}
[6.098128] (unitree_guide2) StderrLine: {'line': b'\x1b[01m\x1b[K/home/nebbackwards/WPI/Classes/RBE521/Final/ros_workspace/src/RBE521/unitree_guide2/include/interface/CmdPanel.h:\x1b[m\x1b[K In member function \xe2\x80\x98\x1b[01m\x1b[Kvirtual void* CmdPanel::\x1b[01;32m\x1b[Krun\x1b[m\x1b[K(void*)\x1b[m\x1b[K\xe2\x80\x99:\n'}
[6.098309] (unitree_guide2) StderrLine: {'line': b'\x1b[01m\x1b[K/home/nebbackwards/WPI/Classes/RBE521/Final/ros_workspace/src/RBE521/unitree_guide2/include/interface/CmdPanel.h:50:29:\x1b[m\x1b[K \x1b[01;35m\x1b[Kwarning: \x1b[m\x1b[Kunused parameter \xe2\x80\x98\x1b[01m\x1b[Karg\x1b[m\x1b[K\xe2\x80\x99 [\x1b[01;35m\x1b[K\x1b]8;;https://gcc.gnu.org/onlinedocs/gcc/Warning-Options.html#index-Wunused-parameter\x07-Wunused-parameter\x1b]8;;\x07\x1b[m\x1b[K]\n'}
[6.098474] (unitree_guide2) StderrLine: {'line': b'   50 |     virtual void* run(\x1b[01;35m\x1b[Kvoid *arg\x1b[m\x1b[K){return NULL;}\n'}
[6.098654] (unitree_guide2) StderrLine: {'line': b'      |                       \x1b[01;35m\x1b[K~~~~~~^~~\x1b[m\x1b[K\n'}
[6.120734] (unitree_guide2) StdoutLine: {'line': b'[ 58%] \x1b[32mBuilding CXX object CMakeFiles/junior_ctrl.dir/src/common/LowPassFilter.cpp.o\x1b[0m\n'}
[6.127243] (unitree_guide2) StderrLine: {'line': b'In file included from \x1b[01m\x1b[K/home/nebbackwards/WPI/Classes/RBE521/Final/ros_workspace/src/RBE521/unitree_guide2/include/message/LowlevelCmd.h:8\x1b[m\x1b[K,\n'}
[6.127644] (unitree_guide2) StderrLine: {'line': b'                 from \x1b[01m\x1b[K/home/nebbackwards/WPI/Classes/RBE521/Final/ros_workspace/src/RBE521/unitree_guide2/include/control/CtrlComponents.h:7\x1b[m\x1b[K,\n'}
[6.127888] (unitree_guide2) StderrLine: {'line': b'                 from \x1b[01m\x1b[K/home/nebbackwards/WPI/Classes/RBE521/Final/ros_workspace/src/RBE521/unitree_guide2/include/FSM/FSMState.h:10\x1b[m\x1b[K,\n'}
[6.128061] (unitree_guide2) StderrLine: {'line': b'                 from \x1b[01m\x1b[K/home/nebbackwards/WPI/Classes/RBE521/Final/ros_workspace/src/RBE521/unitree_guide2/include/FSM/State_StepTest.h:7\x1b[m\x1b[K,\n'}
[6.128225] (unitree_guide2) StderrLine: {'line': b'                 from \x1b[01m\x1b[K/home/nebbackwards/WPI/Classes/RBE521/Final/ros_workspace/src/RBE521/unitree_guide2/src/FSM/State_StepTest.cpp:4\x1b[m\x1b[K:\n'}
[6.128375] (unitree_guide2) StderrLine: {'line': b'\x1b[01m\x1b[K/home/nebbackwards/WPI/Classes/RBE521/Final/ros_workspace/src/RBE521/unitree_guide2/include/common/mathTools.h:\x1b[m\x1b[K In constructor \xe2\x80\x98\x1b[01m\x1b[KAvgCov::\x1b[01;32m\x1b[KAvgCov\x1b[m\x1b[K(unsigned int, std::string, bool, unsigned int, unsigned int, double)\x1b[m\x1b[K\xe2\x80\x99:\n'}
[6.130448] (unitree_guide2) StderrLine: {'line': b'\x1b[01m\x1b[K/home/nebbackwards/WPI/Classes/RBE521/Final/ros_workspace/src/RBE521/unitree_guide2/include/common/mathTools.h:278:17:\x1b[m\x1b[K \x1b[01;35m\x1b[Kwarning: \x1b[m\x1b[K\xe2\x80\x98\x1b[01m\x1b[KAvgCov::_valueName\x1b[m\x1b[K\xe2\x80\x99 will be initialized after [\x1b[01;35m\x1b[K\x1b]8;;https://gcc.gnu.org/onlinedocs/gcc/Warning-Options.html#index-Wreorder\x07-Wreorder\x1b]8;;\x07\x1b[m\x1b[K]\n'}
[6.130684] (unitree_guide2) StderrLine: {'line': b'  278 |     std::string \x1b[01;35m\x1b[K_valueName\x1b[m\x1b[K;\n'}
[6.130883] (unitree_guide2) StderrLine: {'line': b'      |                 \x1b[01;35m\x1b[K^~~~~~~~~~\x1b[m\x1b[K\n'}
[6.131040] (unitree_guide2) StderrLine: {'line': b'\x1b[01m\x1b[K/home/nebbackwards/WPI/Classes/RBE521/Final/ros_workspace/src/RBE521/unitree_guide2/include/common/mathTools.h:272:10:\x1b[m\x1b[K \x1b[01;35m\x1b[Kwarning: \x1b[m\x1b[K  \xe2\x80\x98\x1b[01m\x1b[Kbool AvgCov::_avgOnly\x1b[m\x1b[K\xe2\x80\x99 [\x1b[01;35m\x1b[K\x1b]8;;https://gcc.gnu.org/onlinedocs/gcc/Warning-Options.html#index-Wreorder\x07-Wreorder\x1b]8;;\x07\x1b[m\x1b[K]\n'}
[6.131221] (unitree_guide2) StderrLine: {'line': b'  272 |     bool \x1b[01;35m\x1b[K_avgOnly\x1b[m\x1b[K;\n'}
[6.131381] (unitree_guide2) StderrLine: {'line': b'      |          \x1b[01;35m\x1b[K^~~~~~~~\x1b[m\x1b[K\n'}
[6.131533] (unitree_guide2) StderrLine: {'line': b'\x1b[01m\x1b[K/home/nebbackwards/WPI/Classes/RBE521/Final/ros_workspace/src/RBE521/unitree_guide2/include/common/mathTools.h:246:5:\x1b[m\x1b[K \x1b[01;35m\x1b[Kwarning: \x1b[m\x1b[K  when initialized here [\x1b[01;35m\x1b[K\x1b]8;;https://gcc.gnu.org/onlinedocs/gcc/Warning-Options.html#index-Wreorder\x07-Wreorder\x1b]8;;\x07\x1b[m\x1b[K]\n'}
[6.131733] (unitree_guide2) StderrLine: {'line': b'  246 |     \x1b[01;35m\x1b[KAvgCov\x1b[m\x1b[K(unsigned int size, std::string name, bool avgOnly=false, unsigned int showPeriod=1000, unsigned int waitCount=5000, double zoomFactor=10000)\n'}
[6.131911] (unitree_guide2) StderrLine: {'line': b'      |     \x1b[01;35m\x1b[K^~~~~~\x1b[m\x1b[K\n'}
[6.132075] (unitree_guide2) StderrLine: {'line': b'In file included from \x1b[01m\x1b[K/home/nebbackwards/WPI/Classes/RBE521/Final/ros_workspace/src/RBE521/unitree_guide2/include/message/LowlevelCmd.h:8\x1b[m\x1b[K,\n'}
[6.132249] (unitree_guide2) StderrLine: {'line': b'                 from \x1b[01m\x1b[K/home/nebbackwards/WPI/Classes/RBE521/Final/ros_workspace/src/RBE521/unitree_guide2/include/control/CtrlComponents.h:7\x1b[m\x1b[K,\n'}
[6.132403] (unitree_guide2) StderrLine: {'line': b'                 from \x1b[01m\x1b[K/home/nebbackwards/WPI/Classes/RBE521/Final/ros_workspace/src/RBE521/unitree_guide2/include/FSM/FSMState.h:10\x1b[m\x1b[K,\n'}
[6.132561] (unitree_guide2) StderrLine: {'line': b'                 from \x1b[01m\x1b[K/home/nebbackwards/WPI/Classes/RBE521/Final/ros_workspace/src/RBE521/unitree_guide2/src/FSM/FSMState.cpp:4\x1b[m\x1b[K:\n'}
[6.132751] (unitree_guide2) StderrLine: {'line': b'\x1b[01m\x1b[K/home/nebbackwards/WPI/Classes/RBE521/Final/ros_workspace/src/RBE521/unitree_guide2/include/common/mathTools.h:\x1b[m\x1b[K In constructor \xe2\x80\x98\x1b[01m\x1b[KAvgCov::\x1b[01;32m\x1b[KAvgCov\x1b[m\x1b[K(unsigned int, std::string, bool, unsigned int, unsigned int, double)\x1b[m\x1b[K\xe2\x80\x99:\n'}
[6.132921] (unitree_guide2) StderrLine: {'line': b'\x1b[01m\x1b[K/home/nebbackwards/WPI/Classes/RBE521/Final/ros_workspace/src/RBE521/unitree_guide2/include/common/mathTools.h:278:17:\x1b[m\x1b[K \x1b[01;35m\x1b[Kwarning: \x1b[m\x1b[K\xe2\x80\x98\x1b[01m\x1b[KAvgCov::_valueName\x1b[m\x1b[K\xe2\x80\x99 will be initialized after [\x1b[01;35m\x1b[K\x1b]8;;https://gcc.gnu.org/onlinedocs/gcc/Warning-Options.html#index-Wreorder\x07-Wreorder\x1b]8;;\x07\x1b[m\x1b[K]\n'}
[6.136944] (unitree_guide2) StderrLine: {'line': b'  278 |     std::string \x1b[01;35m\x1b[K_valueName\x1b[m\x1b[K;\n'}
[6.137423] (unitree_guide2) StderrLine: {'line': b'      |                 \x1b[01;35m\x1b[K^~~~~~~~~~\x1b[m\x1b[K\n'}
[6.137656] (unitree_guide2) StderrLine: {'line': b'\x1b[01m\x1b[K/home/nebbackwards/WPI/Classes/RBE521/Final/ros_workspace/src/RBE521/unitree_guide2/include/common/mathTools.h:272:10:\x1b[m\x1b[K \x1b[01;35m\x1b[Kwarning: \x1b[m\x1b[K  \xe2\x80\x98\x1b[01m\x1b[Kbool AvgCov::_avgOnly\x1b[m\x1b[K\xe2\x80\x99 [\x1b[01;35m\x1b[K\x1b]8;;https://gcc.gnu.org/onlinedocs/gcc/Warning-Options.html#index-Wreorder\x07-Wreorder\x1b]8;;\x07\x1b[m\x1b[K]\n'}
[6.137884] (unitree_guide2) StderrLine: {'line': b'  272 |     bool \x1b[01;35m\x1b[K_avgOnly\x1b[m\x1b[K;\n'}
[6.138061] (unitree_guide2) StderrLine: {'line': b'      |          \x1b[01;35m\x1b[K^~~~~~~~\x1b[m\x1b[K\n'}
[6.138246] (-) TimerEvent: {}
[6.138430] (unitree_guide2) StderrLine: {'line': b'\x1b[01m\x1b[K/home/nebbackwards/WPI/Classes/RBE521/Final/ros_workspace/src/RBE521/unitree_guide2/include/common/mathTools.h:246:5:\x1b[m\x1b[K \x1b[01;35m\x1b[Kwarning: \x1b[m\x1b[K  when initialized here [\x1b[01;35m\x1b[K\x1b]8;;https://gcc.gnu.org/onlinedocs/gcc/Warning-Options.html#index-Wreorder\x07-Wreorder\x1b]8;;\x07\x1b[m\x1b[K]\n'}
[6.138622] (unitree_guide2) StderrLine: {'line': b'  246 |     \x1b[01;35m\x1b[KAvgCov\x1b[m\x1b[K(unsigned int size, std::string name, bool avgOnly=false, unsigned int showPeriod=1000, unsigned int waitCount=5000, double zoomFactor=10000)\n'}
[6.138827] (unitree_guide2) StderrLine: {'line': b'      |     \x1b[01;35m\x1b[K^~~~~~\x1b[m\x1b[K\n'}
[6.138986] (unitree_guide2) StderrLine: {'line': b'In file included from \x1b[01m\x1b[K/home/nebbackwards/WPI/Classes/RBE521/Final/ros_workspace/src/RBE521/unitree_guide2/include/message/LowlevelState.h:10\x1b[m\x1b[K,\n'}
[6.139156] (unitree_guide2) StderrLine: {'line': b'                 from \x1b[01m\x1b[K/home/nebbackwards/WPI/Classes/RBE521/Final/ros_workspace/src/RBE521/unitree_guide2/include/control/CtrlComponents.h:8\x1b[m\x1b[K:\n'}
[6.139319] (unitree_guide2) StderrLine: {'line': b'\x1b[01m\x1b[K/home/nebbackwards/WPI/Classes/RBE521/Final/ros_workspace/src/RBE521/unitree_guide2/include/interface/CmdPanel.h:\x1b[m\x1b[K In member function \xe2\x80\x98\x1b[01m\x1b[Kvirtual void* CmdPanel::\x1b[01;32m\x1b[Krun\x1b[m\x1b[K(void*)\x1b[m\x1b[K\xe2\x80\x99:\n'}
[6.139502] (unitree_guide2) StderrLine: {'line': b'\x1b[01m\x1b[K/home/nebbackwards/WPI/Classes/RBE521/Final/ros_workspace/src/RBE521/unitree_guide2/include/interface/CmdPanel.h:50:29:\x1b[m\x1b[K \x1b[01;35m\x1b[Kwarning: \x1b[m\x1b[Kunused parameter \xe2\x80\x98\x1b[01m\x1b[Karg\x1b[m\x1b[K\xe2\x80\x99 [\x1b[01;35m\x1b[K\x1b]8;;https://gcc.gnu.org/onlinedocs/gcc/Warning-Options.html#index-Wunused-parameter\x07-Wunused-parameter\x1b]8;;\x07\x1b[m\x1b[K]\n'}
[6.139715] (unitree_guide2) StderrLine: {'line': b'   50 |     virtual void* run(\x1b[01;35m\x1b[Kvoid *arg\x1b[m\x1b[K){return NULL;}\n'}
[6.139907] (unitree_guide2) StderrLine: {'line': b'      |                       \x1b[01;35m\x1b[K~~~~~~^~~\x1b[m\x1b[K\n'}
[6.140097] (unitree_guide2) StderrLine: {'line': b'In file included from \x1b[01m\x1b[K/home/nebbackwards/WPI/Classes/RBE521/Final/ros_workspace/src/RBE521/unitree_guide2/include/message/LowlevelCmd.h:8\x1b[m\x1b[K,\n'}
[6.140268] (unitree_guide2) StderrLine: {'line': b'                 from \x1b[01m\x1b[K/home/nebbackwards/WPI/Classes/RBE521/Final/ros_workspace/src/RBE521/unitree_guide2/include/control/CtrlComponents.h:7\x1b[m\x1b[K,\n'}
[6.140436] (unitree_guide2) StderrLine: {'line': b'                 from \x1b[01m\x1b[K/home/nebbackwards/WPI/Classes/RBE521/Final/ros_workspace/src/RBE521/unitree_guide2/include/FSM/FSMState.h:10\x1b[m\x1b[K,\n'}
[6.140602] (unitree_guide2) StderrLine: {'line': b'                 from \x1b[01m\x1b[K/home/nebbackwards/WPI/Classes/RBE521/Final/ros_workspace/src/RBE521/unitree_guide2/include/FSM/State_GaitTransition.h:7\x1b[m\x1b[K,\n'}
[6.144064] (unitree_guide2) StderrLine: {'line': b'                 from \x1b[01m\x1b[K/home/nebbackwards/WPI/Classes/RBE521/Final/ros_workspace/src/RBE521/unitree_guide2/src/FSM/State_GaitTransition.cpp:4\x1b[m\x1b[K:\n'}
[6.144295] (unitree_guide2) StderrLine: {'line': b'\x1b[01m\x1b[K/home/nebbackwards/WPI/Classes/RBE521/Final/ros_workspace/src/RBE521/unitree_guide2/include/common/mathTools.h:\x1b[m\x1b[K In constructor \xe2\x80\x98\x1b[01m\x1b[KAvgCov::\x1b[01;32m\x1b[KAvgCov\x1b[m\x1b[K(unsigned int, std::string, bool, unsigned int, unsigned int, double)\x1b[m\x1b[K\xe2\x80\x99:\n'}
[6.144469] (unitree_guide2) StderrLine: {'line': b'\x1b[01m\x1b[K/home/nebbackwards/WPI/Classes/RBE521/Final/ros_workspace/src/RBE521/unitree_guide2/include/common/mathTools.h:278:17:\x1b[m\x1b[K \x1b[01;35m\x1b[Kwarning: \x1b[m\x1b[K\xe2\x80\x98\x1b[01m\x1b[KAvgCov::_valueName\x1b[m\x1b[K\xe2\x80\x99 will be initialized after [\x1b[01;35m\x1b[K\x1b]8;;https://gcc.gnu.org/onlinedocs/gcc/Warning-Options.html#index-Wreorder\x07-Wreorder\x1b]8;;\x07\x1b[m\x1b[K]\n'}
[6.144657] (unitree_guide2) StderrLine: {'line': b'  278 |     std::string \x1b[01;35m\x1b[K_valueName\x1b[m\x1b[K;\n'}
[6.144883] (unitree_guide2) StderrLine: {'line': b'      |                 \x1b[01;35m\x1b[K^~~~~~~~~~\x1b[m\x1b[K\n'}
[6.145074] (unitree_guide2) StderrLine: {'line': b'\x1b[01m\x1b[K/home/nebbackwards/WPI/Classes/RBE521/Final/ros_workspace/src/RBE521/unitree_guide2/include/common/mathTools.h:272:10:\x1b[m\x1b[K \x1b[01;35m\x1b[Kwarning: \x1b[m\x1b[K  \xe2\x80\x98\x1b[01m\x1b[Kbool AvgCov::_avgOnly\x1b[m\x1b[K\xe2\x80\x99 [\x1b[01;35m\x1b[K\x1b]8;;https://gcc.gnu.org/onlinedocs/gcc/Warning-Options.html#index-Wreorder\x07-Wreorder\x1b]8;;\x07\x1b[m\x1b[K]\n'}
[6.145282] (unitree_guide2) StderrLine: {'line': b'  272 |     bool \x1b[01;35m\x1b[K_avgOnly\x1b[m\x1b[K;\n'}
[6.145465] (unitree_guide2) StderrLine: {'line': b'      |          \x1b[01;35m\x1b[K^~~~~~~~\x1b[m\x1b[K\n'}
[6.145669] (unitree_guide2) StderrLine: {'line': b'\x1b[01m\x1b[K/home/nebbackwards/WPI/Classes/RBE521/Final/ros_workspace/src/RBE521/unitree_guide2/include/common/mathTools.h:246:5:\x1b[m\x1b[K \x1b[01;35m\x1b[Kwarning: \x1b[m\x1b[K  when initialized here [\x1b[01;35m\x1b[K\x1b]8;;https://gcc.gnu.org/onlinedocs/gcc/Warning-Options.html#index-Wreorder\x07-Wreorder\x1b]8;;\x07\x1b[m\x1b[K]\n'}
[6.145922] (unitree_guide2) StderrLine: {'line': b'  246 |     \x1b[01;35m\x1b[KAvgCov\x1b[m\x1b[K(unsigned int size, std::string name, bool avgOnly=false, unsigned int showPeriod=1000, unsigned int waitCount=5000, double zoomFactor=10000)\n'}
[6.146120] (unitree_guide2) StderrLine: {'line': b'      |     \x1b[01;35m\x1b[K^~~~~~\x1b[m\x1b[K\n'}
[6.146321] (unitree_guide2) StderrLine: {'line': b'In file included from \x1b[01m\x1b[K/home/nebbackwards/WPI/Classes/RBE521/Final/ros_workspace/src/RBE521/unitree_guide2/include/message/LowlevelState.h:10\x1b[m\x1b[K,\n'}
[6.146528] (unitree_guide2) StderrLine: {'line': b'                 from \x1b[01m\x1b[K/home/nebbackwards/WPI/Classes/RBE521/Final/ros_workspace/src/RBE521/unitree_guide2/include/control/CtrlComponents.h:8\x1b[m\x1b[K:\n'}
[6.149442] (unitree_guide2) StderrLine: {'line': b'\x1b[01m\x1b[K/home/nebbackwards/WPI/Classes/RBE521/Final/ros_workspace/src/RBE521/unitree_guide2/include/interface/CmdPanel.h:\x1b[m\x1b[K In member function \xe2\x80\x98\x1b[01m\x1b[Kvirtual void* CmdPanel::\x1b[01;32m\x1b[Krun\x1b[m\x1b[K(void*)\x1b[m\x1b[K\xe2\x80\x99:\n'}
[6.149716] (unitree_guide2) StderrLine: {'line': b'\x1b[01m\x1b[K/home/nebbackwards/WPI/Classes/RBE521/Final/ros_workspace/src/RBE521/unitree_guide2/include/interface/CmdPanel.h:50:29:\x1b[m\x1b[K \x1b[01;35m\x1b[Kwarning: \x1b[m\x1b[Kunused parameter \xe2\x80\x98\x1b[01m\x1b[Karg\x1b[m\x1b[K\xe2\x80\x99 [\x1b[01;35m\x1b[K\x1b]8;;https://gcc.gnu.org/onlinedocs/gcc/Warning-Options.html#index-Wunused-parameter\x07-Wunused-parameter\x1b]8;;\x07\x1b[m\x1b[K]\n'}
[6.149948] (unitree_guide2) StderrLine: {'line': b'   50 |     virtual void* run(\x1b[01;35m\x1b[Kvoid *arg\x1b[m\x1b[K){return NULL;}\n'}
[6.150132] (unitree_guide2) StderrLine: {'line': b'      |                       \x1b[01;35m\x1b[K~~~~~~^~~\x1b[m\x1b[K\n'}
[6.150301] (unitree_guide2) StderrLine: {'line': b'In file included from \x1b[01m\x1b[K/home/nebbackwards/WPI/Classes/RBE521/Final/ros_workspace/src/RBE521/unitree_guide2/include/message/LowlevelCmd.h:8\x1b[m\x1b[K,\n'}
[6.150476] (unitree_guide2) StderrLine: {'line': b'                 from \x1b[01m\x1b[K/home/nebbackwards/WPI/Classes/RBE521/Final/ros_workspace/src/RBE521/unitree_guide2/include/control/CtrlComponents.h:7\x1b[m\x1b[K,\n'}
[6.150668] (unitree_guide2) StderrLine: {'line': b'                 from \x1b[01m\x1b[K/home/nebbackwards/WPI/Classes/RBE521/Final/ros_workspace/src/RBE521/unitree_guide2/include/FSM/FSMState.h:10\x1b[m\x1b[K,\n'}
[6.150854] (unitree_guide2) StderrLine: {'line': b'                 from \x1b[01m\x1b[K/home/nebbackwards/WPI/Classes/RBE521/Final/ros_workspace/src/RBE521/unitree_guide2/include/FSM/State_Trotting.h:7\x1b[m\x1b[K,\n'}
[6.151030] (unitree_guide2) StderrLine: {'line': b'                 from \x1b[01m\x1b[K/home/nebbackwards/WPI/Classes/RBE521/Final/ros_workspace/src/RBE521/unitree_guide2/src/FSM/State_Trotting.cpp:4\x1b[m\x1b[K:\n'}
[6.151206] (unitree_guide2) StderrLine: {'line': b'\x1b[01m\x1b[K/home/nebbackwards/WPI/Classes/RBE521/Final/ros_workspace/src/RBE521/unitree_guide2/include/common/mathTools.h:\x1b[m\x1b[K In constructor \xe2\x80\x98\x1b[01m\x1b[KAvgCov::\x1b[01;32m\x1b[KAvgCov\x1b[m\x1b[K(unsigned int, std::string, bool, unsigned int, unsigned int, double)\x1b[m\x1b[K\xe2\x80\x99:\n'}
[6.151384] (unitree_guide2) StderrLine: {'line': b'\x1b[01m\x1b[K/home/nebbackwards/WPI/Classes/RBE521/Final/ros_workspace/src/RBE521/unitree_guide2/include/common/mathTools.h:278:17:\x1b[m\x1b[K \x1b[01;35m\x1b[Kwarning: \x1b[m\x1b[K\xe2\x80\x98\x1b[01m\x1b[KAvgCov::_valueName\x1b[m\x1b[K\xe2\x80\x99 will be initialized after [\x1b[01;35m\x1b[K\x1b]8;;https://gcc.gnu.org/onlinedocs/gcc/Warning-Options.html#index-Wreorder\x07-Wreorder\x1b]8;;\x07\x1b[m\x1b[K]\n'}
[6.155567] (unitree_guide2) StderrLine: {'line': b'  278 |     std::string \x1b[01;35m\x1b[K_valueName\x1b[m\x1b[K;\n'}
[6.155790] (unitree_guide2) StderrLine: {'line': b'      |                 \x1b[01;35m\x1b[K^~~~~~~~~~\x1b[m\x1b[K\n'}
[6.155953] (unitree_guide2) StderrLine: {'line': b'\x1b[01m\x1b[K/home/nebbackwards/WPI/Classes/RBE521/Final/ros_workspace/src/RBE521/unitree_guide2/include/common/mathTools.h:272:10:\x1b[m\x1b[K \x1b[01;35m\x1b[Kwarning: \x1b[m\x1b[K  \xe2\x80\x98\x1b[01m\x1b[Kbool AvgCov::_avgOnly\x1b[m\x1b[K\xe2\x80\x99 [\x1b[01;35m\x1b[K\x1b]8;;https://gcc.gnu.org/onlinedocs/gcc/Warning-Options.html#index-Wreorder\x07-Wreorder\x1b]8;;\x07\x1b[m\x1b[K]\n'}
[6.156155] (unitree_guide2) StderrLine: {'line': b'  272 |     bool \x1b[01;35m\x1b[K_avgOnly\x1b[m\x1b[K;\n'}
[6.156312] (unitree_guide2) StderrLine: {'line': b'      |          \x1b[01;35m\x1b[K^~~~~~~~\x1b[m\x1b[K\n'}
[6.156449] (unitree_guide2) StderrLine: {'line': b'\x1b[01m\x1b[K/home/nebbackwards/WPI/Classes/RBE521/Final/ros_workspace/src/RBE521/unitree_guide2/include/common/mathTools.h:246:5:\x1b[m\x1b[K \x1b[01;35m\x1b[Kwarning: \x1b[m\x1b[K  when initialized here [\x1b[01;35m\x1b[K\x1b]8;;https://gcc.gnu.org/onlinedocs/gcc/Warning-Options.html#index-Wreorder\x07-Wreorder\x1b]8;;\x07\x1b[m\x1b[K]\n'}
[6.156604] (unitree_guide2) StderrLine: {'line': b'  246 |     \x1b[01;35m\x1b[KAvgCov\x1b[m\x1b[K(unsigned int size, std::string name, bool avgOnly=false, unsigned int showPeriod=1000, unsigned int waitCount=5000, double zoomFactor=10000)\n'}
[6.156800] (unitree_guide2) StderrLine: {'line': b'      |     \x1b[01;35m\x1b[K^~~~~~\x1b[m\x1b[K\n'}
[6.156957] (unitree_guide2) StderrLine: {'line': b'In file included from \x1b[01m\x1b[K/home/nebbackwards/WPI/Classes/RBE521/Final/ros_workspace/src/RBE521/unitree_guide2/include/message/LowlevelCmd.h:8\x1b[m\x1b[K,\n'}
[6.157101] (unitree_guide2) StderrLine: {'line': b'                 from \x1b[01m\x1b[K/home/nebbackwards/WPI/Classes/RBE521/Final/ros_workspace/src/RBE521/unitree_guide2/include/control/CtrlComponents.h:7\x1b[m\x1b[K,\n'}
[6.157245] (unitree_guide2) StderrLine: {'line': b'                 from \x1b[01m\x1b[K/home/nebbackwards/WPI/Classes/RBE521/Final/ros_workspace/src/RBE521/unitree_guide2/include/Gait/FeetEndCal.h:7\x1b[m\x1b[K,\n'}
[6.157428] (unitree_guide2) StderrLine: {'line': b'                 from \x1b[01m\x1b[K/home/nebbackwards/WPI/Classes/RBE521/Final/ros_workspace/src/RBE521/unitree_guide2/include/Gait/GaitGenerator.h:8\x1b[m\x1b[K,\n'}
[6.157581] (unitree_guide2) StderrLine: {'line': b'                 from \x1b[01m\x1b[K/home/nebbackwards/WPI/Classes/RBE521/Final/ros_workspace/src/RBE521/unitree_guide2/src/Gait/GaitGenerator.cpp:4\x1b[m\x1b[K:\n'}
[6.157778] (unitree_guide2) StderrLine: {'line': b'\x1b[01m\x1b[K/home/nebbackwards/WPI/Classes/RBE521/Final/ros_workspace/src/RBE521/unitree_guide2/include/common/mathTools.h:\x1b[m\x1b[K In constructor \xe2\x80\x98\x1b[01m\x1b[KAvgCov::\x1b[01;32m\x1b[KAvgCov\x1b[m\x1b[K(unsigned int, std::string, bool, unsigned int, unsigned int, double)\x1b[m\x1b[K\xe2\x80\x99:\n'}
[6.157970] (unitree_guide2) StderrLine: {'line': b'\x1b[01m\x1b[K/home/nebbackwards/WPI/Classes/RBE521/Final/ros_workspace/src/RBE521/unitree_guide2/include/common/mathTools.h:278:17:\x1b[m\x1b[K \x1b[01;35m\x1b[Kwarning: \x1b[m\x1b[K\xe2\x80\x98\x1b[01m\x1b[KAvgCov::_valueName\x1b[m\x1b[K\xe2\x80\x99 will be initialized after [\x1b[01;35m\x1b[K\x1b]8;;https://gcc.gnu.org/onlinedocs/gcc/Warning-Options.html#index-Wreorder\x07-Wreorder\x1b]8;;\x07\x1b[m\x1b[K]\n'}
[6.158145] (unitree_guide2) StderrLine: {'line': b'  278 |     std::string \x1b[01;35m\x1b[K_valueName\x1b[m\x1b[K;\n'}
[6.158310] (unitree_guide2) StderrLine: {'line': b'      |                 \x1b[01;35m\x1b[K^~~~~~~~~~\x1b[m\x1b[K\n'}
[6.158463] (unitree_guide2) StderrLine: {'line': b'\x1b[01m\x1b[K/home/nebbackwards/WPI/Classes/RBE521/Final/ros_workspace/src/RBE521/unitree_guide2/include/common/mathTools.h:272:10:\x1b[m\x1b[K \x1b[01;35m\x1b[Kwarning: \x1b[m\x1b[K  \xe2\x80\x98\x1b[01m\x1b[Kbool AvgCov::_avgOnly\x1b[m\x1b[K\xe2\x80\x99 [\x1b[01;35m\x1b[K\x1b]8;;https://gcc.gnu.org/onlinedocs/gcc/Warning-Options.html#index-Wreorder\x07-Wreorder\x1b]8;;\x07\x1b[m\x1b[K]\n'}
[6.158621] (unitree_guide2) StderrLine: {'line': b'  272 |     bool \x1b[01;35m\x1b[K_avgOnly\x1b[m\x1b[K;\n'}
[6.163837] (unitree_guide2) StderrLine: {'line': b'      |          \x1b[01;35m\x1b[K^~~~~~~~\x1b[m\x1b[K\n'}
[6.164038] (unitree_guide2) StderrLine: {'line': b'\x1b[01m\x1b[K/home/nebbackwards/WPI/Classes/RBE521/Final/ros_workspace/src/RBE521/unitree_guide2/include/common/mathTools.h:246:5:\x1b[m\x1b[K \x1b[01;35m\x1b[Kwarning: \x1b[m\x1b[K  when initialized here [\x1b[01;35m\x1b[K\x1b]8;;https://gcc.gnu.org/onlinedocs/gcc/Warning-Options.html#index-Wreorder\x07-Wreorder\x1b]8;;\x07\x1b[m\x1b[K]\n'}
[6.164233] (unitree_guide2) StderrLine: {'line': b'  246 |     \x1b[01;35m\x1b[KAvgCov\x1b[m\x1b[K(unsigned int size, std::string name, bool avgOnly=false, unsigned int showPeriod=1000, unsigned int waitCount=5000, double zoomFactor=10000)\n'}
[6.164393] (unitree_guide2) StderrLine: {'line': b'      |     \x1b[01;35m\x1b[K^~~~~~\x1b[m\x1b[K\n'}
[6.169723] (unitree_guide2) StderrLine: {'line': b'In file included from \x1b[01m\x1b[K/home/nebbackwards/WPI/Classes/RBE521/Final/ros_workspace/src/RBE521/unitree_guide2/include/message/LowlevelCmd.h:8\x1b[m\x1b[K,\n'}
[6.170066] (unitree_guide2) StderrLine: {'line': b'                 from \x1b[01m\x1b[K/home/nebbackwards/WPI/Classes/RBE521/Final/ros_workspace/src/RBE521/unitree_guide2/include/control/CtrlComponents.h:7\x1b[m\x1b[K,\n'}
[6.170356] (unitree_guide2) StderrLine: {'line': b'                 from \x1b[01m\x1b[K/home/nebbackwards/WPI/Classes/RBE521/Final/ros_workspace/src/RBE521/unitree_guide2/include/FSM/FSMState.h:10\x1b[m\x1b[K,\n'}
[6.170505] (unitree_guide2) StderrLine: {'line': b'                 from \x1b[01m\x1b[K/home/nebbackwards/WPI/Classes/RBE521/Final/ros_workspace/src/RBE521/unitree_guide2/include/FSM/State_SwingTest.h:7\x1b[m\x1b[K,\n'}
[6.170676] (unitree_guide2) StderrLine: {'line': b'                 from \x1b[01m\x1b[K/home/nebbackwards/WPI/Classes/RBE521/Final/ros_workspace/src/RBE521/unitree_guide2/src/FSM/State_SwingTest.cpp:4\x1b[m\x1b[K:\n'}
[6.170851] (unitree_guide2) StderrLine: {'line': b'\x1b[01m\x1b[K/home/nebbackwards/WPI/Classes/RBE521/Final/ros_workspace/src/RBE521/unitree_guide2/include/common/mathTools.h:\x1b[m\x1b[K In constructor \xe2\x80\x98\x1b[01m\x1b[KAvgCov::\x1b[01;32m\x1b[KAvgCov\x1b[m\x1b[K(unsigned int, std::string, bool, unsigned int, unsigned int, double)\x1b[m\x1b[K\xe2\x80\x99:\n'}
[6.171010] (unitree_guide2) StderrLine: {'line': b'\x1b[01m\x1b[K/home/nebbackwards/WPI/Classes/RBE521/Final/ros_workspace/src/RBE521/unitree_guide2/include/common/mathTools.h:278:17:\x1b[m\x1b[K \x1b[01;35m\x1b[Kwarning: \x1b[m\x1b[K\xe2\x80\x98\x1b[01m\x1b[KAvgCov::_valueName\x1b[m\x1b[K\xe2\x80\x99 will be initialized after [\x1b[01;35m\x1b[K\x1b]8;;https://gcc.gnu.org/onlinedocs/gcc/Warning-Options.html#index-Wreorder\x07-Wreorder\x1b]8;;\x07\x1b[m\x1b[K]\n'}
[6.171170] (unitree_guide2) StderrLine: {'line': b'  278 |     std::string \x1b[01;35m\x1b[K_valueName\x1b[m\x1b[K;\n'}
[6.171320] (unitree_guide2) StderrLine: {'line': b'      |                 \x1b[01;35m\x1b[K^~~~~~~~~~\x1b[m\x1b[K\n'}
[6.171470] (unitree_guide2) StderrLine: {'line': b'\x1b[01m\x1b[K/home/nebbackwards/WPI/Classes/RBE521/Final/ros_workspace/src/RBE521/unitree_guide2/include/common/mathTools.h:272:10:\x1b[m\x1b[K \x1b[01;35m\x1b[Kwarning: \x1b[m\x1b[K  \xe2\x80\x98\x1b[01m\x1b[Kbool AvgCov::_avgOnly\x1b[m\x1b[K\xe2\x80\x99 [\x1b[01;35m\x1b[K\x1b]8;;https://gcc.gnu.org/onlinedocs/gcc/Warning-Options.html#index-Wreorder\x07-Wreorder\x1b]8;;\x07\x1b[m\x1b[K]\n'}
[6.171614] (unitree_guide2) StderrLine: {'line': b'  272 |     bool \x1b[01;35m\x1b[K_avgOnly\x1b[m\x1b[K;\n'}
[6.171800] (unitree_guide2) StderrLine: {'line': b'      |          \x1b[01;35m\x1b[K^~~~~~~~\x1b[m\x1b[K\n'}
[6.171955] (unitree_guide2) StderrLine: {'line': b'\x1b[01m\x1b[K/home/nebbackwards/WPI/Classes/RBE521/Final/ros_workspace/src/RBE521/unitree_guide2/include/common/mathTools.h:246:5:\x1b[m\x1b[K \x1b[01;35m\x1b[Kwarning: \x1b[m\x1b[K  when initialized here [\x1b[01;35m\x1b[K\x1b]8;;https://gcc.gnu.org/onlinedocs/gcc/Warning-Options.html#index-Wreorder\x07-Wreorder\x1b]8;;\x07\x1b[m\x1b[K]\n'}
[6.172138] (unitree_guide2) StderrLine: {'line': b'  246 |     \x1b[01;35m\x1b[KAvgCov\x1b[m\x1b[K(unsigned int size, std::string name, bool avgOnly=false, unsigned int showPeriod=1000, unsigned int waitCount=5000, double zoomFactor=10000)\n'}
[6.172286] (unitree_guide2) StderrLine: {'line': b'      |     \x1b[01;35m\x1b[K^~~~~~\x1b[m\x1b[K\n'}
[6.177728] (unitree_guide2) StderrLine: {'line': b'In file included from \x1b[01m\x1b[K/home/nebbackwards/WPI/Classes/RBE521/Final/ros_workspace/src/RBE521/unitree_guide2/include/message/LowlevelCmd.h:8\x1b[m\x1b[K,\n'}
[6.178111] (unitree_guide2) StderrLine: {'line': b'                 from \x1b[01m\x1b[K/home/nebbackwards/WPI/Classes/RBE521/Final/ros_workspace/src/RBE521/unitree_guide2/include/control/CtrlComponents.h:7\x1b[m\x1b[K,\n'}
[6.178374] (unitree_guide2) StderrLine: {'line': b'                 from \x1b[01m\x1b[K/home/nebbackwards/WPI/Classes/RBE521/Final/ros_workspace/src/RBE521/unitree_guide2/include/FSM/FSMState.h:10\x1b[m\x1b[K,\n'}
[6.178576] (unitree_guide2) StderrLine: {'line': b'                 from \x1b[01m\x1b[K/home/nebbackwards/WPI/Classes/RBE521/Final/ros_workspace/src/RBE521/unitree_guide2/include/FSM/State_Trotting.h:7\x1b[m\x1b[K,\n'}
[6.178788] (unitree_guide2) StderrLine: {'line': b'                 from \x1b[01m\x1b[K/home/nebbackwards/WPI/Classes/RBE521/Final/ros_workspace/src/RBE521/unitree_guide2/include/FSM/State_move_base.h:37\x1b[m\x1b[K,\n'}
[6.178968] (unitree_guide2) StderrLine: {'line': b'                 from \x1b[01m\x1b[K/home/nebbackwards/WPI/Classes/RBE521/Final/ros_workspace/src/RBE521/unitree_guide2/src/FSM/State_move_base.cpp:47\x1b[m\x1b[K:\n'}
[6.179140] (unitree_guide2) StderrLine: {'line': b'\x1b[01m\x1b[K/home/nebbackwards/WPI/Classes/RBE521/Final/ros_workspace/src/RBE521/unitree_guide2/include/common/mathTools.h:\x1b[m\x1b[K In constructor \xe2\x80\x98\x1b[01m\x1b[KAvgCov::\x1b[01;32m\x1b[KAvgCov\x1b[m\x1b[K(unsigned int, std::string, bool, unsigned int, unsigned int, double)\x1b[m\x1b[K\xe2\x80\x99:\n'}
[6.179300] (unitree_guide2) StderrLine: {'line': b'\x1b[01m\x1b[K/home/nebbackwards/WPI/Classes/RBE521/Final/ros_workspace/src/RBE521/unitree_guide2/include/common/mathTools.h:278:17:\x1b[m\x1b[K \x1b[01;35m\x1b[Kwarning: \x1b[m\x1b[K\xe2\x80\x98\x1b[01m\x1b[KAvgCov::_valueName\x1b[m\x1b[K\xe2\x80\x99 will be initialized after [\x1b[01;35m\x1b[K\x1b]8;;https://gcc.gnu.org/onlinedocs/gcc/Warning-Options.html#index-Wreorder\x07-Wreorder\x1b]8;;\x07\x1b[m\x1b[K]\n'}
[6.179517] (unitree_guide2) StderrLine: {'line': b'  278 |     std::string \x1b[01;35m\x1b[K_valueName\x1b[m\x1b[K;\n'}
[6.179710] (unitree_guide2) StderrLine: {'line': b'      |                 \x1b[01;35m\x1b[K^~~~~~~~~~\x1b[m\x1b[K\n'}
[6.179918] (unitree_guide2) StderrLine: {'line': b'\x1b[01m\x1b[K/home/nebbackwards/WPI/Classes/RBE521/Final/ros_workspace/src/RBE521/unitree_guide2/include/common/mathTools.h:272:10:\x1b[m\x1b[K \x1b[01;35m\x1b[Kwarning: \x1b[m\x1b[K  \xe2\x80\x98\x1b[01m\x1b[Kbool AvgCov::_avgOnly\x1b[m\x1b[K\xe2\x80\x99 [\x1b[01;35m\x1b[K\x1b]8;;https://gcc.gnu.org/onlinedocs/gcc/Warning-Options.html#index-Wreorder\x07-Wreorder\x1b]8;;\x07\x1b[m\x1b[K]\n'}
[6.180141] (unitree_guide2) StderrLine: {'line': b'  272 |     bool \x1b[01;35m\x1b[K_avgOnly\x1b[m\x1b[K;\n'}
[6.180332] (unitree_guide2) StderrLine: {'line': b'      |          \x1b[01;35m\x1b[K^~~~~~~~\x1b[m\x1b[K\n'}
[6.180516] (unitree_guide2) StderrLine: {'line': b'\x1b[01m\x1b[K/home/nebbackwards/WPI/Classes/RBE521/Final/ros_workspace/src/RBE521/unitree_guide2/include/common/mathTools.h:246:5:\x1b[m\x1b[K \x1b[01;35m\x1b[Kwarning: \x1b[m\x1b[K  when initialized here [\x1b[01;35m\x1b[K\x1b]8;;https://gcc.gnu.org/onlinedocs/gcc/Warning-Options.html#index-Wreorder\x07-Wreorder\x1b]8;;\x07\x1b[m\x1b[K]\n'}
[6.185961] (unitree_guide2) StderrLine: {'line': b'  246 |     \x1b[01;35m\x1b[KAvgCov\x1b[m\x1b[K(unsigned int size, std::string name, bool avgOnly=false, unsigned int showPeriod=1000, unsigned int waitCount=5000, double zoomFactor=10000)\n'}
[6.186258] (unitree_guide2) StderrLine: {'line': b'      |     \x1b[01;35m\x1b[K^~~~~~\x1b[m\x1b[K\n'}
[6.201962] (unitree_guide2) StderrLine: {'line': b'In file included from \x1b[01m\x1b[K/home/nebbackwards/WPI/Classes/RBE521/Final/ros_workspace/src/RBE521/unitree_guide2/include/message/LowlevelCmd.h:8\x1b[m\x1b[K,\n'}
[6.204881] (unitree_guide2) StderrLine: {'line': b'                 from \x1b[01m\x1b[K/home/nebbackwards/WPI/Classes/RBE521/Final/ros_workspace/src/RBE521/unitree_guide2/include/control/CtrlComponents.h:7\x1b[m\x1b[K,\n'}
[6.205460] (unitree_guide2) StderrLine: {'line': b'                 from \x1b[01m\x1b[K/home/nebbackwards/WPI/Classes/RBE521/Final/ros_workspace/src/RBE521/unitree_guide2/include/FSM/FSMState.h:10\x1b[m\x1b[K,\n'}
[6.205670] (unitree_guide2) StderrLine: {'line': b'                 from \x1b[01m\x1b[K/home/nebbackwards/WPI/Classes/RBE521/Final/ros_workspace/src/RBE521/unitree_guide2/include/FSM/State_Passive.h:7\x1b[m\x1b[K,\n'}
[6.205898] (unitree_guide2) StderrLine: {'line': b'                 from \x1b[01m\x1b[K/home/nebbackwards/WPI/Classes/RBE521/Final/ros_workspace/src/RBE521/unitree_guide2/src/FSM/State_Passive.cpp:4\x1b[m\x1b[K:\n'}
[6.206109] (unitree_guide2) StderrLine: {'line': b'\x1b[01m\x1b[K/home/nebbackwards/WPI/Classes/RBE521/Final/ros_workspace/src/RBE521/unitree_guide2/include/common/mathTools.h:\x1b[m\x1b[K In constructor \xe2\x80\x98\x1b[01m\x1b[KAvgCov::\x1b[01;32m\x1b[KAvgCov\x1b[m\x1b[K(unsigned int, std::string, bool, unsigned int, unsigned int, double)\x1b[m\x1b[K\xe2\x80\x99:\n'}
[6.206323] (unitree_guide2) StderrLine: {'line': b'\x1b[01m\x1b[K/home/nebbackwards/WPI/Classes/RBE521/Final/ros_workspace/src/RBE521/unitree_guide2/include/common/mathTools.h:278:17:\x1b[m\x1b[K \x1b[01;35m\x1b[Kwarning: \x1b[m\x1b[K\xe2\x80\x98\x1b[01m\x1b[KAvgCov::_valueName\x1b[m\x1b[K\xe2\x80\x99 will be initialized after [\x1b[01;35m\x1b[K\x1b]8;;https://gcc.gnu.org/onlinedocs/gcc/Warning-Options.html#index-Wreorder\x07-Wreorder\x1b]8;;\x07\x1b[m\x1b[K]\n'}
[6.206739] (unitree_guide2) StderrLine: {'line': b'  278 |     std::string \x1b[01;35m\x1b[K_valueName\x1b[m\x1b[K;\n'}
[6.206954] (unitree_guide2) StderrLine: {'line': b'      |                 \x1b[01;35m\x1b[K^~~~~~~~~~\x1b[m\x1b[K\n'}
[6.207136] (unitree_guide2) StderrLine: {'line': b'\x1b[01m\x1b[K/home/nebbackwards/WPI/Classes/RBE521/Final/ros_workspace/src/RBE521/unitree_guide2/include/common/mathTools.h:272:10:\x1b[m\x1b[K \x1b[01;35m\x1b[Kwarning: \x1b[m\x1b[K  \xe2\x80\x98\x1b[01m\x1b[Kbool AvgCov::_avgOnly\x1b[m\x1b[K\xe2\x80\x99 [\x1b[01;35m\x1b[K\x1b]8;;https://gcc.gnu.org/onlinedocs/gcc/Warning-Options.html#index-Wreorder\x07-Wreorder\x1b]8;;\x07\x1b[m\x1b[K]\n'}
[6.207345] (unitree_guide2) StderrLine: {'line': b'  272 |     bool \x1b[01;35m\x1b[K_avgOnly\x1b[m\x1b[K;\n'}
[6.207505] (unitree_guide2) StderrLine: {'line': b'      |          \x1b[01;35m\x1b[K^~~~~~~~\x1b[m\x1b[K\n'}
[6.207706] (unitree_guide2) StderrLine: {'line': b'\x1b[01m\x1b[K/home/nebbackwards/WPI/Classes/RBE521/Final/ros_workspace/src/RBE521/unitree_guide2/include/common/mathTools.h:246:5:\x1b[m\x1b[K \x1b[01;35m\x1b[Kwarning: \x1b[m\x1b[K  when initialized here [\x1b[01;35m\x1b[K\x1b]8;;https://gcc.gnu.org/onlinedocs/gcc/Warning-Options.html#index-Wreorder\x07-Wreorder\x1b]8;;\x07\x1b[m\x1b[K]\n'}
[6.207946] (unitree_guide2) StderrLine: {'line': b'  246 |     \x1b[01;35m\x1b[KAvgCov\x1b[m\x1b[K(unsigned int size, std::string name, bool avgOnly=false, unsigned int showPeriod=1000, unsigned int waitCount=5000, double zoomFactor=10000)\n'}
[6.208130] (unitree_guide2) StderrLine: {'line': b'      |     \x1b[01;35m\x1b[K^~~~~~\x1b[m\x1b[K\n'}
[6.208294] (unitree_guide2) StderrLine: {'line': b'In file included from \x1b[01m\x1b[K/home/nebbackwards/WPI/Classes/RBE521/Final/ros_workspace/src/RBE521/unitree_guide2/include/message/LowlevelCmd.h:8\x1b[m\x1b[K,\n'}
[6.208459] (unitree_guide2) StderrLine: {'line': b'                 from \x1b[01m\x1b[K/home/nebbackwards/WPI/Classes/RBE521/Final/ros_workspace/src/RBE521/unitree_guide2/include/control/CtrlComponents.h:7\x1b[m\x1b[K,\n'}
[6.208670] (unitree_guide2) StderrLine: {'line': b'                 from \x1b[01m\x1b[K/home/nebbackwards/WPI/Classes/RBE521/Final/ros_workspace/src/RBE521/unitree_guide2/include/Gait/FeetEndCal.h:7\x1b[m\x1b[K,\n'}
[6.208906] (unitree_guide2) StderrLine: {'line': b'                 from \x1b[01m\x1b[K/home/nebbackwards/WPI/Classes/RBE521/Final/ros_workspace/src/RBE521/unitree_guide2/src/Gait/FeetEndCal.cpp:4\x1b[m\x1b[K:\n'}
[6.209131] (unitree_guide2) StderrLine: {'line': b'\x1b[01m\x1b[K/home/nebbackwards/WPI/Classes/RBE521/Final/ros_workspace/src/RBE521/unitree_guide2/include/common/mathTools.h:\x1b[m\x1b[K In constructor \xe2\x80\x98\x1b[01m\x1b[KAvgCov::\x1b[01;32m\x1b[KAvgCov\x1b[m\x1b[K(unsigned int, std::string, bool, unsigned int, unsigned int, double)\x1b[m\x1b[K\xe2\x80\x99:\n'}
[6.209332] (unitree_guide2) StderrLine: {'line': b'\x1b[01m\x1b[K/home/nebbackwards/WPI/Classes/RBE521/Final/ros_workspace/src/RBE521/unitree_guide2/include/common/mathTools.h:278:17:\x1b[m\x1b[K \x1b[01;35m\x1b[Kwarning: \x1b[m\x1b[K\xe2\x80\x98\x1b[01m\x1b[KAvgCov::_valueName\x1b[m\x1b[K\xe2\x80\x99 will be initialized after [\x1b[01;35m\x1b[K\x1b]8;;https://gcc.gnu.org/onlinedocs/gcc/Warning-Options.html#index-Wreorder\x07-Wreorder\x1b]8;;\x07\x1b[m\x1b[K]\n'}
[6.209518] (unitree_guide2) StderrLine: {'line': b'  278 |     std::string \x1b[01;35m\x1b[K_valueName\x1b[m\x1b[K;\n'}
[6.209706] (unitree_guide2) StderrLine: {'line': b'      |                 \x1b[01;35m\x1b[K^~~~~~~~~~\x1b[m\x1b[K\n'}
[6.209888] (unitree_guide2) StderrLine: {'line': b'\x1b[01m\x1b[K/home/nebbackwards/WPI/Classes/RBE521/Final/ros_workspace/src/RBE521/unitree_guide2/include/common/mathTools.h:272:10:\x1b[m\x1b[K \x1b[01;35m\x1b[Kwarning: \x1b[m\x1b[K  \xe2\x80\x98\x1b[01m\x1b[Kbool AvgCov::_avgOnly\x1b[m\x1b[K\xe2\x80\x99 [\x1b[01;35m\x1b[K\x1b]8;;https://gcc.gnu.org/onlinedocs/gcc/Warning-Options.html#index-Wreorder\x07-Wreorder\x1b]8;;\x07\x1b[m\x1b[K]\n'}
[6.210088] (unitree_guide2) StderrLine: {'line': b'  272 |     bool \x1b[01;35m\x1b[K_avgOnly\x1b[m\x1b[K;\n'}
[6.210259] (unitree_guide2) StderrLine: {'line': b'      |          \x1b[01;35m\x1b[K^~~~~~~~\x1b[m\x1b[K\n'}
[6.210412] (unitree_guide2) StderrLine: {'line': b'\x1b[01m\x1b[K/home/nebbackwards/WPI/Classes/RBE521/Final/ros_workspace/src/RBE521/unitree_guide2/include/common/mathTools.h:246:5:\x1b[m\x1b[K \x1b[01;35m\x1b[Kwarning: \x1b[m\x1b[K  when initialized here [\x1b[01;35m\x1b[K\x1b]8;;https://gcc.gnu.org/onlinedocs/gcc/Warning-Options.html#index-Wreorder\x07-Wreorder\x1b]8;;\x07\x1b[m\x1b[K]\n'}
[6.210576] (unitree_guide2) StderrLine: {'line': b'  246 |     \x1b[01;35m\x1b[KAvgCov\x1b[m\x1b[K(unsigned int size, std::string name, bool avgOnly=false, unsigned int showPeriod=1000, unsigned int waitCount=5000, double zoomFactor=10000)\n'}
[6.210802] (unitree_guide2) StderrLine: {'line': b'      |     \x1b[01;35m\x1b[K^~~~~~\x1b[m\x1b[K\n'}
[6.210973] (unitree_guide2) StderrLine: {'line': b'In file included from \x1b[01m\x1b[K/home/nebbackwards/WPI/Classes/RBE521/Final/ros_workspace/src/RBE521/unitree_guide2/include/message/LowlevelState.h:10\x1b[m\x1b[K,\n'}
[6.211142] (unitree_guide2) StderrLine: {'line': b'                 from \x1b[01m\x1b[K/home/nebbackwards/WPI/Classes/RBE521/Final/ros_workspace/src/RBE521/unitree_guide2/include/control/CtrlComponents.h:8\x1b[m\x1b[K:\n'}
[6.211327] (unitree_guide2) StderrLine: {'line': b'\x1b[01m\x1b[K/home/nebbackwards/WPI/Classes/RBE521/Final/ros_workspace/src/RBE521/unitree_guide2/include/interface/CmdPanel.h:\x1b[m\x1b[K In member function \xe2\x80\x98\x1b[01m\x1b[Kvirtual void* CmdPanel::\x1b[01;32m\x1b[Krun\x1b[m\x1b[K(void*)\x1b[m\x1b[K\xe2\x80\x99:\n'}
[6.211498] (unitree_guide2) StderrLine: {'line': b'\x1b[01m\x1b[K/home/nebbackwards/WPI/Classes/RBE521/Final/ros_workspace/src/RBE521/unitree_guide2/include/interface/CmdPanel.h:50:29:\x1b[m\x1b[K \x1b[01;35m\x1b[Kwarning: \x1b[m\x1b[Kunused parameter \xe2\x80\x98\x1b[01m\x1b[Karg\x1b[m\x1b[K\xe2\x80\x99 [\x1b[01;35m\x1b[K\x1b]8;;https://gcc.gnu.org/onlinedocs/gcc/Warning-Options.html#index-Wunused-parameter\x07-Wunused-parameter\x1b]8;;\x07\x1b[m\x1b[K]\n'}
[6.211766] (unitree_guide2) StderrLine: {'line': b'   50 |     virtual void* run(\x1b[01;35m\x1b[Kvoid *arg\x1b[m\x1b[K){return NULL;}\n'}
[6.211989] (unitree_guide2) StderrLine: {'line': b'      |                       \x1b[01;35m\x1b[K~~~~~~^~~\x1b[m\x1b[K\n'}
[6.215715] (unitree_guide2) StderrLine: {'line': b'In file included from \x1b[01m\x1b[K/home/nebbackwards/WPI/Classes/RBE521/Final/ros_workspace/src/RBE521/unitree_guide2/include/message/LowlevelState.h:10\x1b[m\x1b[K,\n'}
[6.216092] (unitree_guide2) StderrLine: {'line': b'                 from \x1b[01m\x1b[K/home/nebbackwards/WPI/Classes/RBE521/Final/ros_workspace/src/RBE521/unitree_guide2/include/control/CtrlComponents.h:8\x1b[m\x1b[K:\n'}
[6.216317] (unitree_guide2) StderrLine: {'line': b'\x1b[01m\x1b[K/home/nebbackwards/WPI/Classes/RBE521/Final/ros_workspace/src/RBE521/unitree_guide2/include/interface/CmdPanel.h:\x1b[m\x1b[K In member function \xe2\x80\x98\x1b[01m\x1b[Kvirtual void* CmdPanel::\x1b[01;32m\x1b[Krun\x1b[m\x1b[K(void*)\x1b[m\x1b[K\xe2\x80\x99:\n'}
[6.216522] (unitree_guide2) StderrLine: {'line': b'\x1b[01m\x1b[K/home/nebbackwards/WPI/Classes/RBE521/Final/ros_workspace/src/RBE521/unitree_guide2/include/interface/CmdPanel.h:50:29:\x1b[m\x1b[K \x1b[01;35m\x1b[Kwarning: \x1b[m\x1b[Kunused parameter \xe2\x80\x98\x1b[01m\x1b[Karg\x1b[m\x1b[K\xe2\x80\x99 [\x1b[01;35m\x1b[K\x1b]8;;https://gcc.gnu.org/onlinedocs/gcc/Warning-Options.html#index-Wunused-parameter\x07-Wunused-parameter\x1b]8;;\x07\x1b[m\x1b[K]\n'}
[6.216772] (unitree_guide2) StderrLine: {'line': b'   50 |     virtual void* run(\x1b[01;35m\x1b[Kvoid *arg\x1b[m\x1b[K){return NULL;}\n'}
[6.216971] (unitree_guide2) StderrLine: {'line': b'      |                       \x1b[01;35m\x1b[K~~~~~~^~~\x1b[m\x1b[K\n'}
[6.217111] (unitree_guide2) StderrLine: {'line': b'In file included from \x1b[01m\x1b[K/home/nebbackwards/WPI/Classes/RBE521/Final/ros_workspace/src/RBE521/unitree_guide2/include/message/LowlevelState.h:10\x1b[m\x1b[K,\n'}
[6.217261] (unitree_guide2) StderrLine: {'line': b'                 from \x1b[01m\x1b[K/home/nebbackwards/WPI/Classes/RBE521/Final/ros_workspace/src/RBE521/unitree_guide2/include/control/CtrlComponents.h:8\x1b[m\x1b[K:\n'}
[6.217417] (unitree_guide2) StderrLine: {'line': b'\x1b[01m\x1b[K/home/nebbackwards/WPI/Classes/RBE521/Final/ros_workspace/src/RBE521/unitree_guide2/include/interface/CmdPanel.h:\x1b[m\x1b[K In member function \xe2\x80\x98\x1b[01m\x1b[Kvirtual void* CmdPanel::\x1b[01;32m\x1b[Krun\x1b[m\x1b[K(void*)\x1b[m\x1b[K\xe2\x80\x99:\n'}
[6.217582] (unitree_guide2) StderrLine: {'line': b'\x1b[01m\x1b[K/home/nebbackwards/WPI/Classes/RBE521/Final/ros_workspace/src/RBE521/unitree_guide2/include/interface/CmdPanel.h:50:29:\x1b[m\x1b[K \x1b[01;35m\x1b[Kwarning: \x1b[m\x1b[Kunused parameter \xe2\x80\x98\x1b[01m\x1b[Karg\x1b[m\x1b[K\xe2\x80\x99 [\x1b[01;35m\x1b[K\x1b]8;;https://gcc.gnu.org/onlinedocs/gcc/Warning-Options.html#index-Wunused-parameter\x07-Wunused-parameter\x1b]8;;\x07\x1b[m\x1b[K]\n'}
[6.217792] (unitree_guide2) StderrLine: {'line': b'   50 |     virtual void* run(\x1b[01;35m\x1b[Kvoid *arg\x1b[m\x1b[K){return NULL;}\n'}
[6.217977] (unitree_guide2) StderrLine: {'line': b'      |                       \x1b[01;35m\x1b[K~~~~~~^~~\x1b[m\x1b[K\n'}
[6.227751] (unitree_guide2) StderrLine: {'line': b'In file included from \x1b[01m\x1b[K/home/nebbackwards/WPI/Classes/RBE521/Final/ros_workspace/src/RBE521/unitree_guide2/include/message/LowlevelState.h:10\x1b[m\x1b[K,\n'}
[6.228150] (unitree_guide2) StderrLine: {'line': b'                 from \x1b[01m\x1b[K/home/nebbackwards/WPI/Classes/RBE521/Final/ros_workspace/src/RBE521/unitree_guide2/include/control/CtrlComponents.h:8\x1b[m\x1b[K:\n'}
[6.228356] (unitree_guide2) StderrLine: {'line': b'\x1b[01m\x1b[K/home/nebbackwards/WPI/Classes/RBE521/Final/ros_workspace/src/RBE521/unitree_guide2/include/interface/CmdPanel.h:\x1b[m\x1b[K In member function \xe2\x80\x98\x1b[01m\x1b[Kvirtual void* CmdPanel::\x1b[01;32m\x1b[Krun\x1b[m\x1b[K(void*)\x1b[m\x1b[K\xe2\x80\x99:\n'}
[6.228548] (unitree_guide2) StderrLine: {'line': b'\x1b[01m\x1b[K/home/nebbackwards/WPI/Classes/RBE521/Final/ros_workspace/src/RBE521/unitree_guide2/include/interface/CmdPanel.h:50:29:\x1b[m\x1b[K \x1b[01;35m\x1b[Kwarning: \x1b[m\x1b[Kunused parameter \xe2\x80\x98\x1b[01m\x1b[Karg\x1b[m\x1b[K\xe2\x80\x99 [\x1b[01;35m\x1b[K\x1b]8;;https://gcc.gnu.org/onlinedocs/gcc/Warning-Options.html#index-Wunused-parameter\x07-Wunused-parameter\x1b]8;;\x07\x1b[m\x1b[K]\n'}
[6.228796] (unitree_guide2) StderrLine: {'line': b'   50 |     virtual void* run(\x1b[01;35m\x1b[Kvoid *arg\x1b[m\x1b[K){return NULL;}\n'}
[6.228973] (unitree_guide2) StderrLine: {'line': b'      |                       \x1b[01;35m\x1b[K~~~~~~^~~\x1b[m\x1b[K\n'}
[6.232122] (unitree_guide2) StderrLine: {'line': b'In file included from \x1b[01m\x1b[K/home/nebbackwards/WPI/Classes/RBE521/Final/ros_workspace/src/RBE521/unitree_guide2/include/message/LowlevelState.h:10\x1b[m\x1b[K,\n'}
[6.232483] (unitree_guide2) StderrLine: {'line': b'                 from \x1b[01m\x1b[K/home/nebbackwards/WPI/Classes/RBE521/Final/ros_workspace/src/RBE521/unitree_guide2/include/control/CtrlComponents.h:8\x1b[m\x1b[K:\n'}
[6.232730] (unitree_guide2) StderrLine: {'line': b'\x1b[01m\x1b[K/home/nebbackwards/WPI/Classes/RBE521/Final/ros_workspace/src/RBE521/unitree_guide2/include/interface/CmdPanel.h:\x1b[m\x1b[K In member function \xe2\x80\x98\x1b[01m\x1b[Kvirtual void* CmdPanel::\x1b[01;32m\x1b[Krun\x1b[m\x1b[K(void*)\x1b[m\x1b[K\xe2\x80\x99:\n'}
[6.232942] (unitree_guide2) StderrLine: {'line': b'\x1b[01m\x1b[K/home/nebbackwards/WPI/Classes/RBE521/Final/ros_workspace/src/RBE521/unitree_guide2/include/interface/CmdPanel.h:50:29:\x1b[m\x1b[K \x1b[01;35m\x1b[Kwarning: \x1b[m\x1b[Kunused parameter \xe2\x80\x98\x1b[01m\x1b[Karg\x1b[m\x1b[K\xe2\x80\x99 [\x1b[01;35m\x1b[K\x1b]8;;https://gcc.gnu.org/onlinedocs/gcc/Warning-Options.html#index-Wunused-parameter\x07-Wunused-parameter\x1b]8;;\x07\x1b[m\x1b[K]\n'}
[6.233144] (unitree_guide2) StderrLine: {'line': b'   50 |     virtual void* run(\x1b[01;35m\x1b[Kvoid *arg\x1b[m\x1b[K){return NULL;}\n'}
[6.233360] (unitree_guide2) StderrLine: {'line': b'      |                       \x1b[01;35m\x1b[K~~~~~~^~~\x1b[m\x1b[K\n'}
[6.235878] (unitree_guide2) StderrLine: {'line': b'In file included from \x1b[01m\x1b[K/home/nebbackwards/WPI/Classes/RBE521/Final/ros_workspace/src/RBE521/unitree_guide2/include/message/LowlevelCmd.h:8\x1b[m\x1b[K,\n'}
[6.236234] (unitree_guide2) StderrLine: {'line': b'                 from \x1b[01m\x1b[K/home/nebbackwards/WPI/Classes/RBE521/Final/ros_workspace/src/RBE521/unitree_guide2/include/control/CtrlComponents.h:7\x1b[m\x1b[K,\n'}
[6.236444] (unitree_guide2) StderrLine: {'line': b'                 from \x1b[01m\x1b[K/home/nebbackwards/WPI/Classes/RBE521/Final/ros_workspace/src/RBE521/unitree_guide2/include/FSM/FSMState.h:10\x1b[m\x1b[K,\n'}
[6.236615] (unitree_guide2) StderrLine: {'line': b'                 from \x1b[01m\x1b[K/home/nebbackwards/WPI/Classes/RBE521/Final/ros_workspace/src/RBE521/unitree_guide2/include/FSM/State_FreeStand.h:7\x1b[m\x1b[K,\n'}
[6.236851] (unitree_guide2) StderrLine: {'line': b'                 from \x1b[01m\x1b[K/home/nebbackwards/WPI/Classes/RBE521/Final/ros_workspace/src/RBE521/unitree_guide2/src/FSM/State_FreeStand.cpp:4\x1b[m\x1b[K:\n'}
[6.237148] (unitree_guide2) StderrLine: {'line': b'\x1b[01m\x1b[K/home/nebbackwards/WPI/Classes/RBE521/Final/ros_workspace/src/RBE521/unitree_guide2/include/common/mathTools.h:\x1b[m\x1b[K In constructor \xe2\x80\x98\x1b[01m\x1b[KAvgCov::\x1b[01;32m\x1b[KAvgCov\x1b[m\x1b[K(unsigned int, std::string, bool, unsigned int, unsigned int, double)\x1b[m\x1b[K\xe2\x80\x99:\n'}
[6.237346] (unitree_guide2) StderrLine: {'line': b'\x1b[01m\x1b[K/home/nebbackwards/WPI/Classes/RBE521/Final/ros_workspace/src/RBE521/unitree_guide2/include/common/mathTools.h:278:17:\x1b[m\x1b[K \x1b[01;35m\x1b[Kwarning: \x1b[m\x1b[K\xe2\x80\x98\x1b[01m\x1b[KAvgCov::_valueName\x1b[m\x1b[K\xe2\x80\x99 will be initialized after [\x1b[01;35m\x1b[K\x1b]8;;https://gcc.gnu.org/onlinedocs/gcc/Warning-Options.html#index-Wreorder\x07-Wreorder\x1b]8;;\x07\x1b[m\x1b[K]\n'}
[6.237521] (unitree_guide2) StderrLine: {'line': b'  278 |     std::string \x1b[01;35m\x1b[K_valueName\x1b[m\x1b[K;\n'}
[6.237703] (unitree_guide2) StderrLine: {'line': b'      |                 \x1b[01;35m\x1b[K^~~~~~~~~~\x1b[m\x1b[K\n'}
[6.237903] (unitree_guide2) StderrLine: {'line': b'\x1b[01m\x1b[K/home/nebbackwards/WPI/Classes/RBE521/Final/ros_workspace/src/RBE521/unitree_guide2/include/common/mathTools.h:272:10:\x1b[m\x1b[K \x1b[01;35m\x1b[Kwarning: \x1b[m\x1b[K  \xe2\x80\x98\x1b[01m\x1b[Kbool AvgCov::_avgOnly\x1b[m\x1b[K\xe2\x80\x99 [\x1b[01;35m\x1b[K\x1b]8;;https://gcc.gnu.org/onlinedocs/gcc/Warning-Options.html#index-Wreorder\x07-Wreorder\x1b]8;;\x07\x1b[m\x1b[K]\n'}
[6.238098] (unitree_guide2) StderrLine: {'line': b'  272 |     bool \x1b[01;35m\x1b[K_avgOnly\x1b[m\x1b[K;\n'}
[6.238258] (-) TimerEvent: {}
[6.238466] (unitree_guide2) StderrLine: {'line': b'      |          \x1b[01;35m\x1b[K^~~~~~~~\x1b[m\x1b[K\n'}
[6.240776] (unitree_guide2) StderrLine: {'line': b'\x1b[01m\x1b[K/home/nebbackwards/WPI/Classes/RBE521/Final/ros_workspace/src/RBE521/unitree_guide2/include/common/mathTools.h:246:5:\x1b[m\x1b[K \x1b[01;35m\x1b[Kwarning: \x1b[m\x1b[K  when initialized here [\x1b[01;35m\x1b[K\x1b]8;;https://gcc.gnu.org/onlinedocs/gcc/Warning-Options.html#index-Wreorder\x07-Wreorder\x1b]8;;\x07\x1b[m\x1b[K]\n'}
[6.241125] (unitree_guide2) StderrLine: {'line': b'  246 |     \x1b[01;35m\x1b[KAvgCov\x1b[m\x1b[K(unsigned int size, std::string name, bool avgOnly=false, unsigned int showPeriod=1000, unsigned int waitCount=5000, double zoomFactor=10000)\n'}
[6.241309] (unitree_guide2) StderrLine: {'line': b'      |     \x1b[01;35m\x1b[K^~~~~~\x1b[m\x1b[K\n'}
[6.252736] (unitree_guide2) StderrLine: {'line': b'In file included from \x1b[01m\x1b[K/home/nebbackwards/WPI/Classes/RBE521/Final/ros_workspace/src/RBE521/unitree_guide2/include/message/LowlevelState.h:10\x1b[m\x1b[K,\n'}
[6.253141] (unitree_guide2) StderrLine: {'line': b'                 from \x1b[01m\x1b[K/home/nebbackwards/WPI/Classes/RBE521/Final/ros_workspace/src/RBE521/unitree_guide2/include/control/CtrlComponents.h:8\x1b[m\x1b[K:\n'}
[6.253345] (unitree_guide2) StderrLine: {'line': b'\x1b[01m\x1b[K/home/nebbackwards/WPI/Classes/RBE521/Final/ros_workspace/src/RBE521/unitree_guide2/include/interface/CmdPanel.h:\x1b[m\x1b[K In member function \xe2\x80\x98\x1b[01m\x1b[Kvirtual void* CmdPanel::\x1b[01;32m\x1b[Krun\x1b[m\x1b[K(void*)\x1b[m\x1b[K\xe2\x80\x99:\n'}
[6.253518] (unitree_guide2) StderrLine: {'line': b'\x1b[01m\x1b[K/home/nebbackwards/WPI/Classes/RBE521/Final/ros_workspace/src/RBE521/unitree_guide2/include/interface/CmdPanel.h:50:29:\x1b[m\x1b[K \x1b[01;35m\x1b[Kwarning: \x1b[m\x1b[Kunused parameter \xe2\x80\x98\x1b[01m\x1b[Karg\x1b[m\x1b[K\xe2\x80\x99 [\x1b[01;35m\x1b[K\x1b]8;;https://gcc.gnu.org/onlinedocs/gcc/Warning-Options.html#index-Wunused-parameter\x07-Wunused-parameter\x1b]8;;\x07\x1b[m\x1b[K]\n'}
[6.253865] (unitree_guide2) StderrLine: {'line': b'   50 |     virtual void* run(\x1b[01;35m\x1b[Kvoid *arg\x1b[m\x1b[K){return NULL;}\n'}
[6.254030] (unitree_guide2) StderrLine: {'line': b'      |                       \x1b[01;35m\x1b[K~~~~~~^~~\x1b[m\x1b[K\n'}
[6.259732] (unitree_guide2) StderrLine: {'line': b'In file included from \x1b[01m\x1b[K/home/nebbackwards/WPI/Classes/RBE521/Final/ros_workspace/src/RBE521/unitree_guide2/include/message/LowlevelState.h:10\x1b[m\x1b[K,\n'}
[6.260109] (unitree_guide2) StderrLine: {'line': b'                 from \x1b[01m\x1b[K/home/nebbackwards/WPI/Classes/RBE521/Final/ros_workspace/src/RBE521/unitree_guide2/include/control/CtrlComponents.h:8\x1b[m\x1b[K:\n'}
[6.260323] (unitree_guide2) StderrLine: {'line': b'\x1b[01m\x1b[K/home/nebbackwards/WPI/Classes/RBE521/Final/ros_workspace/src/RBE521/unitree_guide2/include/interface/CmdPanel.h:\x1b[m\x1b[K In member function \xe2\x80\x98\x1b[01m\x1b[Kvirtual void* CmdPanel::\x1b[01;32m\x1b[Krun\x1b[m\x1b[K(void*)\x1b[m\x1b[K\xe2\x80\x99:\n'}
[6.260521] (unitree_guide2) StderrLine: {'line': b'\x1b[01m\x1b[K/home/nebbackwards/WPI/Classes/RBE521/Final/ros_workspace/src/RBE521/unitree_guide2/include/interface/CmdPanel.h:50:29:\x1b[m\x1b[K \x1b[01;35m\x1b[Kwarning: \x1b[m\x1b[Kunused parameter \xe2\x80\x98\x1b[01m\x1b[Karg\x1b[m\x1b[K\xe2\x80\x99 [\x1b[01;35m\x1b[K\x1b]8;;https://gcc.gnu.org/onlinedocs/gcc/Warning-Options.html#index-Wunused-parameter\x07-Wunused-parameter\x1b]8;;\x07\x1b[m\x1b[K]\n'}
[6.261891] (unitree_guide2) StderrLine: {'line': b'   50 |     virtual void* run(\x1b[01;35m\x1b[Kvoid *arg\x1b[m\x1b[K){return NULL;}\n'}
[6.262113] (unitree_guide2) StderrLine: {'line': b'      |                       \x1b[01;35m\x1b[K~~~~~~^~~\x1b[m\x1b[K\n'}
[6.287579] (unitree_guide2) StderrLine: {'line': b'In file included from \x1b[01m\x1b[K/home/nebbackwards/WPI/Classes/RBE521/Final/ros_workspace/src/RBE521/unitree_guide2/include/message/LowlevelState.h:10\x1b[m\x1b[K,\n'}
[6.290086] (unitree_guide2) StderrLine: {'line': b'                 from \x1b[01m\x1b[K/home/nebbackwards/WPI/Classes/RBE521/Final/ros_workspace/src/RBE521/unitree_guide2/include/control/CtrlComponents.h:8\x1b[m\x1b[K:\n'}
[6.290343] (unitree_guide2) StderrLine: {'line': b'\x1b[01m\x1b[K/home/nebbackwards/WPI/Classes/RBE521/Final/ros_workspace/src/RBE521/unitree_guide2/include/interface/CmdPanel.h:\x1b[m\x1b[K In member function \xe2\x80\x98\x1b[01m\x1b[Kvirtual void* CmdPanel::\x1b[01;32m\x1b[Krun\x1b[m\x1b[K(void*)\x1b[m\x1b[K\xe2\x80\x99:\n'}
[6.290522] (unitree_guide2) StderrLine: {'line': b'\x1b[01m\x1b[K/home/nebbackwards/WPI/Classes/RBE521/Final/ros_workspace/src/RBE521/unitree_guide2/include/interface/CmdPanel.h:50:29:\x1b[m\x1b[K \x1b[01;35m\x1b[Kwarning: \x1b[m\x1b[Kunused parameter \xe2\x80\x98\x1b[01m\x1b[Karg\x1b[m\x1b[K\xe2\x80\x99 [\x1b[01;35m\x1b[K\x1b]8;;https://gcc.gnu.org/onlinedocs/gcc/Warning-Options.html#index-Wunused-parameter\x07-Wunused-parameter\x1b]8;;\x07\x1b[m\x1b[K]\n'}
[6.290729] (unitree_guide2) StderrLine: {'line': b'   50 |     virtual void* run(\x1b[01;35m\x1b[Kvoid *arg\x1b[m\x1b[K){return NULL;}\n'}
[6.290897] (unitree_guide2) StderrLine: {'line': b'      |                       \x1b[01;35m\x1b[K~~~~~~^~~\x1b[m\x1b[K\n'}
[6.298906] (unitree_guide2) StderrLine: {'line': b'In file included from \x1b[01m\x1b[K/home/nebbackwards/WPI/Classes/RBE521/Final/ros_workspace/src/RBE521/unitree_guide2/include/message/LowlevelState.h:10\x1b[m\x1b[K,\n'}
[6.299279] (unitree_guide2) StderrLine: {'line': b'                 from \x1b[01m\x1b[K/home/nebbackwards/WPI/Classes/RBE521/Final/ros_workspace/src/RBE521/unitree_guide2/include/control/CtrlComponents.h:8\x1b[m\x1b[K:\n'}
[6.299494] (unitree_guide2) StderrLine: {'line': b'\x1b[01m\x1b[K/home/nebbackwards/WPI/Classes/RBE521/Final/ros_workspace/src/RBE521/unitree_guide2/include/interface/CmdPanel.h:\x1b[m\x1b[K In member function \xe2\x80\x98\x1b[01m\x1b[Kvirtual void* CmdPanel::\x1b[01;32m\x1b[Krun\x1b[m\x1b[K(void*)\x1b[m\x1b[K\xe2\x80\x99:\n'}
[6.301887] (unitree_guide2) StderrLine: {'line': b'\x1b[01m\x1b[K/home/nebbackwards/WPI/Classes/RBE521/Final/ros_workspace/src/RBE521/unitree_guide2/include/interface/CmdPanel.h:50:29:\x1b[m\x1b[K \x1b[01;35m\x1b[Kwarning: \x1b[m\x1b[Kunused parameter \xe2\x80\x98\x1b[01m\x1b[Karg\x1b[m\x1b[K\xe2\x80\x99 [\x1b[01;35m\x1b[K\x1b]8;;https://gcc.gnu.org/onlinedocs/gcc/Warning-Options.html#index-Wunused-parameter\x07-Wunused-parameter\x1b]8;;\x07\x1b[m\x1b[K]\n'}
[6.302192] (unitree_guide2) StderrLine: {'line': b'   50 |     virtual void* run(\x1b[01;35m\x1b[Kvoid *arg\x1b[m\x1b[K){return NULL;}\n'}
[6.302391] (unitree_guide2) StderrLine: {'line': b'      |                       \x1b[01;35m\x1b[K~~~~~~^~~\x1b[m\x1b[K\n'}
[6.324397] (unitree_guide2) StderrLine: {'line': b'In file included from \x1b[01m\x1b[K/home/nebbackwards/WPI/Classes/RBE521/Final/ros_workspace/src/RBE521/unitree_guide2/include/message/LowlevelState.h:10\x1b[m\x1b[K,\n'}
[6.324889] (unitree_guide2) StderrLine: {'line': b'                 from \x1b[01m\x1b[K/home/nebbackwards/WPI/Classes/RBE521/Final/ros_workspace/src/RBE521/unitree_guide2/include/control/CtrlComponents.h:8\x1b[m\x1b[K:\n'}
[6.325163] (unitree_guide2) StderrLine: {'line': b'\x1b[01m\x1b[K/home/nebbackwards/WPI/Classes/RBE521/Final/ros_workspace/src/RBE521/unitree_guide2/include/interface/CmdPanel.h:\x1b[m\x1b[K In member function \xe2\x80\x98\x1b[01m\x1b[Kvirtual void* CmdPanel::\x1b[01;32m\x1b[Krun\x1b[m\x1b[K(void*)\x1b[m\x1b[K\xe2\x80\x99:\n'}
[6.325395] (unitree_guide2) StderrLine: {'line': b'\x1b[01m\x1b[K/home/nebbackwards/WPI/Classes/RBE521/Final/ros_workspace/src/RBE521/unitree_guide2/include/interface/CmdPanel.h:50:29:\x1b[m\x1b[K \x1b[01;35m\x1b[Kwarning: \x1b[m\x1b[Kunused parameter \xe2\x80\x98\x1b[01m\x1b[Karg\x1b[m\x1b[K\xe2\x80\x99 [\x1b[01;35m\x1b[K\x1b]8;;https://gcc.gnu.org/onlinedocs/gcc/Warning-Options.html#index-Wunused-parameter\x07-Wunused-parameter\x1b]8;;\x07\x1b[m\x1b[K]\n'}
[6.325579] (unitree_guide2) StderrLine: {'line': b'   50 |     virtual void* run(\x1b[01;35m\x1b[Kvoid *arg\x1b[m\x1b[K){return NULL;}\n'}
[6.325787] (unitree_guide2) StderrLine: {'line': b'      |                       \x1b[01;35m\x1b[K~~~~~~^~~\x1b[m\x1b[K\n'}
[6.338753] (-) TimerEvent: {}
[6.373794] (unitree_guide2) StderrLine: {'line': b'In file included from \x1b[01m\x1b[K/home/nebbackwards/WPI/Classes/RBE521/Final/ros_workspace/src/RBE521/unitree_guide2/include/message/LowlevelCmd.h:8\x1b[m\x1b[K,\n'}
[6.374212] (unitree_guide2) StderrLine: {'line': b'                 from \x1b[01m\x1b[K/home/nebbackwards/WPI/Classes/RBE521/Final/ros_workspace/src/RBE521/unitree_guide2/include/control/CtrlComponents.h:7\x1b[m\x1b[K,\n'}
[6.374463] (unitree_guide2) StderrLine: {'line': b'                 from \x1b[01m\x1b[K/home/nebbackwards/WPI/Classes/RBE521/Final/ros_workspace/src/RBE521/unitree_guide2/include/FSM/FSMState.h:10\x1b[m\x1b[K,\n'}
[6.374715] (unitree_guide2) StderrLine: {'line': b'                 from \x1b[01m\x1b[K/home/nebbackwards/WPI/Classes/RBE521/Final/ros_workspace/src/RBE521/unitree_guide2/include/FSM/FSM.h:8\x1b[m\x1b[K,\n'}
[6.374949] (unitree_guide2) StderrLine: {'line': b'                 from \x1b[01m\x1b[K/home/nebbackwards/WPI/Classes/RBE521/Final/ros_workspace/src/RBE521/unitree_guide2/include/control/ControlFrame.h:7\x1b[m\x1b[K,\n'}
[6.375108] (unitree_guide2) StderrLine: {'line': b'                 from \x1b[01m\x1b[K/home/nebbackwards/WPI/Classes/RBE521/Final/ros_workspace/src/RBE521/unitree_guide2/src/main.cpp:9\x1b[m\x1b[K:\n'}
[6.375283] (unitree_guide2) StderrLine: {'line': b'\x1b[01m\x1b[K/home/nebbackwards/WPI/Classes/RBE521/Final/ros_workspace/src/RBE521/unitree_guide2/include/common/mathTools.h:\x1b[m\x1b[K In constructor \xe2\x80\x98\x1b[01m\x1b[KAvgCov::\x1b[01;32m\x1b[KAvgCov\x1b[m\x1b[K(unsigned int, std::string, bool, unsigned int, unsigned int, double)\x1b[m\x1b[K\xe2\x80\x99:\n'}
[6.375464] (unitree_guide2) StderrLine: {'line': b'\x1b[01m\x1b[K/home/nebbackwards/WPI/Classes/RBE521/Final/ros_workspace/src/RBE521/unitree_guide2/include/common/mathTools.h:278:17:\x1b[m\x1b[K \x1b[01;35m\x1b[Kwarning: \x1b[m\x1b[K\xe2\x80\x98\x1b[01m\x1b[KAvgCov::_valueName\x1b[m\x1b[K\xe2\x80\x99 will be initialized after [\x1b[01;35m\x1b[K\x1b]8;;https://gcc.gnu.org/onlinedocs/gcc/Warning-Options.html#index-Wreorder\x07-Wreorder\x1b]8;;\x07\x1b[m\x1b[K]\n'}
[6.375662] (unitree_guide2) StderrLine: {'line': b'  278 |     std::string \x1b[01;35m\x1b[K_valueName\x1b[m\x1b[K;\n'}
[6.375854] (unitree_guide2) StderrLine: {'line': b'      |                 \x1b[01;35m\x1b[K^~~~~~~~~~\x1b[m\x1b[K\n'}
[6.376026] (unitree_guide2) StderrLine: {'line': b'\x1b[01m\x1b[K/home/nebbackwards/WPI/Classes/RBE521/Final/ros_workspace/src/RBE521/unitree_guide2/include/common/mathTools.h:272:10:\x1b[m\x1b[K \x1b[01;35m\x1b[Kwarning: \x1b[m\x1b[K  \xe2\x80\x98\x1b[01m\x1b[Kbool AvgCov::_avgOnly\x1b[m\x1b[K\xe2\x80\x99 [\x1b[01;35m\x1b[K\x1b]8;;https://gcc.gnu.org/onlinedocs/gcc/Warning-Options.html#index-Wreorder\x07-Wreorder\x1b]8;;\x07\x1b[m\x1b[K]\n'}
[6.376209] (unitree_guide2) StderrLine: {'line': b'  272 |     bool \x1b[01;35m\x1b[K_avgOnly\x1b[m\x1b[K;\n'}
[6.376364] (unitree_guide2) StderrLine: {'line': b'      |          \x1b[01;35m\x1b[K^~~~~~~~\x1b[m\x1b[K\n'}
[6.376517] (unitree_guide2) StderrLine: {'line': b'\x1b[01m\x1b[K/home/nebbackwards/WPI/Classes/RBE521/Final/ros_workspace/src/RBE521/unitree_guide2/include/common/mathTools.h:246:5:\x1b[m\x1b[K \x1b[01;35m\x1b[Kwarning: \x1b[m\x1b[K  when initialized here [\x1b[01;35m\x1b[K\x1b]8;;https://gcc.gnu.org/onlinedocs/gcc/Warning-Options.html#index-Wreorder\x07-Wreorder\x1b]8;;\x07\x1b[m\x1b[K]\n'}
[6.379951] (unitree_guide2) StderrLine: {'line': b'  246 |     \x1b[01;35m\x1b[KAvgCov\x1b[m\x1b[K(unsigned int size, std::string name, bool avgOnly=false, unsigned int showPeriod=1000, unsigned int waitCount=5000, double zoomFactor=10000)\n'}
[6.380235] (unitree_guide2) StderrLine: {'line': b'      |     \x1b[01;35m\x1b[K^~~~~~\x1b[m\x1b[K\n'}
[6.439816] (-) TimerEvent: {}
[6.460922] (unitree_guide2) StderrLine: {'line': b'In file included from \x1b[01m\x1b[K/home/nebbackwards/WPI/Classes/RBE521/Final/ros_workspace/src/RBE521/unitree_guide2/include/message/LowlevelState.h:10\x1b[m\x1b[K,\n'}
[6.461338] (unitree_guide2) StderrLine: {'line': b'                 from \x1b[01m\x1b[K/home/nebbackwards/WPI/Classes/RBE521/Final/ros_workspace/src/RBE521/unitree_guide2/include/control/CtrlComponents.h:8\x1b[m\x1b[K:\n'}
[6.461567] (unitree_guide2) StderrLine: {'line': b'\x1b[01m\x1b[K/home/nebbackwards/WPI/Classes/RBE521/Final/ros_workspace/src/RBE521/unitree_guide2/include/interface/CmdPanel.h:\x1b[m\x1b[K In member function \xe2\x80\x98\x1b[01m\x1b[Kvirtual void* CmdPanel::\x1b[01;32m\x1b[Krun\x1b[m\x1b[K(void*)\x1b[m\x1b[K\xe2\x80\x99:\n'}
[6.461818] (unitree_guide2) StderrLine: {'line': b'\x1b[01m\x1b[K/home/nebbackwards/WPI/Classes/RBE521/Final/ros_workspace/src/RBE521/unitree_guide2/include/interface/CmdPanel.h:50:29:\x1b[m\x1b[K \x1b[01;35m\x1b[Kwarning: \x1b[m\x1b[Kunused parameter \xe2\x80\x98\x1b[01m\x1b[Karg\x1b[m\x1b[K\xe2\x80\x99 [\x1b[01;35m\x1b[K\x1b]8;;https://gcc.gnu.org/onlinedocs/gcc/Warning-Options.html#index-Wunused-parameter\x07-Wunused-parameter\x1b]8;;\x07\x1b[m\x1b[K]\n'}
[6.462027] (unitree_guide2) StderrLine: {'line': b'   50 |     virtual void* run(\x1b[01;35m\x1b[Kvoid *arg\x1b[m\x1b[K){return NULL;}\n'}
[6.462206] (unitree_guide2) StderrLine: {'line': b'      |                       \x1b[01;35m\x1b[K~~~~~~^~~\x1b[m\x1b[K\n'}
[6.540070] (-) TimerEvent: {}
[6.551724] (unitree_guide2) StderrLine: {'line': b'In file included from \x1b[01m\x1b[K/home/nebbackwards/WPI/Classes/RBE521/Final/ros_workspace/src/RBE521/unitree_guide2/include/message/LowlevelCmd.h:8\x1b[m\x1b[K,\n'}
[6.552217] (unitree_guide2) StderrLine: {'line': b'                 from \x1b[01m\x1b[K/home/nebbackwards/WPI/Classes/RBE521/Final/ros_workspace/src/RBE521/unitree_guide2/include/control/CtrlComponents.h:7\x1b[m\x1b[K,\n'}
[6.552432] (unitree_guide2) StderrLine: {'line': b'                 from \x1b[01m\x1b[K/home/nebbackwards/WPI/Classes/RBE521/Final/ros_workspace/src/RBE521/unitree_guide2/include/FSM/FSMState.h:10\x1b[m\x1b[K,\n'}
[6.552607] (unitree_guide2) StderrLine: {'line': b'                 from \x1b[01m\x1b[K/home/nebbackwards/WPI/Classes/RBE521/Final/ros_workspace/src/RBE521/unitree_guide2/include/FSM/State_FixedStand.h:7\x1b[m\x1b[K,\n'}
[6.552828] (unitree_guide2) StderrLine: {'line': b'                 from \x1b[01m\x1b[K/home/nebbackwards/WPI/Classes/RBE521/Final/ros_workspace/src/RBE521/unitree_guide2/src/FSM/State_FixedStand.cpp:5\x1b[m\x1b[K:\n'}
[6.553021] (unitree_guide2) StderrLine: {'line': b'\x1b[01m\x1b[K/home/nebbackwards/WPI/Classes/RBE521/Final/ros_workspace/src/RBE521/unitree_guide2/include/common/mathTools.h:\x1b[m\x1b[K In constructor \xe2\x80\x98\x1b[01m\x1b[KAvgCov::\x1b[01;32m\x1b[KAvgCov\x1b[m\x1b[K(unsigned int, std::string, bool, unsigned int, unsigned int, double)\x1b[m\x1b[K\xe2\x80\x99:\n'}
[6.553197] (unitree_guide2) StderrLine: {'line': b'\x1b[01m\x1b[K/home/nebbackwards/WPI/Classes/RBE521/Final/ros_workspace/src/RBE521/unitree_guide2/include/common/mathTools.h:278:17:\x1b[m\x1b[K \x1b[01;35m\x1b[Kwarning: \x1b[m\x1b[K\xe2\x80\x98\x1b[01m\x1b[KAvgCov::_valueName\x1b[m\x1b[K\xe2\x80\x99 will be initialized after [\x1b[01;35m\x1b[K\x1b]8;;https://gcc.gnu.org/onlinedocs/gcc/Warning-Options.html#index-Wreorder\x07-Wreorder\x1b]8;;\x07\x1b[m\x1b[K]\n'}
[6.553365] (unitree_guide2) StderrLine: {'line': b'  278 |     std::string \x1b[01;35m\x1b[K_valueName\x1b[m\x1b[K;\n'}
[6.553534] (unitree_guide2) StderrLine: {'line': b'      |                 \x1b[01;35m\x1b[K^~~~~~~~~~\x1b[m\x1b[K\n'}
[6.553714] (unitree_guide2) StderrLine: {'line': b'\x1b[01m\x1b[K/home/nebbackwards/WPI/Classes/RBE521/Final/ros_workspace/src/RBE521/unitree_guide2/include/common/mathTools.h:272:10:\x1b[m\x1b[K \x1b[01;35m\x1b[Kwarning: \x1b[m\x1b[K  \xe2\x80\x98\x1b[01m\x1b[Kbool AvgCov::_avgOnly\x1b[m\x1b[K\xe2\x80\x99 [\x1b[01;35m\x1b[K\x1b]8;;https://gcc.gnu.org/onlinedocs/gcc/Warning-Options.html#index-Wreorder\x07-Wreorder\x1b]8;;\x07\x1b[m\x1b[K]\n'}
[6.553899] (unitree_guide2) StderrLine: {'line': b'  272 |     bool \x1b[01;35m\x1b[K_avgOnly\x1b[m\x1b[K;\n'}
[6.554156] (unitree_guide2) StderrLine: {'line': b'      |          \x1b[01;35m\x1b[K^~~~~~~~\x1b[m\x1b[K\n'}
[6.554302] (unitree_guide2) StderrLine: {'line': b'\x1b[01m\x1b[K/home/nebbackwards/WPI/Classes/RBE521/Final/ros_workspace/src/RBE521/unitree_guide2/include/common/mathTools.h:246:5:\x1b[m\x1b[K \x1b[01;35m\x1b[Kwarning: \x1b[m\x1b[K  when initialized here [\x1b[01;35m\x1b[K\x1b]8;;https://gcc.gnu.org/onlinedocs/gcc/Warning-Options.html#index-Wreorder\x07-Wreorder\x1b]8;;\x07\x1b[m\x1b[K]\n'}
[6.554486] (unitree_guide2) StderrLine: {'line': b'  246 |     \x1b[01;35m\x1b[KAvgCov\x1b[m\x1b[K(unsigned int size, std::string name, bool avgOnly=false, unsigned int showPeriod=1000, unsigned int waitCount=5000, double zoomFactor=10000)\n'}
[6.557806] (unitree_guide2) StderrLine: {'line': b'      |     \x1b[01;35m\x1b[K^~~~~~\x1b[m\x1b[K\n'}
[6.563797] (unitree_guide2) StdoutLine: {'line': b'[ 62%] \x1b[32mBuilding CXX object CMakeFiles/junior_ctrl.dir/src/common/unitreeLeg.cpp.o\x1b[0m\n'}
[6.635829] (unitree_guide2) StderrLine: {'line': b'In file included from \x1b[01m\x1b[K/home/nebbackwards/WPI/Classes/RBE521/Final/ros_workspace/src/RBE521/unitree_guide2/include/message/LowlevelState.h:10\x1b[m\x1b[K,\n'}
[6.636273] (unitree_guide2) StderrLine: {'line': b'                 from \x1b[01m\x1b[K/home/nebbackwards/WPI/Classes/RBE521/Final/ros_workspace/src/RBE521/unitree_guide2/include/control/CtrlComponents.h:8\x1b[m\x1b[K:\n'}
[6.636531] (unitree_guide2) StderrLine: {'line': b'\x1b[01m\x1b[K/home/nebbackwards/WPI/Classes/RBE521/Final/ros_workspace/src/RBE521/unitree_guide2/include/interface/CmdPanel.h:\x1b[m\x1b[K In member function \xe2\x80\x98\x1b[01m\x1b[Kvirtual void* CmdPanel::\x1b[01;32m\x1b[Krun\x1b[m\x1b[K(void*)\x1b[m\x1b[K\xe2\x80\x99:\n'}
[6.636812] (unitree_guide2) StderrLine: {'line': b'\x1b[01m\x1b[K/home/nebbackwards/WPI/Classes/RBE521/Final/ros_workspace/src/RBE521/unitree_guide2/include/interface/CmdPanel.h:50:29:\x1b[m\x1b[K \x1b[01;35m\x1b[Kwarning: \x1b[m\x1b[Kunused parameter \xe2\x80\x98\x1b[01m\x1b[Karg\x1b[m\x1b[K\xe2\x80\x99 [\x1b[01;35m\x1b[K\x1b]8;;https://gcc.gnu.org/onlinedocs/gcc/Warning-Options.html#index-Wunused-parameter\x07-Wunused-parameter\x1b]8;;\x07\x1b[m\x1b[K]\n'}
[6.637045] (unitree_guide2) StderrLine: {'line': b'   50 |     virtual void* run(\x1b[01;35m\x1b[Kvoid *arg\x1b[m\x1b[K){return NULL;}\n'}
[6.637239] (unitree_guide2) StderrLine: {'line': b'      |                       \x1b[01;35m\x1b[K~~~~~~^~~\x1b[m\x1b[K\n'}
[6.640311] (-) TimerEvent: {}
[6.743735] (-) TimerEvent: {}
[6.845347] (-) TimerEvent: {}
[6.945870] (-) TimerEvent: {}
[7.046391] (-) TimerEvent: {}
[7.147755] (-) TimerEvent: {}
[7.248283] (-) TimerEvent: {}
[7.349597] (-) TimerEvent: {}
[7.450860] (-) TimerEvent: {}
[7.552754] (-) TimerEvent: {}
[7.653261] (-) TimerEvent: {}
[7.753753] (-) TimerEvent: {}
[7.854254] (-) TimerEvent: {}
[7.955004] (-) TimerEvent: {}
[8.057977] (-) TimerEvent: {}
[8.158499] (-) TimerEvent: {}
[8.259037] (-) TimerEvent: {}
[8.359567] (-) TimerEvent: {}
[8.460143] (-) TimerEvent: {}
[8.562926] (-) TimerEvent: {}
[8.663473] (-) TimerEvent: {}
[8.764189] (-) TimerEvent: {}
[8.864782] (-) TimerEvent: {}
[8.965375] (-) TimerEvent: {}
[9.067011] (-) TimerEvent: {}
[9.167494] (-) TimerEvent: {}
[9.278579] (-) TimerEvent: {}
[9.379452] (-) TimerEvent: {}
[9.479944] (-) TimerEvent: {}
[9.580397] (-) TimerEvent: {}
[9.680886] (-) TimerEvent: {}
[9.781414] (-) TimerEvent: {}
[9.882966] (-) TimerEvent: {}
[9.983476] (-) TimerEvent: {}
[10.084766] (-) TimerEvent: {}
[10.185346] (-) TimerEvent: {}
[10.286743] (-) TimerEvent: {}
[10.387261] (-) TimerEvent: {}
[10.393831] (unitree_guide2) StderrLine: {'line': b'\x1b[01m\x1b[K/home/nebbackwards/WPI/Classes/RBE521/Final/ros_workspace/src/RBE521/unitree_guide2/include/control/CtrlComponents.h:\x1b[m\x1b[K In destructor \xe2\x80\x98\x1b[01m\x1b[KCtrlComponents::\x1b[01;32m\x1b[K~CtrlComponents\x1b[m\x1b[K()\x1b[m\x1b[K\xe2\x80\x99:\n'}
[10.394734] (unitree_guide2) StderrLine: {'line': b'\x1b[01m\x1b[K/home/nebbackwards/WPI/Classes/RBE521/Final/ros_workspace/src/RBE521/unitree_guide2/include/control/CtrlComponents.h:35:9:\x1b[m\x1b[K \x1b[01;35m\x1b[Kwarning: \x1b[m\x1b[Kdeleting object of abstract class type \xe2\x80\x98\x1b[01m\x1b[KIOInterface\x1b[m\x1b[K\xe2\x80\x99 which has non-virtual destructor will cause undefined behavior [\x1b[01;35m\x1b[K\x1b]8;;https://gcc.gnu.org/onlinedocs/gcc/Warning-Options.html#index-Wdelete-non-virtual-dtor\x07-Wdelete-non-virtual-dtor\x1b]8;;\x07\x1b[m\x1b[K]\n'}
[10.395015] (unitree_guide2) StderrLine: {'line': b'   35 |         \x1b[01;35m\x1b[Kdelete ioInter\x1b[m\x1b[K;\n'}
[10.395218] (unitree_guide2) StderrLine: {'line': b'      |         \x1b[01;35m\x1b[K^~~~~~~~~~~~~~\x1b[m\x1b[K\n'}
[10.396213] (unitree_guide2) StderrLine: {'line': b'\x1b[01m\x1b[K/home/nebbackwards/WPI/Classes/RBE521/Final/ros_workspace/src/RBE521/unitree_guide2/include/control/CtrlComponents.h:\x1b[m\x1b[K In destructor \xe2\x80\x98\x1b[01m\x1b[KCtrlComponents::\x1b[01;32m\x1b[K~CtrlComponents\x1b[m\x1b[K()\x1b[m\x1b[K\xe2\x80\x99:\n'}
[10.396520] (unitree_guide2) StderrLine: {'line': b'\x1b[01m\x1b[K/home/nebbackwards/WPI/Classes/RBE521/Final/ros_workspace/src/RBE521/unitree_guide2/include/control/CtrlComponents.h:35:9:\x1b[m\x1b[K \x1b[01;35m\x1b[Kwarning: \x1b[m\x1b[Kdeleting object of abstract class type \xe2\x80\x98\x1b[01m\x1b[KIOInterface\x1b[m\x1b[K\xe2\x80\x99 which has non-virtual destructor will cause undefined behavior [\x1b[01;35m\x1b[K\x1b]8;;https://gcc.gnu.org/onlinedocs/gcc/Warning-Options.html#index-Wdelete-non-virtual-dtor\x07-Wdelete-non-virtual-dtor\x1b]8;;\x07\x1b[m\x1b[K]\n'}
[10.397916] (unitree_guide2) StderrLine: {'line': b'   35 |         \x1b[01;35m\x1b[Kdelete ioInter\x1b[m\x1b[K;\n'}
[10.398166] (unitree_guide2) StderrLine: {'line': b'      |         \x1b[01;35m\x1b[K^~~~~~~~~~~~~~\x1b[m\x1b[K\n'}
[10.405187] (unitree_guide2) StderrLine: {'line': b'\x1b[01m\x1b[K/home/nebbackwards/WPI/Classes/RBE521/Final/ros_workspace/src/RBE521/unitree_guide2/include/FSM/State_move_gait.h:\x1b[m\x1b[K At global scope:\n'}
[10.405594] (unitree_guide2) StderrLine: {'line': b'\x1b[01m\x1b[K/home/nebbackwards/WPI/Classes/RBE521/Final/ros_workspace/src/RBE521/unitree_guide2/include/FSM/State_move_gait.h:48:52:\x1b[m\x1b[K \x1b[01;31m\x1b[Kerror: \x1b[m\x1b[Kexpected class-name before \xe2\x80\x98\x1b[01m\x1b[K{\x1b[m\x1b[K\xe2\x80\x99 token\n'}
[10.405834] (unitree_guide2) StderrLine: {'line': b'   48 | class State_move_gait : public State_GaitTransition\x1b[01;31m\x1b[K{\x1b[m\x1b[K\n'}
[10.406025] (unitree_guide2) StderrLine: {'line': b'      |                                                    \x1b[01;31m\x1b[K^\x1b[m\x1b[K\n'}
[10.407782] (unitree_guide2) StderrLine: {'line': b'\x1b[01m\x1b[K/home/nebbackwards/WPI/Classes/RBE521/Final/ros_workspace/src/RBE521/unitree_guide2/include/FSM/State_move_gait.h:57:38:\x1b[m\x1b[K \x1b[01;31m\x1b[Kerror: \x1b[m\x1b[K\xe2\x80\x98\x1b[01m\x1b[KSharedPtr\x1b[m\x1b[K\xe2\x80\x99 in \xe2\x80\x98\x1b[01m\x1b[Kstruct GaitCmd\x1b[m\x1b[K\xe2\x80\x99 does not name a type\n'}
[10.408145] (unitree_guide2) StderrLine: {'line': b'   57 |     void gaitCallback(const GaitCmd::\x1b[01;31m\x1b[KSharedPtr\x1b[m\x1b[K msg);\n'}
[10.408343] (unitree_guide2) StderrLine: {'line': b'      |                                      \x1b[01;31m\x1b[K^~~~~~~~~\x1b[m\x1b[K\n'}
[10.423755] (unitree_guide2) StderrLine: {'line': b'\x1b[01m\x1b[K/home/nebbackwards/WPI/Classes/RBE521/Final/ros_workspace/src/RBE521/unitree_guide2/include/control/CtrlComponents.h:\x1b[m\x1b[K In destructor \xe2\x80\x98\x1b[01m\x1b[KCtrlComponents::\x1b[01;32m\x1b[K~CtrlComponents\x1b[m\x1b[K()\x1b[m\x1b[K\xe2\x80\x99:\n'}
[10.424240] (unitree_guide2) StderrLine: {'line': b'\x1b[01m\x1b[K/home/nebbackwards/WPI/Classes/RBE521/Final/ros_workspace/src/RBE521/unitree_guide2/include/control/CtrlComponents.h:35:9:\x1b[m\x1b[K \x1b[01;35m\x1b[Kwarning: \x1b[m\x1b[Kdeleting object of abstract class type \xe2\x80\x98\x1b[01m\x1b[KIOInterface\x1b[m\x1b[K\xe2\x80\x99 which has non-virtual destructor will cause undefined behavior [\x1b[01;35m\x1b[K\x1b]8;;https://gcc.gnu.org/onlinedocs/gcc/Warning-Options.html#index-Wdelete-non-virtual-dtor\x07-Wdelete-non-virtual-dtor\x1b]8;;\x07\x1b[m\x1b[K]\n'}
[10.424512] (unitree_guide2) StderrLine: {'line': b'   35 |         \x1b[01;35m\x1b[Kdelete ioInter\x1b[m\x1b[K;\n'}
[10.424746] (unitree_guide2) StderrLine: {'line': b'      |         \x1b[01;35m\x1b[K^~~~~~~~~~~~~~\x1b[m\x1b[K\n'}
[10.432020] (unitree_guide2) StderrLine: {'line': b'\x1b[01m\x1b[K/home/nebbackwards/WPI/Classes/RBE521/Final/ros_workspace/src/RBE521/unitree_guide2/include/FSM/State_Trotting.h:\x1b[m\x1b[K In constructor \xe2\x80\x98\x1b[01m\x1b[KState_Trotting::\x1b[01;32m\x1b[KState_Trotting\x1b[m\x1b[K(CtrlComponents*)\x1b[m\x1b[K\xe2\x80\x99:\n'}
[10.432424] (unitree_guide2) StderrLine: {'line': b'\x1b[01m\x1b[K/home/nebbackwards/WPI/Classes/RBE521/Final/ros_workspace/src/RBE521/unitree_guide2/include/FSM/State_Trotting.h:63:14:\x1b[m\x1b[K \x1b[01;35m\x1b[Kwarning: \x1b[m\x1b[K\xe2\x80\x98\x1b[01m\x1b[KState_Trotting::_contact\x1b[m\x1b[K\xe2\x80\x99 will be initialized after [\x1b[01;35m\x1b[K\x1b]8;;https://gcc.gnu.org/onlinedocs/gcc/Warning-Options.html#index-Wreorder\x07-Wreorder\x1b]8;;\x07\x1b[m\x1b[K]\n'}
[10.432671] (unitree_guide2) StderrLine: {'line': b'   63 |     VecInt4 *\x1b[01;35m\x1b[K_contact\x1b[m\x1b[K;\n'}
[10.432901] (unitree_guide2) StderrLine: {'line': b'      |              \x1b[01;35m\x1b[K^~~~~~~~\x1b[m\x1b[K\n'}
[10.433265] (unitree_guide2) StderrLine: {'line': b'\x1b[01m\x1b[K/home/nebbackwards/WPI/Classes/RBE521/Final/ros_workspace/src/RBE521/unitree_guide2/include/FSM/State_Trotting.h:30:21:\x1b[m\x1b[K \x1b[01;35m\x1b[Kwarning: \x1b[m\x1b[K  \xe2\x80\x98\x1b[01m\x1b[KQuadrupedRobot* State_Trotting::_robModel\x1b[m\x1b[K\xe2\x80\x99 [\x1b[01;35m\x1b[K\x1b]8;;https://gcc.gnu.org/onlinedocs/gcc/Warning-Options.html#index-Wreorder\x07-Wreorder\x1b]8;;\x07\x1b[m\x1b[K]\n'}
[10.433472] (unitree_guide2) StderrLine: {'line': b'   30 |     QuadrupedRobot *\x1b[01;35m\x1b[K_robModel\x1b[m\x1b[K;\n'}
[10.433649] (unitree_guide2) StderrLine: {'line': b'      |                     \x1b[01;35m\x1b[K^~~~~~~~~\x1b[m\x1b[K\n'}
[10.437054] (unitree_guide2) StderrLine: {'line': b'\x1b[01m\x1b[K/home/nebbackwards/WPI/Classes/RBE521/Final/ros_workspace/src/RBE521/unitree_guide2/src/FSM/State_Trotting.cpp:7:1:\x1b[m\x1b[K \x1b[01;35m\x1b[Kwarning: \x1b[m\x1b[K  when initialized here [\x1b[01;35m\x1b[K\x1b]8;;https://gcc.gnu.org/onlinedocs/gcc/Warning-Options.html#index-Wreorder\x07-Wreorder\x1b]8;;\x07\x1b[m\x1b[K]\n'}
[10.437253] (unitree_guide2) StderrLine: {'line': b'    7 | \x1b[01;35m\x1b[KState_Trotting\x1b[m\x1b[K::State_Trotting(CtrlComponents *ctrlComp)\n'}
[10.437411] (unitree_guide2) StderrLine: {'line': b'      | \x1b[01;35m\x1b[K^~~~~~~~~~~~~~\x1b[m\x1b[K\n'}
[10.487407] (-) TimerEvent: {}
[10.587890] (-) TimerEvent: {}
[10.609553] (unitree_guide2) StderrLine: {'line': b'\x1b[01m\x1b[K/home/nebbackwards/WPI/Classes/RBE521/Final/ros_workspace/src/RBE521/unitree_guide2/include/control/CtrlComponents.h:\x1b[m\x1b[K In destructor \xe2\x80\x98\x1b[01m\x1b[KCtrlComponents::\x1b[01;32m\x1b[K~CtrlComponents\x1b[m\x1b[K()\x1b[m\x1b[K\xe2\x80\x99:\n'}
[10.610110] (unitree_guide2) StderrLine: {'line': b'\x1b[01m\x1b[K/home/nebbackwards/WPI/Classes/RBE521/Final/ros_workspace/src/RBE521/unitree_guide2/include/control/CtrlComponents.h:35:9:\x1b[m\x1b[K \x1b[01;35m\x1b[Kwarning: \x1b[m\x1b[Kdeleting object of abstract class type \xe2\x80\x98\x1b[01m\x1b[KIOInterface\x1b[m\x1b[K\xe2\x80\x99 which has non-virtual destructor will cause undefined behavior [\x1b[01;35m\x1b[K\x1b]8;;https://gcc.gnu.org/onlinedocs/gcc/Warning-Options.html#index-Wdelete-non-virtual-dtor\x07-Wdelete-non-virtual-dtor\x1b]8;;\x07\x1b[m\x1b[K]\n'}
[10.610393] (unitree_guide2) StderrLine: {'line': b'   35 |         \x1b[01;35m\x1b[Kdelete ioInter\x1b[m\x1b[K;\n'}
[10.610620] (unitree_guide2) StderrLine: {'line': b'      |         \x1b[01;35m\x1b[K^~~~~~~~~~~~~~\x1b[m\x1b[K\n'}
[10.616350] (unitree_guide2) StderrLine: {'line': b'\x1b[01m\x1b[K/home/nebbackwards/WPI/Classes/RBE521/Final/ros_workspace/src/RBE521/unitree_guide2/include/Gait/FeetEndCal.h:\x1b[m\x1b[K In constructor \xe2\x80\x98\x1b[01m\x1b[KFeetEndCal::\x1b[01;32m\x1b[KFeetEndCal\x1b[m\x1b[K(CtrlComponents*)\x1b[m\x1b[K\xe2\x80\x99:\n'}
[10.616788] (unitree_guide2) StderrLine: {'line': b'\x1b[01m\x1b[K/home/nebbackwards/WPI/Classes/RBE521/Final/ros_workspace/src/RBE521/unitree_guide2/include/Gait/FeetEndCal.h:18:16:\x1b[m\x1b[K \x1b[01;35m\x1b[Kwarning: \x1b[m\x1b[K\xe2\x80\x98\x1b[01m\x1b[KFeetEndCal::_est\x1b[m\x1b[K\xe2\x80\x99 will be initialized after [\x1b[01;35m\x1b[K\x1b]8;;https://gcc.gnu.org/onlinedocs/gcc/Warning-Options.html#index-Wreorder\x07-Wreorder\x1b]8;;\x07\x1b[m\x1b[K]\n'}
[10.617048] (unitree_guide2) StderrLine: {'line': b'   18 |     Estimator *\x1b[01;35m\x1b[K_est\x1b[m\x1b[K;\n'}
[10.617232] (unitree_guide2) StderrLine: {'line': b'      |                \x1b[01;35m\x1b[K^~~~\x1b[m\x1b[K\n'}
[10.617444] (unitree_guide2) StderrLine: {'line': b'\x1b[01m\x1b[K/home/nebbackwards/WPI/Classes/RBE521/Final/ros_workspace/src/RBE521/unitree_guide2/include/Gait/FeetEndCal.h:17:20:\x1b[m\x1b[K \x1b[01;35m\x1b[Kwarning: \x1b[m\x1b[K  \xe2\x80\x98\x1b[01m\x1b[KLowlevelState* FeetEndCal::_lowState\x1b[m\x1b[K\xe2\x80\x99 [\x1b[01;35m\x1b[K\x1b]8;;https://gcc.gnu.org/onlinedocs/gcc/Warning-Options.html#index-Wreorder\x07-Wreorder\x1b]8;;\x07\x1b[m\x1b[K]\n'}
[10.617665] (unitree_guide2) StderrLine: {'line': b'   17 |     LowlevelState *\x1b[01;35m\x1b[K_lowState\x1b[m\x1b[K;\n'}
[10.617868] (unitree_guide2) StderrLine: {'line': b'      |                    \x1b[01;35m\x1b[K^~~~~~~~~\x1b[m\x1b[K\n'}
[10.618719] (unitree_guide2) StderrLine: {'line': b'\x1b[01m\x1b[K/home/nebbackwards/WPI/Classes/RBE521/Final/ros_workspace/src/RBE521/unitree_guide2/src/Gait/FeetEndCal.cpp:6:1:\x1b[m\x1b[K \x1b[01;35m\x1b[Kwarning: \x1b[m\x1b[K  when initialized here [\x1b[01;35m\x1b[K\x1b]8;;https://gcc.gnu.org/onlinedocs/gcc/Warning-Options.html#index-Wreorder\x07-Wreorder\x1b]8;;\x07\x1b[m\x1b[K]\n'}
[10.619037] (unitree_guide2) StderrLine: {'line': b'    6 | \x1b[01;35m\x1b[KFeetEndCal\x1b[m\x1b[K::FeetEndCal(CtrlComponents *ctrlComp)\n'}
[10.619300] (unitree_guide2) StderrLine: {'line': b'      | \x1b[01;35m\x1b[K^~~~~~~~~~\x1b[m\x1b[K\n'}
[10.619502] (unitree_guide2) StderrLine: {'line': b'\x1b[01m\x1b[K/home/nebbackwards/WPI/Classes/RBE521/Final/ros_workspace/src/RBE521/unitree_guide2/include/Gait/FeetEndCal.h:19:21:\x1b[m\x1b[K \x1b[01;35m\x1b[Kwarning: \x1b[m\x1b[K\xe2\x80\x98\x1b[01m\x1b[KFeetEndCal::_robModel\x1b[m\x1b[K\xe2\x80\x99 will be initialized after [\x1b[01;35m\x1b[K\x1b]8;;https://gcc.gnu.org/onlinedocs/gcc/Warning-Options.html#index-Wreorder\x07-Wreorder\x1b]8;;\x07\x1b[m\x1b[K]\n'}
[10.619746] (unitree_guide2) StderrLine: {'line': b'   19 |     QuadrupedRobot *\x1b[01;35m\x1b[K_robModel\x1b[m\x1b[K;\n'}
[10.619948] (unitree_guide2) StderrLine: {'line': b'      |                     \x1b[01;35m\x1b[K^~~~~~~~~\x1b[m\x1b[K\n'}
[10.620147] (unitree_guide2) StderrLine: {'line': b'\x1b[01m\x1b[K/home/nebbackwards/WPI/Classes/RBE521/Final/ros_workspace/src/RBE521/unitree_guide2/include/Gait/FeetEndCal.h:16:20:\x1b[m\x1b[K \x1b[01;35m\x1b[Kwarning: \x1b[m\x1b[K  \xe2\x80\x98\x1b[01m\x1b[KWaveGenerator* FeetEndCal::_waveGen\x1b[m\x1b[K\xe2\x80\x99 [\x1b[01;35m\x1b[K\x1b]8;;https://gcc.gnu.org/onlinedocs/gcc/Warning-Options.html#index-Wreorder\x07-Wreorder\x1b]8;;\x07\x1b[m\x1b[K]\n'}
[10.620368] (unitree_guide2) StderrLine: {'line': b'   16 |     WaveGenerator *\x1b[01;35m\x1b[K_waveGen\x1b[m\x1b[K;\n'}
[10.620601] (unitree_guide2) StderrLine: {'line': b'      |                    \x1b[01;35m\x1b[K^~~~~~~~\x1b[m\x1b[K\n'}
[10.620869] (unitree_guide2) StderrLine: {'line': b'\x1b[01m\x1b[K/home/nebbackwards/WPI/Classes/RBE521/Final/ros_workspace/src/RBE521/unitree_guide2/src/Gait/FeetEndCal.cpp:6:1:\x1b[m\x1b[K \x1b[01;35m\x1b[Kwarning: \x1b[m\x1b[K  when initialized here [\x1b[01;35m\x1b[K\x1b]8;;https://gcc.gnu.org/onlinedocs/gcc/Warning-Options.html#index-Wreorder\x07-Wreorder\x1b]8;;\x07\x1b[m\x1b[K]\n'}
[10.621095] (unitree_guide2) StderrLine: {'line': b'    6 | \x1b[01;35m\x1b[KFeetEndCal\x1b[m\x1b[K::FeetEndCal(CtrlComponents *ctrlComp)\n'}
[10.621285] (unitree_guide2) StderrLine: {'line': b'      | \x1b[01;35m\x1b[K^~~~~~~~~~\x1b[m\x1b[K\n'}
[10.654709] (unitree_guide2) StderrLine: {'line': b'\x1b[01m\x1b[K/home/nebbackwards/WPI/Classes/RBE521/Final/ros_workspace/src/RBE521/unitree_guide2/include/control/CtrlComponents.h:\x1b[m\x1b[K In destructor \xe2\x80\x98\x1b[01m\x1b[KCtrlComponents::\x1b[01;32m\x1b[K~CtrlComponents\x1b[m\x1b[K()\x1b[m\x1b[K\xe2\x80\x99:\n'}
[10.655193] (unitree_guide2) StderrLine: {'line': b'\x1b[01m\x1b[K/home/nebbackwards/WPI/Classes/RBE521/Final/ros_workspace/src/RBE521/unitree_guide2/include/control/CtrlComponents.h:35:9:\x1b[m\x1b[K \x1b[01;35m\x1b[Kwarning: \x1b[m\x1b[Kdeleting object of abstract class type \xe2\x80\x98\x1b[01m\x1b[KIOInterface\x1b[m\x1b[K\xe2\x80\x99 which has non-virtual destructor will cause undefined behavior [\x1b[01;35m\x1b[K\x1b]8;;https://gcc.gnu.org/onlinedocs/gcc/Warning-Options.html#index-Wdelete-non-virtual-dtor\x07-Wdelete-non-virtual-dtor\x1b]8;;\x07\x1b[m\x1b[K]\n'}
[10.655476] (unitree_guide2) StderrLine: {'line': b'   35 |         \x1b[01;35m\x1b[Kdelete ioInter\x1b[m\x1b[K;\n'}
[10.657792] (unitree_guide2) StderrLine: {'line': b'      |         \x1b[01;35m\x1b[K^~~~~~~~~~~~~~\x1b[m\x1b[K\n'}
[10.658184] (unitree_guide2) StderrLine: {'line': b'\x1b[01m\x1b[K/home/nebbackwards/WPI/Classes/RBE521/Final/ros_workspace/src/RBE521/unitree_guide2/include/control/CtrlComponents.h:\x1b[m\x1b[K In destructor \xe2\x80\x98\x1b[01m\x1b[KCtrlComponents::\x1b[01;32m\x1b[K~CtrlComponents\x1b[m\x1b[K()\x1b[m\x1b[K\xe2\x80\x99:\n'}
[10.658452] (unitree_guide2) StderrLine: {'line': b'\x1b[01m\x1b[K/home/nebbackwards/WPI/Classes/RBE521/Final/ros_workspace/src/RBE521/unitree_guide2/include/control/CtrlComponents.h:35:9:\x1b[m\x1b[K \x1b[01;35m\x1b[Kwarning: \x1b[m\x1b[Kdeleting object of abstract class type \xe2\x80\x98\x1b[01m\x1b[KIOInterface\x1b[m\x1b[K\xe2\x80\x99 which has non-virtual destructor will cause undefined behavior [\x1b[01;35m\x1b[K\x1b]8;;https://gcc.gnu.org/onlinedocs/gcc/Warning-Options.html#index-Wdelete-non-virtual-dtor\x07-Wdelete-non-virtual-dtor\x1b]8;;\x07\x1b[m\x1b[K]\n'}
[10.658689] (unitree_guide2) StderrLine: {'line': b'   35 |         \x1b[01;35m\x1b[Kdelete ioInter\x1b[m\x1b[K;\n'}
[10.658958] (unitree_guide2) StderrLine: {'line': b'      |         \x1b[01;35m\x1b[K^~~~~~~~~~~~~~\x1b[m\x1b[K\n'}
[10.664623] (unitree_guide2) StderrLine: {'line': b'\x1b[01m\x1b[K/home/nebbackwards/WPI/Classes/RBE521/Final/ros_workspace/src/RBE521/unitree_guide2/include/FSM/FSMState.h:\x1b[m\x1b[K In constructor \xe2\x80\x98\x1b[01m\x1b[KFSMState::\x1b[01;32m\x1b[KFSMState\x1b[m\x1b[K(CtrlComponents*, FSMStateName, std::string)\x1b[m\x1b[K\xe2\x80\x99:\n'}
[10.665109] (unitree_guide2) StderrLine: {'line': b'\x1b[01m\x1b[K/home/nebbackwards/WPI/Classes/RBE521/Final/ros_workspace/src/RBE521/unitree_guide2/include/FSM/FSMState.h:31:21:\x1b[m\x1b[K \x1b[01;35m\x1b[Kwarning: \x1b[m\x1b[K\xe2\x80\x98\x1b[01m\x1b[KFSMState::_ctrlComp\x1b[m\x1b[K\xe2\x80\x99 will be initialized after [\x1b[01;35m\x1b[K\x1b]8;;https://gcc.gnu.org/onlinedocs/gcc/Warning-Options.html#index-Wreorder\x07-Wreorder\x1b]8;;\x07\x1b[m\x1b[K]\n'}
[10.665384] (unitree_guide2) StderrLine: {'line': b'   31 |     CtrlComponents *\x1b[01;35m\x1b[K_ctrlComp\x1b[m\x1b[K;\n'}
[10.665616] (unitree_guide2) StderrLine: {'line': b'      |                     \x1b[01;35m\x1b[K^~~~~~~~~\x1b[m\x1b[K\n'}
[10.665866] (unitree_guide2) StderrLine: {'line': b'\x1b[01m\x1b[K/home/nebbackwards/WPI/Classes/RBE521/Final/ros_workspace/src/RBE521/unitree_guide2/include/FSM/FSMState.h:28:18:\x1b[m\x1b[K \x1b[01;35m\x1b[Kwarning: \x1b[m\x1b[K  \xe2\x80\x98\x1b[01m\x1b[KFSMStateName FSMState::_stateName\x1b[m\x1b[K\xe2\x80\x99 [\x1b[01;35m\x1b[K\x1b]8;;https://gcc.gnu.org/onlinedocs/gcc/Warning-Options.html#index-Wreorder\x07-Wreorder\x1b]8;;\x07\x1b[m\x1b[K]\n'}
[10.666072] (unitree_guide2) StderrLine: {'line': b'   28 |     FSMStateName \x1b[01;35m\x1b[K_stateName\x1b[m\x1b[K;\n'}
[10.666259] (unitree_guide2) StderrLine: {'line': b'      |                  \x1b[01;35m\x1b[K^~~~~~~~~~\x1b[m\x1b[K\n'}
[10.666451] (unitree_guide2) StderrLine: {'line': b'\x1b[01m\x1b[K/home/nebbackwards/WPI/Classes/RBE521/Final/ros_workspace/src/RBE521/unitree_guide2/src/FSM/FSMState.cpp:6:1:\x1b[m\x1b[K \x1b[01;35m\x1b[Kwarning: \x1b[m\x1b[K  when initialized here [\x1b[01;35m\x1b[K\x1b]8;;https://gcc.gnu.org/onlinedocs/gcc/Warning-Options.html#index-Wreorder\x07-Wreorder\x1b]8;;\x07\x1b[m\x1b[K]\n'}
[10.666681] (unitree_guide2) StderrLine: {'line': b'    6 | \x1b[01;35m\x1b[KFSMState\x1b[m\x1b[K::FSMState(CtrlComponents *ctrlComp, FSMStateName stateName, std::string stateNameString)\n'}
[10.666892] (unitree_guide2) StderrLine: {'line': b'      | \x1b[01;35m\x1b[K^~~~~~~~\x1b[m\x1b[K\n'}
[10.667069] (unitree_guide2) StderrLine: {'line': b'\x1b[01m\x1b[K/home/nebbackwards/WPI/Classes/RBE521/Final/ros_workspace/src/RBE521/unitree_guide2/include/control/CtrlComponents.h:\x1b[m\x1b[K In destructor \xe2\x80\x98\x1b[01m\x1b[KCtrlComponents::\x1b[01;32m\x1b[K~CtrlComponents\x1b[m\x1b[K()\x1b[m\x1b[K\xe2\x80\x99:\n'}
[10.667272] (unitree_guide2) StderrLine: {'line': b'\x1b[01m\x1b[K/home/nebbackwards/WPI/Classes/RBE521/Final/ros_workspace/src/RBE521/unitree_guide2/include/control/CtrlComponents.h:35:9:\x1b[m\x1b[K \x1b[01;35m\x1b[Kwarning: \x1b[m\x1b[Kdeleting object of abstract class type \xe2\x80\x98\x1b[01m\x1b[KIOInterface\x1b[m\x1b[K\xe2\x80\x99 which has non-virtual destructor will cause undefined behavior [\x1b[01;35m\x1b[K\x1b]8;;https://gcc.gnu.org/onlinedocs/gcc/Warning-Options.html#index-Wdelete-non-virtual-dtor\x07-Wdelete-non-virtual-dtor\x1b]8;;\x07\x1b[m\x1b[K]\n'}
[10.667464] (unitree_guide2) StderrLine: {'line': b'   35 |         \x1b[01;35m\x1b[Kdelete ioInter\x1b[m\x1b[K;\n'}
[10.671297] (unitree_guide2) StderrLine: {'line': b'      |         \x1b[01;35m\x1b[K^~~~~~~~~~~~~~\x1b[m\x1b[K\n'}
[10.672989] (unitree_guide2) StderrLine: {'line': b'\x1b[01m\x1b[K/home/nebbackwards/WPI/Classes/RBE521/Final/ros_workspace/src/RBE521/unitree_guide2/include/control/CtrlComponents.h:\x1b[m\x1b[K In destructor \xe2\x80\x98\x1b[01m\x1b[KCtrlComponents::\x1b[01;32m\x1b[K~CtrlComponents\x1b[m\x1b[K()\x1b[m\x1b[K\xe2\x80\x99:\n'}
[10.673358] (unitree_guide2) StderrLine: {'line': b'\x1b[01m\x1b[K/home/nebbackwards/WPI/Classes/RBE521/Final/ros_workspace/src/RBE521/unitree_guide2/include/control/CtrlComponents.h:35:9:\x1b[m\x1b[K \x1b[01;35m\x1b[Kwarning: \x1b[m\x1b[Kdeleting object of abstract class type \xe2\x80\x98\x1b[01m\x1b[KIOInterface\x1b[m\x1b[K\xe2\x80\x99 which has non-virtual destructor will cause undefined behavior [\x1b[01;35m\x1b[K\x1b]8;;https://gcc.gnu.org/onlinedocs/gcc/Warning-Options.html#index-Wdelete-non-virtual-dtor\x07-Wdelete-non-virtual-dtor\x1b]8;;\x07\x1b[m\x1b[K]\n'}
[10.673601] (unitree_guide2) StderrLine: {'line': b'   35 |         \x1b[01;35m\x1b[Kdelete ioInter\x1b[m\x1b[K;\n'}
[10.673919] (unitree_guide2) StderrLine: {'line': b'      |         \x1b[01;35m\x1b[K^~~~~~~~~~~~~~\x1b[m\x1b[K\n'}
[10.686078] (unitree_guide2) StderrLine: {'line': b'\x1b[01m\x1b[K/home/nebbackwards/WPI/Classes/RBE521/Final/ros_workspace/src/RBE521/unitree_guide2/include/FSM/State_GaitTransition.h:\x1b[m\x1b[K In constructor \xe2\x80\x98\x1b[01m\x1b[KState_GaitTransition::\x1b[01;32m\x1b[KState_GaitTransition\x1b[m\x1b[K(CtrlComponents*)\x1b[m\x1b[K\xe2\x80\x99:\n'}
[10.686736] (unitree_guide2) StderrLine: {'line': b'\x1b[01m\x1b[K/home/nebbackwards/WPI/Classes/RBE521/Final/ros_workspace/src/RBE521/unitree_guide2/include/FSM/State_GaitTransition.h:67:14:\x1b[m\x1b[K \x1b[01;35m\x1b[Kwarning: \x1b[m\x1b[K\xe2\x80\x98\x1b[01m\x1b[KState_GaitTransition::_contact\x1b[m\x1b[K\xe2\x80\x99 will be initialized after [\x1b[01;35m\x1b[K\x1b]8;;https://gcc.gnu.org/onlinedocs/gcc/Warning-Options.html#index-Wreorder\x07-Wreorder\x1b]8;;\x07\x1b[m\x1b[K]\n'}
[10.687094] (unitree_guide2) StderrLine: {'line': b'   67 |     VecInt4 *\x1b[01;35m\x1b[K_contact\x1b[m\x1b[K;\n'}
[10.687287] (unitree_guide2) StderrLine: {'line': b'      |              \x1b[01;35m\x1b[K^~~~~~~~\x1b[m\x1b[K\n'}
[10.687467] (unitree_guide2) StderrLine: {'line': b'\x1b[01m\x1b[K/home/nebbackwards/WPI/Classes/RBE521/Final/ros_workspace/src/RBE521/unitree_guide2/include/FSM/State_GaitTransition.h:31:21:\x1b[m\x1b[K \x1b[01;35m\x1b[Kwarning: \x1b[m\x1b[K  \xe2\x80\x98\x1b[01m\x1b[KQuadrupedRobot* State_GaitTransition::_robModel\x1b[m\x1b[K\xe2\x80\x99 [\x1b[01;35m\x1b[K\x1b]8;;https://gcc.gnu.org/onlinedocs/gcc/Warning-Options.html#index-Wreorder\x07-Wreorder\x1b]8;;\x07\x1b[m\x1b[K]\n'}
[10.687841] (unitree_guide2) StderrLine: {'line': b'   31 |     QuadrupedRobot *\x1b[01;35m\x1b[K_robModel\x1b[m\x1b[K;\n'}
[10.688062] (-) TimerEvent: {}
[10.688949] (unitree_guide2) StderrLine: {'line': b'      |                     \x1b[01;35m\x1b[K^~~~~~~~~\x1b[m\x1b[K\n'}
[10.689267] (unitree_guide2) StderrLine: {'line': b'\x1b[01m\x1b[K/home/nebbackwards/WPI/Classes/RBE521/Final/ros_workspace/src/RBE521/unitree_guide2/src/FSM/State_GaitTransition.cpp:7:1:\x1b[m\x1b[K \x1b[01;35m\x1b[Kwarning: \x1b[m\x1b[K  when initialized here [\x1b[01;35m\x1b[K\x1b]8;;https://gcc.gnu.org/onlinedocs/gcc/Warning-Options.html#index-Wreorder\x07-Wreorder\x1b]8;;\x07\x1b[m\x1b[K]\n'}
[10.689469] (unitree_guide2) StderrLine: {'line': b'    7 | \x1b[01;35m\x1b[KState_GaitTransition\x1b[m\x1b[K::State_GaitTransition(CtrlComponents *ctrlComp)\n'}
[10.690736] (unitree_guide2) StderrLine: {'line': b'      | \x1b[01;35m\x1b[K^~~~~~~~~~~~~~~~~~~~\x1b[m\x1b[K\n'}
[10.759712] (unitree_guide2) StderrLine: {'line': b'\x1b[01m\x1b[K/home/nebbackwards/WPI/Classes/RBE521/Final/ros_workspace/src/RBE521/unitree_guide2/include/control/CtrlComponents.h:\x1b[m\x1b[K In destructor \xe2\x80\x98\x1b[01m\x1b[KCtrlComponents::\x1b[01;32m\x1b[K~CtrlComponents\x1b[m\x1b[K()\x1b[m\x1b[K\xe2\x80\x99:\n'}
[10.760284] (unitree_guide2) StderrLine: {'line': b'\x1b[01m\x1b[K/home/nebbackwards/WPI/Classes/RBE521/Final/ros_workspace/src/RBE521/unitree_guide2/include/control/CtrlComponents.h:35:9:\x1b[m\x1b[K \x1b[01;35m\x1b[Kwarning: \x1b[m\x1b[Kdeleting object of abstract class type \xe2\x80\x98\x1b[01m\x1b[KIOInterface\x1b[m\x1b[K\xe2\x80\x99 which has non-virtual destructor will cause undefined behavior [\x1b[01;35m\x1b[K\x1b]8;;https://gcc.gnu.org/onlinedocs/gcc/Warning-Options.html#index-Wdelete-non-virtual-dtor\x07-Wdelete-non-virtual-dtor\x1b]8;;\x07\x1b[m\x1b[K]\n'}
[10.760541] (unitree_guide2) StderrLine: {'line': b'   35 |         \x1b[01;35m\x1b[Kdelete ioInter\x1b[m\x1b[K;\n'}
[10.760844] (unitree_guide2) StderrLine: {'line': b'      |         \x1b[01;35m\x1b[K^~~~~~~~~~~~~~\x1b[m\x1b[K\n'}
[10.765753] (unitree_guide2) StderrLine: {'line': b'\x1b[01m\x1b[K/home/nebbackwards/WPI/Classes/RBE521/Final/ros_workspace/src/RBE521/unitree_guide2/include/control/CtrlComponents.h:\x1b[m\x1b[K In destructor \xe2\x80\x98\x1b[01m\x1b[KCtrlComponents::\x1b[01;32m\x1b[K~CtrlComponents\x1b[m\x1b[K()\x1b[m\x1b[K\xe2\x80\x99:\n'}
[10.766178] (unitree_guide2) StderrLine: {'line': b'\x1b[01m\x1b[K/home/nebbackwards/WPI/Classes/RBE521/Final/ros_workspace/src/RBE521/unitree_guide2/include/control/CtrlComponents.h:35:9:\x1b[m\x1b[K \x1b[01;35m\x1b[Kwarning: \x1b[m\x1b[Kdeleting object of abstract class type \xe2\x80\x98\x1b[01m\x1b[KIOInterface\x1b[m\x1b[K\xe2\x80\x99 which has non-virtual destructor will cause undefined behavior [\x1b[01;35m\x1b[K\x1b]8;;https://gcc.gnu.org/onlinedocs/gcc/Warning-Options.html#index-Wdelete-non-virtual-dtor\x07-Wdelete-non-virtual-dtor\x1b]8;;\x07\x1b[m\x1b[K]\n'}
[10.766421] (unitree_guide2) StderrLine: {'line': b'   35 |         \x1b[01;35m\x1b[Kdelete ioInter\x1b[m\x1b[K;\n'}
[10.766612] (unitree_guide2) StderrLine: {'line': b'      |         \x1b[01;35m\x1b[K^~~~~~~~~~~~~~\x1b[m\x1b[K\n'}
[10.773723] (unitree_guide2) StderrLine: {'line': b'\x1b[01m\x1b[K/home/nebbackwards/WPI/Classes/RBE521/Final/ros_workspace/src/RBE521/unitree_guide2/include/Gait/GaitGenerator.h:\x1b[m\x1b[K In constructor \xe2\x80\x98\x1b[01m\x1b[KGaitGenerator::\x1b[01;32m\x1b[KGaitGenerator\x1b[m\x1b[K(CtrlComponents*)\x1b[m\x1b[K\xe2\x80\x99:\n'}
[10.774151] (unitree_guide2) StderrLine: {'line': b'\x1b[01m\x1b[K/home/nebbackwards/WPI/Classes/RBE521/Final/ros_workspace/src/RBE521/unitree_guide2/include/Gait/GaitGenerator.h:39:14:\x1b[m\x1b[K \x1b[01;35m\x1b[Kwarning: \x1b[m\x1b[K\xe2\x80\x98\x1b[01m\x1b[KGaitGenerator::_contact\x1b[m\x1b[K\xe2\x80\x99 will be initialized after [\x1b[01;35m\x1b[K\x1b]8;;https://gcc.gnu.org/onlinedocs/gcc/Warning-Options.html#index-Wreorder\x07-Wreorder\x1b]8;;\x07\x1b[m\x1b[K]\n'}
[10.774519] (unitree_guide2) StderrLine: {'line': b'   39 |     VecInt4 *\x1b[01;35m\x1b[K_contact\x1b[m\x1b[K;\n'}
[10.774782] (unitree_guide2) StderrLine: {'line': b'      |              \x1b[01;35m\x1b[K^~~~~~~~\x1b[m\x1b[K\n'}
[10.775016] (unitree_guide2) StderrLine: {'line': b'\x1b[01m\x1b[K/home/nebbackwards/WPI/Classes/RBE521/Final/ros_workspace/src/RBE521/unitree_guide2/include/Gait/GaitGenerator.h:33:21:\x1b[m\x1b[K \x1b[01;35m\x1b[Kwarning: \x1b[m\x1b[K  \xe2\x80\x98\x1b[01m\x1b[KQuadrupedRobot* GaitGenerator::_robModel\x1b[m\x1b[K\xe2\x80\x99 [\x1b[01;35m\x1b[K\x1b]8;;https://gcc.gnu.org/onlinedocs/gcc/Warning-Options.html#index-Wreorder\x07-Wreorder\x1b]8;;\x07\x1b[m\x1b[K]\n'}
[10.775252] (unitree_guide2) StderrLine: {'line': b'   33 |     QuadrupedRobot *\x1b[01;35m\x1b[K_robModel\x1b[m\x1b[K;\n'}
[10.775469] (unitree_guide2) StderrLine: {'line': b'      |                     \x1b[01;35m\x1b[K^~~~~~~~~\x1b[m\x1b[K\n'}
[10.775703] (unitree_guide2) StderrLine: {'line': b'\x1b[01m\x1b[K/home/nebbackwards/WPI/Classes/RBE521/Final/ros_workspace/src/RBE521/unitree_guide2/src/Gait/GaitGenerator.cpp:6:1:\x1b[m\x1b[K \x1b[01;35m\x1b[Kwarning: \x1b[m\x1b[K  when initialized here [\x1b[01;35m\x1b[K\x1b]8;;https://gcc.gnu.org/onlinedocs/gcc/Warning-Options.html#index-Wreorder\x07-Wreorder\x1b]8;;\x07\x1b[m\x1b[K]\n'}
[10.775928] (unitree_guide2) StderrLine: {'line': b'    6 | \x1b[01;35m\x1b[KGaitGenerator\x1b[m\x1b[K::GaitGenerator(CtrlComponents *ctrlComp)\n'}
[10.776153] (unitree_guide2) StderrLine: {'line': b'      | \x1b[01;35m\x1b[K^~~~~~~~~~~~~\x1b[m\x1b[K\n'}
[10.787917] (unitree_guide2) StdoutLine: {'line': b'[ 65%] \x1b[32mBuilding CXX object CMakeFiles/junior_ctrl.dir/src/common/unitreeRobot.cpp.o\x1b[0m\n'}
[10.790066] (-) TimerEvent: {}
[10.837221] (unitree_guide2) StderrLine: {'line': b'\x1b[01m\x1b[K/home/nebbackwards/WPI/Classes/RBE521/Final/ros_workspace/src/RBE521/unitree_guide2/include/control/CtrlComponents.h:\x1b[m\x1b[K In destructor \xe2\x80\x98\x1b[01m\x1b[KCtrlComponents::\x1b[01;32m\x1b[K~CtrlComponents\x1b[m\x1b[K()\x1b[m\x1b[K\xe2\x80\x99:\n'}
[10.837693] (unitree_guide2) StderrLine: {'line': b'\x1b[01m\x1b[K/home/nebbackwards/WPI/Classes/RBE521/Final/ros_workspace/src/RBE521/unitree_guide2/include/control/CtrlComponents.h:35:9:\x1b[m\x1b[K \x1b[01;35m\x1b[Kwarning: \x1b[m\x1b[Kdeleting object of abstract class type \xe2\x80\x98\x1b[01m\x1b[KIOInterface\x1b[m\x1b[K\xe2\x80\x99 which has non-virtual destructor will cause undefined behavior [\x1b[01;35m\x1b[K\x1b]8;;https://gcc.gnu.org/onlinedocs/gcc/Warning-Options.html#index-Wdelete-non-virtual-dtor\x07-Wdelete-non-virtual-dtor\x1b]8;;\x07\x1b[m\x1b[K]\n'}
[10.838006] (unitree_guide2) StderrLine: {'line': b'   35 |         \x1b[01;35m\x1b[Kdelete ioInter\x1b[m\x1b[K;\n'}
[10.838192] (unitree_guide2) StderrLine: {'line': b'      |         \x1b[01;35m\x1b[K^~~~~~~~~~~~~~\x1b[m\x1b[K\n'}
[10.843790] (unitree_guide2) StderrLine: {'line': b'\x1b[01m\x1b[K/home/nebbackwards/WPI/Classes/RBE521/Final/ros_workspace/src/RBE521/unitree_guide2/include/control/CtrlComponents.h:\x1b[m\x1b[K In destructor \xe2\x80\x98\x1b[01m\x1b[KCtrlComponents::\x1b[01;32m\x1b[K~CtrlComponents\x1b[m\x1b[K()\x1b[m\x1b[K\xe2\x80\x99:\n'}
[10.844255] (unitree_guide2) StderrLine: {'line': b'\x1b[01m\x1b[K/home/nebbackwards/WPI/Classes/RBE521/Final/ros_workspace/src/RBE521/unitree_guide2/include/control/CtrlComponents.h:35:9:\x1b[m\x1b[K \x1b[01;35m\x1b[Kwarning: \x1b[m\x1b[Kdeleting object of abstract class type \xe2\x80\x98\x1b[01m\x1b[KIOInterface\x1b[m\x1b[K\xe2\x80\x99 which has non-virtual destructor will cause undefined behavior [\x1b[01;35m\x1b[K\x1b]8;;https://gcc.gnu.org/onlinedocs/gcc/Warning-Options.html#index-Wdelete-non-virtual-dtor\x07-Wdelete-non-virtual-dtor\x1b]8;;\x07\x1b[m\x1b[K]\n'}
[10.844524] (unitree_guide2) StderrLine: {'line': b'   35 |         \x1b[01;35m\x1b[Kdelete ioInter\x1b[m\x1b[K;\n'}
[10.844773] (unitree_guide2) StderrLine: {'line': b'      |         \x1b[01;35m\x1b[K^~~~~~~~~~~~~~\x1b[m\x1b[K\n'}
[10.849724] (unitree_guide2) StderrLine: {'line': b'In file included from \x1b[01m\x1b[K/home/nebbackwards/WPI/Classes/RBE521/Final/ros_workspace/src/RBE521/unitree_guide2/include/FSM/FSM.h:19\x1b[m\x1b[K:\n'}
[10.850138] (unitree_guide2) StderrLine: {'line': b'\x1b[01m\x1b[K/home/nebbackwards/WPI/Classes/RBE521/Final/ros_workspace/src/RBE521/unitree_guide2/include/FSM/State_move_gait.h:\x1b[m\x1b[K At global scope:\n'}
[10.850410] (unitree_guide2) StderrLine: {'line': b'\x1b[01m\x1b[K/home/nebbackwards/WPI/Classes/RBE521/Final/ros_workspace/src/RBE521/unitree_guide2/include/FSM/State_move_gait.h:57:38:\x1b[m\x1b[K \x1b[01;31m\x1b[Kerror: \x1b[m\x1b[K\xe2\x80\x98\x1b[01m\x1b[KSharedPtr\x1b[m\x1b[K\xe2\x80\x99 in \xe2\x80\x98\x1b[01m\x1b[Kstruct GaitCmd\x1b[m\x1b[K\xe2\x80\x99 does not name a type\n'}
[10.850669] (unitree_guide2) StderrLine: {'line': b'   57 |     void gaitCallback(const GaitCmd::\x1b[01;31m\x1b[KSharedPtr\x1b[m\x1b[K msg);\n'}
[10.850909] (unitree_guide2) StderrLine: {'line': b'      |                                      \x1b[01;31m\x1b[K^~~~~~~~~\x1b[m\x1b[K\n'}
[10.855709] (unitree_guide2) StderrLine: {'line': b'In file included from \x1b[01m\x1b[K/home/nebbackwards/WPI/Classes/RBE521/Final/ros_workspace/src/RBE521/unitree_guide2/include/FSM/FSM.h:19\x1b[m\x1b[K:\n'}
[10.857861] (unitree_guide2) StderrLine: {'line': b'\x1b[01m\x1b[K/home/nebbackwards/WPI/Classes/RBE521/Final/ros_workspace/src/RBE521/unitree_guide2/include/FSM/State_move_gait.h:\x1b[m\x1b[K At global scope:\n'}
[10.858246] (unitree_guide2) StderrLine: {'line': b'\x1b[01m\x1b[K/home/nebbackwards/WPI/Classes/RBE521/Final/ros_workspace/src/RBE521/unitree_guide2/include/FSM/State_move_gait.h:57:38:\x1b[m\x1b[K \x1b[01;31m\x1b[Kerror: \x1b[m\x1b[K\xe2\x80\x98\x1b[01m\x1b[KSharedPtr\x1b[m\x1b[K\xe2\x80\x99 in \xe2\x80\x98\x1b[01m\x1b[Kstruct GaitCmd\x1b[m\x1b[K\xe2\x80\x99 does not name a type\n'}
[10.858500] (unitree_guide2) StderrLine: {'line': b'   57 |     void gaitCallback(const GaitCmd::\x1b[01;31m\x1b[KSharedPtr\x1b[m\x1b[K msg);\n'}
[10.858761] (unitree_guide2) StderrLine: {'line': b'      |                                      \x1b[01;31m\x1b[K^~~~~~~~~\x1b[m\x1b[K\n'}
[10.865736] (unitree_guide2) StderrLine: {'line': b'\x1b[01m\x1b[K/home/nebbackwards/WPI/Classes/RBE521/Final/ros_workspace/src/RBE521/unitree_guide2/include/control/CtrlComponents.h:\x1b[m\x1b[K In destructor \xe2\x80\x98\x1b[01m\x1b[KCtrlComponents::\x1b[01;32m\x1b[K~CtrlComponents\x1b[m\x1b[K()\x1b[m\x1b[K\xe2\x80\x99:\n'}
[10.866173] (unitree_guide2) StderrLine: {'line': b'\x1b[01m\x1b[K/home/nebbackwards/WPI/Classes/RBE521/Final/ros_workspace/src/RBE521/unitree_guide2/include/control/CtrlComponents.h:35:9:\x1b[m\x1b[K \x1b[01;35m\x1b[Kwarning: \x1b[m\x1b[Kdeleting object of abstract class type \xe2\x80\x98\x1b[01m\x1b[KIOInterface\x1b[m\x1b[K\xe2\x80\x99 which has non-virtual destructor will cause undefined behavior [\x1b[01;35m\x1b[K\x1b]8;;https://gcc.gnu.org/onlinedocs/gcc/Warning-Options.html#index-Wdelete-non-virtual-dtor\x07-Wdelete-non-virtual-dtor\x1b]8;;\x07\x1b[m\x1b[K]\n'}
[10.866450] (unitree_guide2) StderrLine: {'line': b'   35 |         \x1b[01;35m\x1b[Kdelete ioInter\x1b[m\x1b[K;\n'}
[10.866715] (unitree_guide2) StderrLine: {'line': b'      |         \x1b[01;35m\x1b[K^~~~~~~~~~~~~~\x1b[m\x1b[K\n'}
[10.890739] (-) TimerEvent: {}
[10.991754] (-) TimerEvent: {}
[11.015726] (unitree_guide2) StderrLine: {'line': b'\x1b[01m\x1b[K/home/nebbackwards/WPI/Classes/RBE521/Final/ros_workspace/src/RBE521/unitree_guide2/include/control/CtrlComponents.h:\x1b[m\x1b[K In destructor \xe2\x80\x98\x1b[01m\x1b[KCtrlComponents::\x1b[01;32m\x1b[K~CtrlComponents\x1b[m\x1b[K()\x1b[m\x1b[K\xe2\x80\x99:\n'}
[11.016112] (unitree_guide2) StderrLine: {'line': b'\x1b[01m\x1b[K/home/nebbackwards/WPI/Classes/RBE521/Final/ros_workspace/src/RBE521/unitree_guide2/include/control/CtrlComponents.h:35:9:\x1b[m\x1b[K \x1b[01;35m\x1b[Kwarning: \x1b[m\x1b[Kdeleting object of abstract class type \xe2\x80\x98\x1b[01m\x1b[KIOInterface\x1b[m\x1b[K\xe2\x80\x99 which has non-virtual destructor will cause undefined behavior [\x1b[01;35m\x1b[K\x1b]8;;https://gcc.gnu.org/onlinedocs/gcc/Warning-Options.html#index-Wdelete-non-virtual-dtor\x07-Wdelete-non-virtual-dtor\x1b]8;;\x07\x1b[m\x1b[K]\n'}
[11.016304] (unitree_guide2) StderrLine: {'line': b'   35 |         \x1b[01;35m\x1b[Kdelete ioInter\x1b[m\x1b[K;\n'}
[11.016481] (unitree_guide2) StderrLine: {'line': b'      |         \x1b[01;35m\x1b[K^~~~~~~~~~~~~~\x1b[m\x1b[K\n'}
[11.092744] (-) TimerEvent: {}
[11.172082] (unitree_guide2) StderrLine: {'line': b'\x1b[01m\x1b[K/home/nebbackwards/WPI/Classes/RBE521/Final/ros_workspace/src/RBE521/unitree_guide2/include/control/CtrlComponents.h:\x1b[m\x1b[K In destructor \xe2\x80\x98\x1b[01m\x1b[KCtrlComponents::\x1b[01;32m\x1b[K~CtrlComponents\x1b[m\x1b[K()\x1b[m\x1b[K\xe2\x80\x99:\n'}
[11.172530] (unitree_guide2) StderrLine: {'line': b'\x1b[01m\x1b[K/home/nebbackwards/WPI/Classes/RBE521/Final/ros_workspace/src/RBE521/unitree_guide2/include/control/CtrlComponents.h:35:9:\x1b[m\x1b[K \x1b[01;35m\x1b[Kwarning: \x1b[m\x1b[Kdeleting object of abstract class type \xe2\x80\x98\x1b[01m\x1b[KIOInterface\x1b[m\x1b[K\xe2\x80\x99 which has non-virtual destructor will cause undefined behavior [\x1b[01;35m\x1b[K\x1b]8;;https://gcc.gnu.org/onlinedocs/gcc/Warning-Options.html#index-Wdelete-non-virtual-dtor\x07-Wdelete-non-virtual-dtor\x1b]8;;\x07\x1b[m\x1b[K]\n'}
[11.172805] (unitree_guide2) StderrLine: {'line': b'   35 |         \x1b[01;35m\x1b[Kdelete ioInter\x1b[m\x1b[K;\n'}
[11.172985] (unitree_guide2) StderrLine: {'line': b'      |         \x1b[01;35m\x1b[K^~~~~~~~~~~~~~\x1b[m\x1b[K\n'}
[11.193752] (-) TimerEvent: {}
[11.294197] (-) TimerEvent: {}
[11.396757] (-) TimerEvent: {}
[11.497273] (-) TimerEvent: {}
[11.498382] (unitree_guide2) StderrLine: {'line': b'\x1b[01m\x1b[K/home/nebbackwards/WPI/Classes/RBE521/Final/ros_workspace/src/RBE521/unitree_guide2/src/FSM/State_move_gait.cpp:\x1b[m\x1b[K In constructor \xe2\x80\x98\x1b[01m\x1b[KState_move_gait::\x1b[01;32m\x1b[KState_move_gait\x1b[m\x1b[K(CtrlComponents*)\x1b[m\x1b[K\xe2\x80\x99:\n'}
[11.498768] (unitree_guide2) StderrLine: {'line': b'\x1b[01m\x1b[K/home/nebbackwards/WPI/Classes/RBE521/Final/ros_workspace/src/RBE521/unitree_guide2/src/FSM/State_move_gait.cpp:57:2:\x1b[m\x1b[K \x1b[01;31m\x1b[Kerror: \x1b[m\x1b[Kclass \xe2\x80\x98\x1b[01m\x1b[KState_move_gait\x1b[m\x1b[K\xe2\x80\x99 does not have any field named \xe2\x80\x98\x1b[01m\x1b[KState_GaitTransition\x1b[m\x1b[K\xe2\x80\x99\n'}
[11.498975] (unitree_guide2) StderrLine: {'line': b'   57 | :\x1b[01;31m\x1b[KState_GaitTransition\x1b[m\x1b[K(ctrlComp){\n'}
[11.499141] (unitree_guide2) StderrLine: {'line': b'      |  \x1b[01;31m\x1b[K^~~~~~~~~~~~~~~~~~~~\x1b[m\x1b[K\n'}
[11.528709] (unitree_guide2) StderrLine: {'line': b'\x1b[01m\x1b[K/home/nebbackwards/WPI/Classes/RBE521/Final/ros_workspace/src/RBE521/unitree_guide2/src/FSM/State_move_gait.cpp:58:5:\x1b[m\x1b[K \x1b[01;31m\x1b[Kerror: \x1b[m\x1b[K\xe2\x80\x98\x1b[01m\x1b[K_stateName\x1b[m\x1b[K\xe2\x80\x99 was not declared in this scope; did you mean \xe2\x80\x98\x1b[01m\x1b[KFSMStateName\x1b[m\x1b[K\xe2\x80\x99?\n'}
[11.529135] (unitree_guide2) StderrLine: {'line': b'   58 |     \x1b[01;31m\x1b[K_stateName\x1b[m\x1b[K = FSMStateName::MOVE_GAIT;\n'}
[11.529325] (unitree_guide2) StderrLine: {'line': b'      |     \x1b[01;31m\x1b[K^~~~~~~~~~\x1b[m\x1b[K\n'}
[11.529495] (unitree_guide2) StderrLine: {'line': b'      |     \x1b[32m\x1b[KFSMStateName\x1b[m\x1b[K\n'}
[11.565733] (unitree_guide2) StderrLine: {'line': b'\x1b[01m\x1b[K/home/nebbackwards/WPI/Classes/RBE521/Final/ros_workspace/src/RBE521/unitree_guide2/src/FSM/State_move_gait.cpp:59:5:\x1b[m\x1b[K \x1b[01;31m\x1b[Kerror: \x1b[m\x1b[K\xe2\x80\x98\x1b[01m\x1b[K_stateNameString\x1b[m\x1b[K\xe2\x80\x99 was not declared in this scope\n'}
[11.566149] (unitree_guide2) StderrLine: {'line': b'   59 |     \x1b[01;31m\x1b[K_stateNameString\x1b[m\x1b[K = "move_gait";\n'}
[11.566365] (unitree_guide2) StderrLine: {'line': b'      |     \x1b[01;31m\x1b[K^~~~~~~~~~~~~~~~\x1b[m\x1b[K\n'}
[11.597712] (unitree_guide2) StderrLine: {'line': b'\x1b[01m\x1b[K/home/nebbackwards/WPI/Classes/RBE521/Final/ros_workspace/src/RBE521/unitree_guide2/src/FSM/State_move_gait.cpp:\x1b[m\x1b[K In member function \xe2\x80\x98\x1b[01m\x1b[KFSMStateName State_move_gait::\x1b[01;32m\x1b[KcheckChange\x1b[m\x1b[K()\x1b[m\x1b[K\xe2\x80\x99:\n'}
[11.598089] (-) TimerEvent: {}
[11.598334] (unitree_guide2) StderrLine: {'line': b'\x1b[01m\x1b[K/home/nebbackwards/WPI/Classes/RBE521/Final/ros_workspace/src/RBE521/unitree_guide2/src/FSM/State_move_gait.cpp:73:8:\x1b[m\x1b[K \x1b[01;31m\x1b[Kerror: \x1b[m\x1b[K\xe2\x80\x98\x1b[01m\x1b[K_lowState\x1b[m\x1b[K\xe2\x80\x99 was not declared in this scope; did you mean \xe2\x80\x98\x1b[01m\x1b[K_xstate\x1b[m\x1b[K\xe2\x80\x99?\n'}
[11.598568] (unitree_guide2) StderrLine: {'line': b'   73 |     if(\x1b[01;31m\x1b[K_lowState\x1b[m\x1b[K->userCmd == UserCommand::L2_B){\n'}
[11.598787] (unitree_guide2) StderrLine: {'line': b'      |        \x1b[01;31m\x1b[K^~~~~~~~~\x1b[m\x1b[K\n'}
[11.598956] (unitree_guide2) StderrLine: {'line': b'      |        \x1b[32m\x1b[K_xstate\x1b[m\x1b[K\n'}
[11.623750] (unitree_guide2) StderrLine: {'line': b'\x1b[01m\x1b[K/home/nebbackwards/WPI/Classes/RBE521/Final/ros_workspace/src/RBE521/unitree_guide2/src/FSM/State_move_gait.cpp:\x1b[m\x1b[K In member function \xe2\x80\x98\x1b[01m\x1b[Kvoid State_move_gait::\x1b[01;32m\x1b[KgetUserCmd\x1b[m\x1b[K()\x1b[m\x1b[K\xe2\x80\x99:\n'}
[11.624147] (unitree_guide2) StderrLine: {'line': b'\x1b[01m\x1b[K/home/nebbackwards/WPI/Classes/RBE521/Final/ros_workspace/src/RBE521/unitree_guide2/src/FSM/State_move_gait.cpp:85:5:\x1b[m\x1b[K \x1b[01;31m\x1b[Kerror: \x1b[m\x1b[K\xe2\x80\x98\x1b[01m\x1b[KsetHighCmd\x1b[m\x1b[K\xe2\x80\x99 was not declared in this scope\n'}
[11.624340] (unitree_guide2) StderrLine: {'line': b'   85 |     \x1b[01;31m\x1b[KsetHighCmd\x1b[m\x1b[K(_vx, _vy, _wz);\n'}
[11.624508] (unitree_guide2) StderrLine: {'line': b'      |     \x1b[01;31m\x1b[K^~~~~~~~~~\x1b[m\x1b[K\n'}
[11.625036] (unitree_guide2) StderrLine: {'line': b'\x1b[01m\x1b[K/home/nebbackwards/WPI/Classes/RBE521/Final/ros_workspace/src/RBE521/unitree_guide2/src/FSM/State_move_gait.cpp:\x1b[m\x1b[K At global scope:\n'}
[11.625284] (unitree_guide2) StderrLine: {'line': b'\x1b[01m\x1b[K/home/nebbackwards/WPI/Classes/RBE521/Final/ros_workspace/src/RBE521/unitree_guide2/src/FSM/State_move_gait.cpp:93:51:\x1b[m\x1b[K \x1b[01;31m\x1b[Kerror: \x1b[m\x1b[K\xe2\x80\x98\x1b[01m\x1b[KSharedPtr\x1b[m\x1b[K\xe2\x80\x99 in \xe2\x80\x98\x1b[01m\x1b[Kstruct GaitCmd\x1b[m\x1b[K\xe2\x80\x99 does not name a type\n'}
[11.625459] (unitree_guide2) StderrLine: {'line': b'   93 | void State_move_gait::gaitCallback(const GaitCmd::\x1b[01;31m\x1b[KSharedPtr\x1b[m\x1b[K msg){\n'}
[11.625620] (unitree_guide2) StderrLine: {'line': b'      |                                                   \x1b[01;31m\x1b[K^~~~~~~~~\x1b[m\x1b[K\n'}
[11.648733] (unitree_guide2) StderrLine: {'line': b'\x1b[01m\x1b[K/home/nebbackwards/WPI/Classes/RBE521/Final/ros_workspace/src/RBE521/unitree_guide2/src/FSM/State_move_gait.cpp:\x1b[m\x1b[K In member function \xe2\x80\x98\x1b[01m\x1b[Kvoid State_move_gait::\x1b[01;32m\x1b[KgaitCallback\x1b[m\x1b[K(int)\x1b[m\x1b[K\xe2\x80\x99:\n'}
[11.649122] (unitree_guide2) StderrLine: {'line': b'\x1b[01m\x1b[K/home/nebbackwards/WPI/Classes/RBE521/Final/ros_workspace/src/RBE521/unitree_guide2/src/FSM/State_move_gait.cpp:94:5:\x1b[m\x1b[K \x1b[01;31m\x1b[Kerror: \x1b[m\x1b[K\xe2\x80\x98\x1b[01m\x1b[K_beta\x1b[m\x1b[K\xe2\x80\x99 was not declared in this scope\n'}
[11.649301] (unitree_guide2) StderrLine: {'line': b'   94 |     \x1b[01;31m\x1b[K_beta\x1b[m\x1b[K= msg.beta;\n'}
[11.649467] (unitree_guide2) StderrLine: {'line': b'      |     \x1b[01;31m\x1b[K^~~~~\x1b[m\x1b[K\n'}
[11.649648] (unitree_guide2) StderrLine: {'line': b'\x1b[01m\x1b[K/home/nebbackwards/WPI/Classes/RBE521/Final/ros_workspace/src/RBE521/unitree_guide2/src/FSM/State_move_gait.cpp:94:16:\x1b[m\x1b[K \x1b[01;31m\x1b[Kerror: \x1b[m\x1b[Krequest for member \xe2\x80\x98\x1b[01m\x1b[Kbeta\x1b[m\x1b[K\xe2\x80\x99 in \xe2\x80\x98\x1b[01m\x1b[Kmsg\x1b[m\x1b[K\xe2\x80\x99, which is of non-class type \xe2\x80\x98\x1b[01m\x1b[Kconst int\x1b[m\x1b[K\xe2\x80\x99\n'}
[11.649858] (unitree_guide2) StderrLine: {'line': b'   94 |     _beta= msg.\x1b[01;31m\x1b[Kbeta\x1b[m\x1b[K;\n'}
[11.650013] (unitree_guide2) StderrLine: {'line': b'      |                \x1b[01;31m\x1b[K^~~~\x1b[m\x1b[K\n'}
[11.671731] (unitree_guide2) StderrLine: {'line': b'\x1b[01m\x1b[K/home/nebbackwards/WPI/Classes/RBE521/Final/ros_workspace/src/RBE521/unitree_guide2/src/FSM/State_move_gait.cpp:95:5:\x1b[m\x1b[K \x1b[01;31m\x1b[Kerror: \x1b[m\x1b[K\xe2\x80\x98\x1b[01m\x1b[K_period\x1b[m\x1b[K\xe2\x80\x99 was not declared in this scope\n'}
[11.672141] (unitree_guide2) StderrLine: {'line': b'   95 |     \x1b[01;31m\x1b[K_period\x1b[m\x1b[K = msg.period;\n'}
[11.672367] (unitree_guide2) StderrLine: {'line': b'      |     \x1b[01;31m\x1b[K^~~~~~~\x1b[m\x1b[K\n'}
[11.672534] (unitree_guide2) StderrLine: {'line': b'\x1b[01m\x1b[K/home/nebbackwards/WPI/Classes/RBE521/Final/ros_workspace/src/RBE521/unitree_guide2/src/FSM/State_move_gait.cpp:95:19:\x1b[m\x1b[K \x1b[01;31m\x1b[Kerror: \x1b[m\x1b[Krequest for member \xe2\x80\x98\x1b[01m\x1b[Kperiod\x1b[m\x1b[K\xe2\x80\x99 in \xe2\x80\x98\x1b[01m\x1b[Kmsg\x1b[m\x1b[K\xe2\x80\x99, which is of non-class type \xe2\x80\x98\x1b[01m\x1b[Kconst int\x1b[m\x1b[K\xe2\x80\x99\n'}
[11.672762] (unitree_guide2) StderrLine: {'line': b'   95 |     _period = msg.\x1b[01;31m\x1b[Kperiod\x1b[m\x1b[K;\n'}
[11.672935] (unitree_guide2) StderrLine: {'line': b'      |                   \x1b[01;31m\x1b[K^~~~~~\x1b[m\x1b[K\n'}
[11.694731] (unitree_guide2) StderrLine: {'line': b'\x1b[01m\x1b[K/home/nebbackwards/WPI/Classes/RBE521/Final/ros_workspace/src/RBE521/unitree_guide2/src/FSM/State_move_gait.cpp:96:5:\x1b[m\x1b[K \x1b[01;31m\x1b[Kerror: \x1b[m\x1b[K\xe2\x80\x98\x1b[01m\x1b[K_bias\x1b[m\x1b[K\xe2\x80\x99 was not declared in this scope; did you mean \xe2\x80\x98\x1b[01m\x1b[Kbias\x1b[m\x1b[K\xe2\x80\x99?\n'}
[11.695277] (unitree_guide2) StderrLine: {'line': b'   96 |     \x1b[01;31m\x1b[K_bias\x1b[m\x1b[K = Vec4([msg.b.l1, msg.b.l2, msg.b.l3, msg.b.l4]);\n'}
[11.695511] (unitree_guide2) StderrLine: {'line': b'      |     \x1b[01;31m\x1b[K^~~~~\x1b[m\x1b[K\n'}
[11.695682] (unitree_guide2) StderrLine: {'line': b'      |     \x1b[32m\x1b[Kbias\x1b[m\x1b[K\n'}
[11.695876] (unitree_guide2) StderrLine: {'line': b'\x1b[01m\x1b[K/home/nebbackwards/WPI/Classes/RBE521/Final/ros_workspace/src/RBE521/unitree_guide2/src/FSM/State_move_gait.cpp:96:33:\x1b[m\x1b[K \x1b[01;31m\x1b[Kerror: \x1b[m\x1b[Krequest for member \xe2\x80\x98\x1b[01m\x1b[Kb\x1b[m\x1b[K\xe2\x80\x99 in \xe2\x80\x98\x1b[01m\x1b[Kmsg\x1b[m\x1b[K\xe2\x80\x99, which is of non-class type \xe2\x80\x98\x1b[01m\x1b[Kconst int\x1b[m\x1b[K\xe2\x80\x99\n'}
[11.696051] (unitree_guide2) StderrLine: {'line': b'   96 |     _bias = Vec4([msg.b.l1, msg.\x1b[01;31m\x1b[Kb\x1b[m\x1b[K.l2, msg.b.l3, msg.b.l4]);\n'}
[11.696230] (unitree_guide2) StderrLine: {'line': b'      |                                 \x1b[01;31m\x1b[K^\x1b[m\x1b[K\n'}
[11.696394] (unitree_guide2) StderrLine: {'line': b'\x1b[01m\x1b[K/home/nebbackwards/WPI/Classes/RBE521/Final/ros_workspace/src/RBE521/unitree_guide2/src/FSM/State_move_gait.cpp:96:43:\x1b[m\x1b[K \x1b[01;31m\x1b[Kerror: \x1b[m\x1b[Krequest for member \xe2\x80\x98\x1b[01m\x1b[Kb\x1b[m\x1b[K\xe2\x80\x99 in \xe2\x80\x98\x1b[01m\x1b[Kmsg\x1b[m\x1b[K\xe2\x80\x99, which is of non-class type \xe2\x80\x98\x1b[01m\x1b[Kconst int\x1b[m\x1b[K\xe2\x80\x99\n'}
[11.696555] (unitree_guide2) StderrLine: {'line': b'   96 |     _bias = Vec4([msg.b.l1, msg.b.l2, msg.\x1b[01;31m\x1b[Kb\x1b[m\x1b[K.l3, msg.b.l4]);\n'}
[11.696757] (unitree_guide2) StderrLine: {'line': b'      |                                           \x1b[01;31m\x1b[K^\x1b[m\x1b[K\n'}
[11.696940] (unitree_guide2) StderrLine: {'line': b'\x1b[01m\x1b[K/home/nebbackwards/WPI/Classes/RBE521/Final/ros_workspace/src/RBE521/unitree_guide2/src/FSM/State_move_gait.cpp:96:53:\x1b[m\x1b[K \x1b[01;31m\x1b[Kerror: \x1b[m\x1b[Krequest for member \xe2\x80\x98\x1b[01m\x1b[Kb\x1b[m\x1b[K\xe2\x80\x99 in \xe2\x80\x98\x1b[01m\x1b[Kmsg\x1b[m\x1b[K\xe2\x80\x99, which is of non-class type \xe2\x80\x98\x1b[01m\x1b[Kconst int\x1b[m\x1b[K\xe2\x80\x99\n'}
[11.697116] (unitree_guide2) StderrLine: {'line': b'   96 |     _bias = Vec4([msg.b.l1, msg.b.l2, msg.b.l3, msg.\x1b[01;31m\x1b[Kb\x1b[m\x1b[K.l4]);\n'}
[11.697267] (unitree_guide2) StderrLine: {'line': b'      |                                                     \x1b[01;31m\x1b[K^\x1b[m\x1b[K\n'}
[11.697421] (unitree_guide2) StderrLine: {'line': b'\x1b[01m\x1b[K/home/nebbackwards/WPI/Classes/RBE521/Final/ros_workspace/src/RBE521/unitree_guide2/src/FSM/State_move_gait.cpp:96:17:\x1b[m\x1b[K \x1b[01;31m\x1b[Kerror: \x1b[m\x1b[Kexpected primary-expression before \xe2\x80\x98\x1b[01m\x1b[K(\x1b[m\x1b[K\xe2\x80\x99 token\n'}
[11.697589] (unitree_guide2) StderrLine: {'line': b'   96 |     _bias = Vec4\x1b[01;31m\x1b[K(\x1b[m\x1b[K[msg.b.l1, msg.b.l2, msg.b.l3, msg.b.l4]);\n'}
[11.700955] (-) TimerEvent: {}
[11.701193] (unitree_guide2) StderrLine: {'line': b'      |                 \x1b[01;31m\x1b[K^\x1b[m\x1b[K\n'}
[11.701428] (unitree_guide2) StderrLine: {'line': b'\x1b[01m\x1b[K/home/nebbackwards/WPI/Classes/RBE521/Final/ros_workspace/src/RBE521/unitree_guide2/src/FSM/State_move_gait.cpp:96:22:\x1b[m\x1b[K \x1b[01;31m\x1b[Kerror: \x1b[m\x1b[Kexpected \xe2\x80\x98\x1b[01m\x1b[K,\x1b[m\x1b[K\xe2\x80\x99 before \xe2\x80\x98\x1b[01m\x1b[K.\x1b[m\x1b[K\xe2\x80\x99 token\n'}
[11.701603] (unitree_guide2) StderrLine: {'line': b'   96 |     _bias = Vec4([msg\x1b[01;31m\x1b[K.\x1b[m\x1b[Kb.l1, msg.b.l2, msg.b.l3, msg.b.l4]);\n'}
[11.701803] (unitree_guide2) StderrLine: {'line': b'      |                      \x1b[01;31m\x1b[K^\x1b[m\x1b[K\n'}
[11.701970] (unitree_guide2) StderrLine: {'line': b'      |                      \x1b[32m\x1b[K,\x1b[m\x1b[K\n'}
[11.702131] (unitree_guide2) StderrLine: {'line': b'\x1b[01m\x1b[K/home/nebbackwards/WPI/Classes/RBE521/Final/ros_workspace/src/RBE521/unitree_guide2/src/FSM/State_move_gait.cpp:96:22:\x1b[m\x1b[K \x1b[01;31m\x1b[Kerror: \x1b[m\x1b[Kexpected identifier before \xe2\x80\x98\x1b[01m\x1b[K.\x1b[m\x1b[K\xe2\x80\x99 token\n'}
[11.702295] (unitree_guide2) StderrLine: {'line': b'\x1b[01m\x1b[K/home/nebbackwards/WPI/Classes/RBE521/Final/ros_workspace/src/RBE521/unitree_guide2/src/FSM/State_move_gait.cpp:96:27:\x1b[m\x1b[K \x1b[01;31m\x1b[Kerror: \x1b[m\x1b[Kexpected \xe2\x80\x98\x1b[01m\x1b[K]\x1b[m\x1b[K\xe2\x80\x99 before \xe2\x80\x98\x1b[01m\x1b[K,\x1b[m\x1b[K\xe2\x80\x99 token\n'}
[11.702453] (unitree_guide2) StderrLine: {'line': b'   96 |     _bias = Vec4([msg.b.l1\x1b[01;31m\x1b[K,\x1b[m\x1b[K msg.b.l2, msg.b.l3, msg.b.l4]);\n'}
[11.702606] (unitree_guide2) StderrLine: {'line': b'      |                           \x1b[01;31m\x1b[K^\x1b[m\x1b[K\n'}
[11.702804] (unitree_guide2) StderrLine: {'line': b'      |                           \x1b[32m\x1b[K]\x1b[m\x1b[K\n'}
[11.702966] (unitree_guide2) StderrLine: {'line': b'\x1b[01m\x1b[K/home/nebbackwards/WPI/Classes/RBE521/Final/ros_workspace/src/RBE521/unitree_guide2/src/FSM/State_move_gait.cpp:\x1b[m\x1b[K In lambda function:\n'}
[11.703165] (unitree_guide2) StderrLine: {'line': b'\x1b[01m\x1b[K/home/nebbackwards/WPI/Classes/RBE521/Final/ros_workspace/src/RBE521/unitree_guide2/src/FSM/State_move_gait.cpp:96:27:\x1b[m\x1b[K \x1b[01;31m\x1b[Kerror: \x1b[m\x1b[Kexpected \xe2\x80\x98\x1b[01m\x1b[K{\x1b[m\x1b[K\xe2\x80\x99 before \xe2\x80\x98\x1b[01m\x1b[K,\x1b[m\x1b[K\xe2\x80\x99 token\n'}
[11.703339] (unitree_guide2) StderrLine: {'line': b'\x1b[01m\x1b[K/home/nebbackwards/WPI/Classes/RBE521/Final/ros_workspace/src/RBE521/unitree_guide2/src/FSM/State_move_gait.cpp:\x1b[m\x1b[K In member function \xe2\x80\x98\x1b[01m\x1b[Kvoid State_move_gait::\x1b[01;32m\x1b[KgaitCallback\x1b[m\x1b[K(int)\x1b[m\x1b[K\xe2\x80\x99:\n'}
[11.703500] (unitree_guide2) StderrLine: {'line': b'\x1b[01m\x1b[K/home/nebbackwards/WPI/Classes/RBE521/Final/ros_workspace/src/RBE521/unitree_guide2/src/FSM/State_move_gait.cpp:96:33:\x1b[m\x1b[K \x1b[01;31m\x1b[Kerror: \x1b[m\x1b[Krequest for member \xe2\x80\x98\x1b[01m\x1b[Kb\x1b[m\x1b[K\xe2\x80\x99 in \xe2\x80\x98\x1b[01m\x1b[Kmsg\x1b[m\x1b[K\xe2\x80\x99, which is of non-class type \xe2\x80\x98\x1b[01m\x1b[Kconst int\x1b[m\x1b[K\xe2\x80\x99\n'}
[11.706882] (unitree_guide2) StderrLine: {'line': b'   96 |     _bias = Vec4([msg.b.l1, msg.\x1b[01;31m\x1b[Kb\x1b[m\x1b[K.l2, msg.b.l3, msg.b.l4]);\n'}
[11.707303] (unitree_guide2) StderrLine: {'line': b'      |                                 \x1b[01;31m\x1b[K^\x1b[m\x1b[K\n'}
[11.707490] (unitree_guide2) StderrLine: {'line': b'\x1b[01m\x1b[K/home/nebbackwards/WPI/Classes/RBE521/Final/ros_workspace/src/RBE521/unitree_guide2/src/FSM/State_move_gait.cpp:96:43:\x1b[m\x1b[K \x1b[01;31m\x1b[Kerror: \x1b[m\x1b[Krequest for member \xe2\x80\x98\x1b[01m\x1b[Kb\x1b[m\x1b[K\xe2\x80\x99 in \xe2\x80\x98\x1b[01m\x1b[Kmsg\x1b[m\x1b[K\xe2\x80\x99, which is of non-class type \xe2\x80\x98\x1b[01m\x1b[Kconst int\x1b[m\x1b[K\xe2\x80\x99\n'}
[11.707703] (unitree_guide2) StderrLine: {'line': b'   96 |     _bias = Vec4([msg.b.l1, msg.b.l2, msg.\x1b[01;31m\x1b[Kb\x1b[m\x1b[K.l3, msg.b.l4]);\n'}
[11.707879] (unitree_guide2) StderrLine: {'line': b'      |                                           \x1b[01;31m\x1b[K^\x1b[m\x1b[K\n'}
[11.708029] (unitree_guide2) StderrLine: {'line': b'\x1b[01m\x1b[K/home/nebbackwards/WPI/Classes/RBE521/Final/ros_workspace/src/RBE521/unitree_guide2/src/FSM/State_move_gait.cpp:96:53:\x1b[m\x1b[K \x1b[01;31m\x1b[Kerror: \x1b[m\x1b[Krequest for member \xe2\x80\x98\x1b[01m\x1b[Kb\x1b[m\x1b[K\xe2\x80\x99 in \xe2\x80\x98\x1b[01m\x1b[Kmsg\x1b[m\x1b[K\xe2\x80\x99, which is of non-class type \xe2\x80\x98\x1b[01m\x1b[Kconst int\x1b[m\x1b[K\xe2\x80\x99\n'}
[11.708214] (unitree_guide2) StderrLine: {'line': b'   96 |     _bias = Vec4([msg.b.l1, msg.b.l2, msg.b.l3, msg.\x1b[01;31m\x1b[Kb\x1b[m\x1b[K.l4]);\n'}
[11.708375] (unitree_guide2) StderrLine: {'line': b'      |                                                     \x1b[01;31m\x1b[K^\x1b[m\x1b[K\n'}
[11.801737] (-) TimerEvent: {}
[11.802167] (unitree_guide2) StderrLine: {'line': b'\x1b[01m\x1b[K/home/nebbackwards/WPI/Classes/RBE521/Final/ros_workspace/src/RBE521/unitree_guide2/include/FSM/FSM.h:\x1b[m\x1b[K In member function \xe2\x80\x98\x1b[01m\x1b[Kvoid FSMStateList::\x1b[01;32m\x1b[KdeletePtr\x1b[m\x1b[K()\x1b[m\x1b[K\xe2\x80\x99:\n'}
[11.802477] (unitree_guide2) StderrLine: {'line': b'\x1b[01m\x1b[K/home/nebbackwards/WPI/Classes/RBE521/Final/ros_workspace/src/RBE521/unitree_guide2/include/FSM/FSM.h:48:9:\x1b[m\x1b[K \x1b[01;35m\x1b[Kwarning: \x1b[m\x1b[Kdeleting object of abstract class type \xe2\x80\x98\x1b[01m\x1b[KFSMState\x1b[m\x1b[K\xe2\x80\x99 which has non-virtual destructor will cause undefined behavior [\x1b[01;35m\x1b[K\x1b]8;;https://gcc.gnu.org/onlinedocs/gcc/Warning-Options.html#index-Wdelete-non-virtual-dtor\x07-Wdelete-non-virtual-dtor\x1b]8;;\x07\x1b[m\x1b[K]\n'}
[11.802690] (unitree_guide2) StderrLine: {'line': b'   48 |         \x1b[01;35m\x1b[Kdelete invalid\x1b[m\x1b[K;\n'}
[11.802880] (unitree_guide2) StderrLine: {'line': b'      |         \x1b[01;35m\x1b[K^~~~~~~~~~~~~~\x1b[m\x1b[K\n'}
[11.803062] (unitree_guide2) StderrLine: {'line': b'\x1b[01m\x1b[K/home/nebbackwards/WPI/Classes/RBE521/Final/ros_workspace/src/RBE521/unitree_guide2/include/FSM/FSM.h:49:9:\x1b[m\x1b[K \x1b[01;35m\x1b[Kwarning: \x1b[m\x1b[Kdeleting object of polymorphic class type \xe2\x80\x98\x1b[01m\x1b[KState_Passive\x1b[m\x1b[K\xe2\x80\x99 which has non-virtual destructor might cause undefined behavior [\x1b[01;35m\x1b[K\x1b]8;;https://gcc.gnu.org/onlinedocs/gcc/Warning-Options.html#index-Wdelete-non-virtual-dtor\x07-Wdelete-non-virtual-dtor\x1b]8;;\x07\x1b[m\x1b[K]\n'}
[11.803218] (unitree_guide2) StderrLine: {'line': b'   49 |         \x1b[01;35m\x1b[Kdelete passive\x1b[m\x1b[K;\n'}
[11.803363] (unitree_guide2) StderrLine: {'line': b'      |         \x1b[01;35m\x1b[K^~~~~~~~~~~~~~\x1b[m\x1b[K\n'}
[11.804956] (unitree_guide2) StderrLine: {'line': b'\x1b[01m\x1b[K/home/nebbackwards/WPI/Classes/RBE521/Final/ros_workspace/src/RBE521/unitree_guide2/include/FSM/FSM.h:50:9:\x1b[m\x1b[K \x1b[01;35m\x1b[Kwarning: \x1b[m\x1b[Kdeleting object of polymorphic class type \xe2\x80\x98\x1b[01m\x1b[KState_FixedStand\x1b[m\x1b[K\xe2\x80\x99 which has non-virtual destructor might cause undefined behavior [\x1b[01;35m\x1b[K\x1b]8;;https://gcc.gnu.org/onlinedocs/gcc/Warning-Options.html#index-Wdelete-non-virtual-dtor\x07-Wdelete-non-virtual-dtor\x1b]8;;\x07\x1b[m\x1b[K]\n'}
[11.805468] (unitree_guide2) StderrLine: {'line': b'   50 |         \x1b[01;35m\x1b[Kdelete fixedStand\x1b[m\x1b[K;\n'}
[11.805666] (unitree_guide2) StderrLine: {'line': b'      |         \x1b[01;35m\x1b[K^~~~~~~~~~~~~~~~~\x1b[m\x1b[K\n'}
[11.805861] (unitree_guide2) StderrLine: {'line': b'\x1b[01m\x1b[K/home/nebbackwards/WPI/Classes/RBE521/Final/ros_workspace/src/RBE521/unitree_guide2/include/FSM/FSM.h:51:9:\x1b[m\x1b[K \x1b[01;35m\x1b[Kwarning: \x1b[m\x1b[Kdeleting object of polymorphic class type \xe2\x80\x98\x1b[01m\x1b[KState_GaitTransition\x1b[m\x1b[K\xe2\x80\x99 which has non-virtual destructor might cause undefined behavior [\x1b[01;35m\x1b[K\x1b]8;;https://gcc.gnu.org/onlinedocs/gcc/Warning-Options.html#index-Wdelete-non-virtual-dtor\x07-Wdelete-non-virtual-dtor\x1b]8;;\x07\x1b[m\x1b[K]\n'}
[11.806031] (unitree_guide2) StderrLine: {'line': b'   51 |         \x1b[01;35m\x1b[Kdelete gaitTransition\x1b[m\x1b[K;\n'}
[11.806185] (unitree_guide2) StderrLine: {'line': b'      |         \x1b[01;35m\x1b[K^~~~~~~~~~~~~~~~~~~~~\x1b[m\x1b[K\n'}
[11.806337] (unitree_guide2) StderrLine: {'line': b'\x1b[01m\x1b[K/home/nebbackwards/WPI/Classes/RBE521/Final/ros_workspace/src/RBE521/unitree_guide2/include/FSM/FSM.h:52:9:\x1b[m\x1b[K \x1b[01;35m\x1b[Kwarning: \x1b[m\x1b[Kdeleting object of polymorphic class type \xe2\x80\x98\x1b[01m\x1b[KState_FreeStand\x1b[m\x1b[K\xe2\x80\x99 which has non-virtual destructor might cause undefined behavior [\x1b[01;35m\x1b[K\x1b]8;;https://gcc.gnu.org/onlinedocs/gcc/Warning-Options.html#index-Wdelete-non-virtual-dtor\x07-Wdelete-non-virtual-dtor\x1b]8;;\x07\x1b[m\x1b[K]\n'}
[11.806514] (unitree_guide2) StderrLine: {'line': b'   52 |         \x1b[01;35m\x1b[Kdelete freeStand\x1b[m\x1b[K;\n'}
[11.806686] (unitree_guide2) StderrLine: {'line': b'      |         \x1b[01;35m\x1b[K^~~~~~~~~~~~~~~~\x1b[m\x1b[K\n'}
[11.806833] (unitree_guide2) StderrLine: {'line': b'\x1b[01m\x1b[K/home/nebbackwards/WPI/Classes/RBE521/Final/ros_workspace/src/RBE521/unitree_guide2/include/FSM/FSM.h:53:9:\x1b[m\x1b[K \x1b[01;35m\x1b[Kwarning: \x1b[m\x1b[Kdeleting object of polymorphic class type \xe2\x80\x98\x1b[01m\x1b[KState_Trotting\x1b[m\x1b[K\xe2\x80\x99 which has non-virtual destructor might cause undefined behavior [\x1b[01;35m\x1b[K\x1b]8;;https://gcc.gnu.org/onlinedocs/gcc/Warning-Options.html#index-Wdelete-non-virtual-dtor\x07-Wdelete-non-virtual-dtor\x1b]8;;\x07\x1b[m\x1b[K]\n'}
[11.807032] (unitree_guide2) StderrLine: {'line': b'   53 |         \x1b[01;35m\x1b[Kdelete trotting\x1b[m\x1b[K;\n'}
[11.807163] (unitree_guide2) StderrLine: {'line': b'      |         \x1b[01;35m\x1b[K^~~~~~~~~~~~~~~\x1b[m\x1b[K\n'}
[11.807315] (unitree_guide2) StderrLine: {'line': b'\x1b[01m\x1b[K/home/nebbackwards/WPI/Classes/RBE521/Final/ros_workspace/src/RBE521/unitree_guide2/include/FSM/FSM.h:54:9:\x1b[m\x1b[K \x1b[01;35m\x1b[Kwarning: \x1b[m\x1b[Kdeleting object of polymorphic class type \xe2\x80\x98\x1b[01m\x1b[KState_BalanceTest\x1b[m\x1b[K\xe2\x80\x99 which has non-virtual destructor might cause undefined behavior [\x1b[01;35m\x1b[K\x1b]8;;https://gcc.gnu.org/onlinedocs/gcc/Warning-Options.html#index-Wdelete-non-virtual-dtor\x07-Wdelete-non-virtual-dtor\x1b]8;;\x07\x1b[m\x1b[K]\n'}
[11.807458] (unitree_guide2) StderrLine: {'line': b'   54 |         \x1b[01;35m\x1b[Kdelete balanceTest\x1b[m\x1b[K;\n'}
[11.807601] (unitree_guide2) StderrLine: {'line': b'      |         \x1b[01;35m\x1b[K^~~~~~~~~~~~~~~~~~\x1b[m\x1b[K\n'}
[11.807774] (unitree_guide2) StderrLine: {'line': b'\x1b[01m\x1b[K/home/nebbackwards/WPI/Classes/RBE521/Final/ros_workspace/src/RBE521/unitree_guide2/include/FSM/FSM.h:55:9:\x1b[m\x1b[K \x1b[01;35m\x1b[Kwarning: \x1b[m\x1b[Kdeleting object of polymorphic class type \xe2\x80\x98\x1b[01m\x1b[KState_SwingTest\x1b[m\x1b[K\xe2\x80\x99 which has non-virtual destructor might cause undefined behavior [\x1b[01;35m\x1b[K\x1b]8;;https://gcc.gnu.org/onlinedocs/gcc/Warning-Options.html#index-Wdelete-non-virtual-dtor\x07-Wdelete-non-virtual-dtor\x1b]8;;\x07\x1b[m\x1b[K]\n'}
[11.807911] (unitree_guide2) StderrLine: {'line': b'   55 |         \x1b[01;35m\x1b[Kdelete swingTest\x1b[m\x1b[K;\n'}
[11.808056] (unitree_guide2) StderrLine: {'line': b'      |         \x1b[01;35m\x1b[K^~~~~~~~~~~~~~~~\x1b[m\x1b[K\n'}
[11.808189] (unitree_guide2) StderrLine: {'line': b'\x1b[01m\x1b[K/home/nebbackwards/WPI/Classes/RBE521/Final/ros_workspace/src/RBE521/unitree_guide2/include/FSM/FSM.h:56:9:\x1b[m\x1b[K \x1b[01;35m\x1b[Kwarning: \x1b[m\x1b[Kdeleting object of polymorphic class type \xe2\x80\x98\x1b[01m\x1b[KState_StepTest\x1b[m\x1b[K\xe2\x80\x99 which has non-virtual destructor might cause undefined behavior [\x1b[01;35m\x1b[K\x1b]8;;https://gcc.gnu.org/onlinedocs/gcc/Warning-Options.html#index-Wdelete-non-virtual-dtor\x07-Wdelete-non-virtual-dtor\x1b]8;;\x07\x1b[m\x1b[K]\n'}
[11.808327] (unitree_guide2) StderrLine: {'line': b'   56 |         \x1b[01;35m\x1b[Kdelete stepTest\x1b[m\x1b[K;\n'}
[11.808461] (unitree_guide2) StderrLine: {'line': b'      |         \x1b[01;35m\x1b[K^~~~~~~~~~~~~~~\x1b[m\x1b[K\n'}
[11.808599] (unitree_guide2) StderrLine: {'line': b'\x1b[01m\x1b[K/home/nebbackwards/WPI/Classes/RBE521/Final/ros_workspace/src/RBE521/unitree_guide2/include/FSM/FSM.h:62:9:\x1b[m\x1b[K \x1b[01;35m\x1b[Kwarning: \x1b[m\x1b[Kdeleting object of polymorphic class type \xe2\x80\x98\x1b[01m\x1b[KState_move_base\x1b[m\x1b[K\xe2\x80\x99 which has non-virtual destructor might cause undefined behavior [\x1b[01;35m\x1b[K\x1b]8;;https://gcc.gnu.org/onlinedocs/gcc/Warning-Options.html#index-Wdelete-non-virtual-dtor\x07-Wdelete-non-virtual-dtor\x1b]8;;\x07\x1b[m\x1b[K]\n'}
[11.813015] (unitree_guide2) StderrLine: {'line': b'   62 |         \x1b[01;35m\x1b[Kdelete moveBase\x1b[m\x1b[K;\n'}
[11.813204] (unitree_guide2) StderrLine: {'line': b'      |         \x1b[01;35m\x1b[K^~~~~~~~~~~~~~~\x1b[m\x1b[K\n'}
[11.813351] (unitree_guide2) StderrLine: {'line': b'\x1b[01m\x1b[K/home/nebbackwards/WPI/Classes/RBE521/Final/ros_workspace/src/RBE521/unitree_guide2/include/FSM/FSM.h:63:9:\x1b[m\x1b[K \x1b[01;35m\x1b[Kwarning: \x1b[m\x1b[Kdeleting object of polymorphic class type \xe2\x80\x98\x1b[01m\x1b[KState_move_gait\x1b[m\x1b[K\xe2\x80\x99 which has non-virtual destructor might cause undefined behavior [\x1b[01;35m\x1b[K\x1b]8;;https://gcc.gnu.org/onlinedocs/gcc/Warning-Options.html#index-Wdelete-non-virtual-dtor\x07-Wdelete-non-virtual-dtor\x1b]8;;\x07\x1b[m\x1b[K]\n'}
[11.813505] (unitree_guide2) StderrLine: {'line': b'   63 |         \x1b[01;35m\x1b[Kdelete moveGait\x1b[m\x1b[K;\n'}
[11.813673] (unitree_guide2) StderrLine: {'line': b'      |         \x1b[01;35m\x1b[K^~~~~~~~~~~~~~~\x1b[m\x1b[K\n'}
[11.869749] (unitree_guide2) StderrLine: {'line': b'\x1b[01m\x1b[K/home/nebbackwards/WPI/Classes/RBE521/Final/ros_workspace/src/RBE521/unitree_guide2/include/FSM/FSM.h:\x1b[m\x1b[K In member function \xe2\x80\x98\x1b[01m\x1b[Kvoid FSMStateList::\x1b[01;32m\x1b[KdeletePtr\x1b[m\x1b[K()\x1b[m\x1b[K\xe2\x80\x99:\n'}
[11.875924] (unitree_guide2) StderrLine: {'line': b'\x1b[01m\x1b[K/home/nebbackwards/WPI/Classes/RBE521/Final/ros_workspace/src/RBE521/unitree_guide2/include/FSM/FSM.h:48:9:\x1b[m\x1b[K \x1b[01;35m\x1b[Kwarning: \x1b[m\x1b[Kdeleting object of abstract class type \xe2\x80\x98\x1b[01m\x1b[KFSMState\x1b[m\x1b[K\xe2\x80\x99 which has non-virtual destructor will cause undefined behavior [\x1b[01;35m\x1b[K\x1b]8;;https://gcc.gnu.org/onlinedocs/gcc/Warning-Options.html#index-Wdelete-non-virtual-dtor\x07-Wdelete-non-virtual-dtor\x1b]8;;\x07\x1b[m\x1b[K]\n'}
[11.876250] (unitree_guide2) StderrLine: {'line': b'   48 |         \x1b[01;35m\x1b[Kdelete invalid\x1b[m\x1b[K;\n'}
[11.876431] (unitree_guide2) StderrLine: {'line': b'      |         \x1b[01;35m\x1b[K^~~~~~~~~~~~~~\x1b[m\x1b[K\n'}
[11.876593] (unitree_guide2) StderrLine: {'line': b'\x1b[01m\x1b[K/home/nebbackwards/WPI/Classes/RBE521/Final/ros_workspace/src/RBE521/unitree_guide2/include/FSM/FSM.h:49:9:\x1b[m\x1b[K \x1b[01;35m\x1b[Kwarning: \x1b[m\x1b[Kdeleting object of polymorphic class type \xe2\x80\x98\x1b[01m\x1b[KState_Passive\x1b[m\x1b[K\xe2\x80\x99 which has non-virtual destructor might cause undefined behavior [\x1b[01;35m\x1b[K\x1b]8;;https://gcc.gnu.org/onlinedocs/gcc/Warning-Options.html#index-Wdelete-non-virtual-dtor\x07-Wdelete-non-virtual-dtor\x1b]8;;\x07\x1b[m\x1b[K]\n'}
[11.876807] (unitree_guide2) StderrLine: {'line': b'   49 |         \x1b[01;35m\x1b[Kdelete passive\x1b[m\x1b[K;\n'}
[11.876970] (unitree_guide2) StderrLine: {'line': b'      |         \x1b[01;35m\x1b[K^~~~~~~~~~~~~~\x1b[m\x1b[K\n'}
[11.877134] (unitree_guide2) StderrLine: {'line': b'\x1b[01m\x1b[K/home/nebbackwards/WPI/Classes/RBE521/Final/ros_workspace/src/RBE521/unitree_guide2/include/FSM/FSM.h:50:9:\x1b[m\x1b[K \x1b[01;35m\x1b[Kwarning: \x1b[m\x1b[Kdeleting object of polymorphic class type \xe2\x80\x98\x1b[01m\x1b[KState_FixedStand\x1b[m\x1b[K\xe2\x80\x99 which has non-virtual destructor might cause undefined behavior [\x1b[01;35m\x1b[K\x1b]8;;https://gcc.gnu.org/onlinedocs/gcc/Warning-Options.html#index-Wdelete-non-virtual-dtor\x07-Wdelete-non-virtual-dtor\x1b]8;;\x07\x1b[m\x1b[K]\n'}
[11.877312] (unitree_guide2) StderrLine: {'line': b'   50 |         \x1b[01;35m\x1b[Kdelete fixedStand\x1b[m\x1b[K;\n'}
[11.877468] (unitree_guide2) StderrLine: {'line': b'      |         \x1b[01;35m\x1b[K^~~~~~~~~~~~~~~~~\x1b[m\x1b[K\n'}
[11.877624] (unitree_guide2) StderrLine: {'line': b'\x1b[01m\x1b[K/home/nebbackwards/WPI/Classes/RBE521/Final/ros_workspace/src/RBE521/unitree_guide2/include/FSM/FSM.h:51:9:\x1b[m\x1b[K \x1b[01;35m\x1b[Kwarning: \x1b[m\x1b[Kdeleting object of polymorphic class type \xe2\x80\x98\x1b[01m\x1b[KState_GaitTransition\x1b[m\x1b[K\xe2\x80\x99 which has non-virtual destructor might cause undefined behavior [\x1b[01;35m\x1b[K\x1b]8;;https://gcc.gnu.org/onlinedocs/gcc/Warning-Options.html#index-Wdelete-non-virtual-dtor\x07-Wdelete-non-virtual-dtor\x1b]8;;\x07\x1b[m\x1b[K]\n'}
[11.877858] (unitree_guide2) StderrLine: {'line': b'   51 |         \x1b[01;35m\x1b[Kdelete gaitTransition\x1b[m\x1b[K;\n'}
[11.878015] (unitree_guide2) StderrLine: {'line': b'      |         \x1b[01;35m\x1b[K^~~~~~~~~~~~~~~~~~~~~\x1b[m\x1b[K\n'}
[11.878166] (unitree_guide2) StderrLine: {'line': b'\x1b[01m\x1b[K/home/nebbackwards/WPI/Classes/RBE521/Final/ros_workspace/src/RBE521/unitree_guide2/include/FSM/FSM.h:52:9:\x1b[m\x1b[K \x1b[01;35m\x1b[Kwarning: \x1b[m\x1b[Kdeleting object of polymorphic class type \xe2\x80\x98\x1b[01m\x1b[KState_FreeStand\x1b[m\x1b[K\xe2\x80\x99 which has non-virtual destructor might cause undefined behavior [\x1b[01;35m\x1b[K\x1b]8;;https://gcc.gnu.org/onlinedocs/gcc/Warning-Options.html#index-Wdelete-non-virtual-dtor\x07-Wdelete-non-virtual-dtor\x1b]8;;\x07\x1b[m\x1b[K]\n'}
[11.878328] (unitree_guide2) StderrLine: {'line': b'   52 |         \x1b[01;35m\x1b[Kdelete freeStand\x1b[m\x1b[K;\n'}
[11.878612] (unitree_guide2) StderrLine: {'line': b'      |         \x1b[01;35m\x1b[K^~~~~~~~~~~~~~~~\x1b[m\x1b[K\n'}
[11.879254] (unitree_guide2) StderrLine: {'line': b'\x1b[01m\x1b[K/home/nebbackwards/WPI/Classes/RBE521/Final/ros_workspace/src/RBE521/unitree_guide2/include/FSM/FSM.h:53:9:\x1b[m\x1b[K \x1b[01;35m\x1b[Kwarning: \x1b[m\x1b[Kdeleting object of polymorphic class type \xe2\x80\x98\x1b[01m\x1b[KState_Trotting\x1b[m\x1b[K\xe2\x80\x99 which has non-virtual destructor might cause undefined behavior [\x1b[01;35m\x1b[K\x1b]8;;https://gcc.gnu.org/onlinedocs/gcc/Warning-Options.html#index-Wdelete-non-virtual-dtor\x07-Wdelete-non-virtual-dtor\x1b]8;;\x07\x1b[m\x1b[K]\n'}
[11.879444] (unitree_guide2) StderrLine: {'line': b'   53 |         \x1b[01;35m\x1b[Kdelete trotting\x1b[m\x1b[K;\n'}
[11.879605] (unitree_guide2) StderrLine: {'line': b'      |         \x1b[01;35m\x1b[K^~~~~~~~~~~~~~~\x1b[m\x1b[K\n'}
[11.879803] (unitree_guide2) StderrLine: {'line': b'\x1b[01m\x1b[K/home/nebbackwards/WPI/Classes/RBE521/Final/ros_workspace/src/RBE521/unitree_guide2/include/FSM/FSM.h:54:9:\x1b[m\x1b[K \x1b[01;35m\x1b[Kwarning: \x1b[m\x1b[Kdeleting object of polymorphic class type \xe2\x80\x98\x1b[01m\x1b[KState_BalanceTest\x1b[m\x1b[K\xe2\x80\x99 which has non-virtual destructor might cause undefined behavior [\x1b[01;35m\x1b[K\x1b]8;;https://gcc.gnu.org/onlinedocs/gcc/Warning-Options.html#index-Wdelete-non-virtual-dtor\x07-Wdelete-non-virtual-dtor\x1b]8;;\x07\x1b[m\x1b[K]\n'}
[11.879978] (unitree_guide2) StderrLine: {'line': b'   54 |         \x1b[01;35m\x1b[Kdelete balanceTest\x1b[m\x1b[K;\n'}
[11.880128] (unitree_guide2) StderrLine: {'line': b'      |         \x1b[01;35m\x1b[K^~~~~~~~~~~~~~~~~~\x1b[m\x1b[K\n'}
[11.883910] (unitree_guide2) StderrLine: {'line': b'\x1b[01m\x1b[K/home/nebbackwards/WPI/Classes/RBE521/Final/ros_workspace/src/RBE521/unitree_guide2/include/FSM/FSM.h:55:9:\x1b[m\x1b[K \x1b[01;35m\x1b[Kwarning: \x1b[m\x1b[Kdeleting object of polymorphic class type \xe2\x80\x98\x1b[01m\x1b[KState_SwingTest\x1b[m\x1b[K\xe2\x80\x99 which has non-virtual destructor might cause undefined behavior [\x1b[01;35m\x1b[K\x1b]8;;https://gcc.gnu.org/onlinedocs/gcc/Warning-Options.html#index-Wdelete-non-virtual-dtor\x07-Wdelete-non-virtual-dtor\x1b]8;;\x07\x1b[m\x1b[K]\n'}
[11.884187] (unitree_guide2) StderrLine: {'line': b'   55 |         \x1b[01;35m\x1b[Kdelete swingTest\x1b[m\x1b[K;\n'}
[11.884356] (unitree_guide2) StderrLine: {'line': b'      |         \x1b[01;35m\x1b[K^~~~~~~~~~~~~~~~\x1b[m\x1b[K\n'}
[11.884514] (unitree_guide2) StderrLine: {'line': b'\x1b[01m\x1b[K/home/nebbackwards/WPI/Classes/RBE521/Final/ros_workspace/src/RBE521/unitree_guide2/include/FSM/FSM.h:56:9:\x1b[m\x1b[K \x1b[01;35m\x1b[Kwarning: \x1b[m\x1b[Kdeleting object of polymorphic class type \xe2\x80\x98\x1b[01m\x1b[KState_StepTest\x1b[m\x1b[K\xe2\x80\x99 which has non-virtual destructor might cause undefined behavior [\x1b[01;35m\x1b[K\x1b]8;;https://gcc.gnu.org/onlinedocs/gcc/Warning-Options.html#index-Wdelete-non-virtual-dtor\x07-Wdelete-non-virtual-dtor\x1b]8;;\x07\x1b[m\x1b[K]\n'}
[11.884742] (unitree_guide2) StderrLine: {'line': b'   56 |         \x1b[01;35m\x1b[Kdelete stepTest\x1b[m\x1b[K;\n'}
[11.884907] (unitree_guide2) StderrLine: {'line': b'      |         \x1b[01;35m\x1b[K^~~~~~~~~~~~~~~\x1b[m\x1b[K\n'}
[11.885070] (unitree_guide2) StderrLine: {'line': b'\x1b[01m\x1b[K/home/nebbackwards/WPI/Classes/RBE521/Final/ros_workspace/src/RBE521/unitree_guide2/include/FSM/FSM.h:62:9:\x1b[m\x1b[K \x1b[01;35m\x1b[Kwarning: \x1b[m\x1b[Kdeleting object of polymorphic class type \xe2\x80\x98\x1b[01m\x1b[KState_move_base\x1b[m\x1b[K\xe2\x80\x99 which has non-virtual destructor might cause undefined behavior [\x1b[01;35m\x1b[K\x1b]8;;https://gcc.gnu.org/onlinedocs/gcc/Warning-Options.html#index-Wdelete-non-virtual-dtor\x07-Wdelete-non-virtual-dtor\x1b]8;;\x07\x1b[m\x1b[K]\n'}
[11.885269] (unitree_guide2) StderrLine: {'line': b'   62 |         \x1b[01;35m\x1b[Kdelete moveBase\x1b[m\x1b[K;\n'}
[11.885806] (unitree_guide2) StderrLine: {'line': b'      |         \x1b[01;35m\x1b[K^~~~~~~~~~~~~~~\x1b[m\x1b[K\n'}
[11.885996] (unitree_guide2) StderrLine: {'line': b'\x1b[01m\x1b[K/home/nebbackwards/WPI/Classes/RBE521/Final/ros_workspace/src/RBE521/unitree_guide2/include/FSM/FSM.h:63:9:\x1b[m\x1b[K \x1b[01;35m\x1b[Kwarning: \x1b[m\x1b[Kdeleting object of polymorphic class type \xe2\x80\x98\x1b[01m\x1b[KState_move_gait\x1b[m\x1b[K\xe2\x80\x99 which has non-virtual destructor might cause undefined behavior [\x1b[01;35m\x1b[K\x1b]8;;https://gcc.gnu.org/onlinedocs/gcc/Warning-Options.html#index-Wdelete-non-virtual-dtor\x07-Wdelete-non-virtual-dtor\x1b]8;;\x07\x1b[m\x1b[K]\n'}
[11.886173] (unitree_guide2) StderrLine: {'line': b'   63 |         \x1b[01;35m\x1b[Kdelete moveGait\x1b[m\x1b[K;\n'}
[11.886359] (unitree_guide2) StderrLine: {'line': b'      |         \x1b[01;35m\x1b[K^~~~~~~~~~~~~~~\x1b[m\x1b[K\n'}
[11.902759] (-) TimerEvent: {}
[12.003275] (-) TimerEvent: {}
[12.104735] (-) TimerEvent: {}
[12.205258] (-) TimerEvent: {}
[12.305768] (-) TimerEvent: {}
[12.357478] (unitree_guide2) StderrLine: {'line': b'\x1b[01m\x1b[K/home/nebbackwards/WPI/Classes/RBE521/Final/ros_workspace/src/RBE521/unitree_guide2/src/main.cpp:\x1b[m\x1b[K In function \xe2\x80\x98\x1b[01m\x1b[Kvoid\x1b[01;32m\x1b[K ShutDown\x1b[m\x1b[K(int)\x1b[m\x1b[K\xe2\x80\x99:\n'}
[12.358116] (unitree_guide2) StderrLine: {'line': b'\x1b[01m\x1b[K/home/nebbackwards/WPI/Classes/RBE521/Final/ros_workspace/src/RBE521/unitree_guide2/src/main.cpp:31:19:\x1b[m\x1b[K \x1b[01;35m\x1b[Kwarning: \x1b[m\x1b[Kunused parameter \xe2\x80\x98\x1b[01m\x1b[Ksig\x1b[m\x1b[K\xe2\x80\x99 [\x1b[01;35m\x1b[K\x1b]8;;https://gcc.gnu.org/onlinedocs/gcc/Warning-Options.html#index-Wunused-parameter\x07-Wunused-parameter\x1b]8;;\x07\x1b[m\x1b[K]\n'}
[12.358503] (unitree_guide2) StderrLine: {'line': b'   31 | void ShutDown(\x1b[01;35m\x1b[Kint sig\x1b[m\x1b[K)\n'}
[12.358748] (unitree_guide2) StderrLine: {'line': b'      |               \x1b[01;35m\x1b[K~~~~^~~\x1b[m\x1b[K\n'}
[12.406761] (-) TimerEvent: {}
[12.509781] (-) TimerEvent: {}
[12.610322] (-) TimerEvent: {}
[12.710895] (-) TimerEvent: {}
[12.811738] (-) TimerEvent: {}
[12.912788] (-) TimerEvent: {}
[13.013319] (-) TimerEvent: {}
[13.114783] (-) TimerEvent: {}
[13.215343] (-) TimerEvent: {}
[13.316747] (-) TimerEvent: {}
[13.417236] (-) TimerEvent: {}
[13.520876] (-) TimerEvent: {}
[13.527533] (unitree_guide2) StderrLine: {'line': b'In file included from \x1b[01m\x1b[K/opt/ros/jazzy/include/rclcpp/rclcpp/subscription_base.hpp:32\x1b[m\x1b[K,\n'}
[13.528291] (unitree_guide2) StderrLine: {'line': b'                 from \x1b[01m\x1b[K/opt/ros/jazzy/include/rclcpp/rclcpp/callback_group.hpp:29\x1b[m\x1b[K,\n'}
[13.528588] (unitree_guide2) StderrLine: {'line': b'                 from \x1b[01m\x1b[K/opt/ros/jazzy/include/rclcpp/rclcpp/any_executable.hpp:20\x1b[m\x1b[K,\n'}
[13.529358] (unitree_guide2) StderrLine: {'line': b'                 from \x1b[01m\x1b[K/opt/ros/jazzy/include/rclcpp/rclcpp/memory_strategy.hpp:25\x1b[m\x1b[K,\n'}
[13.529648] (unitree_guide2) StderrLine: {'line': b'                 from \x1b[01m\x1b[K/opt/ros/jazzy/include/rclcpp/rclcpp/memory_strategies.hpp:18\x1b[m\x1b[K,\n'}
[13.529904] (unitree_guide2) StderrLine: {'line': b'                 from \x1b[01m\x1b[K/opt/ros/jazzy/include/rclcpp/rclcpp/executor_options.hpp:22\x1b[m\x1b[K,\n'}
[13.530126] (unitree_guide2) StderrLine: {'line': b'                 from \x1b[01m\x1b[K/opt/ros/jazzy/include/rclcpp/rclcpp/executor.hpp:38\x1b[m\x1b[K,\n'}
[13.530344] (unitree_guide2) StderrLine: {'line': b'                 from \x1b[01m\x1b[K/opt/ros/jazzy/include/rclcpp/rclcpp/executors/multi_threaded_executor.hpp:25\x1b[m\x1b[K,\n'}
[13.530543] (unitree_guide2) StderrLine: {'line': b'                 from \x1b[01m\x1b[K/opt/ros/jazzy/include/rclcpp/rclcpp/executors.hpp:21\x1b[m\x1b[K,\n'}
[13.530763] (unitree_guide2) StderrLine: {'line': b'                 from \x1b[01m\x1b[K/opt/ros/jazzy/include/rclcpp/rclcpp/rclcpp.hpp:172\x1b[m\x1b[K,\n'}
[13.531082] (unitree_guide2) StderrLine: {'line': b'                 from \x1b[01m\x1b[K/home/nebbackwards/WPI/Classes/RBE521/Final/ros_workspace/src/RBE521/unitree_guide2/include/control/Estimator.h:29\x1b[m\x1b[K,\n'}
[13.531323] (unitree_guide2) StderrLine: {'line': b'                 from \x1b[01m\x1b[K/home/nebbackwards/WPI/Classes/RBE521/Final/ros_workspace/src/RBE521/unitree_guide2/include/control/CtrlComponents.h:13\x1b[m\x1b[K:\n'}
[13.531534] (unitree_guide2) StderrLine: {'line': b'/opt/ros/jazzy/include/rclcpp/rclcpp/any_subscription_callback.hpp: In instantiation of \xe2\x80\x98\x1b[01m\x1b[Krclcpp::AnySubscriptionCallback<MessageT, AllocatorT> rclcpp::AnySubscriptionCallback<MessageT, AllocatorT>::\x1b[01;32m\x1b[Kset\x1b[m\x1b[K(CallbackT) \x1b[35m\x1b[K[with CallbackT = std::_Bind<void (State_move_gait::*(State_move_gait*, std::_Placeholder<1>))(int)>; MessageT = GaitCmd; AllocatorT = std::allocator<void>]\x1b[m\x1b[K\x1b[m\x1b[K\xe2\x80\x99:\n'}
[13.534096] (unitree_guide2) StderrLine: {'line': b'\x1b[01m\x1b[K/opt/ros/jazzy/include/rclcpp/rclcpp/subscription_factory.hpp:93:32:\x1b[m\x1b[K   required from \xe2\x80\x98\x1b[01m\x1b[Krclcpp::SubscriptionFactory rclcpp::\x1b[01;32m\x1b[Kcreate_subscription_factory\x1b[m\x1b[K(CallbackT&&, const SubscriptionOptionsWithAllocator<AllocatorT>&, typename MessageMemoryStrategyT::SharedPtr, std::shared_ptr<topic_statistics::SubscriptionTopicStatistics>) \x1b[35m\x1b[K[with MessageT = GaitCmd; CallbackT = std::_Bind<void (State_move_gait::*(State_move_gait*, std::_Placeholder<1>))(int)>; AllocatorT = std::allocator<void>; SubscriptionT = Subscription<GaitCmd>; MessageMemoryStrategyT = message_memory_strategy::MessageMemoryStrategy<GaitCmd, std::allocator<void> >; typename MessageMemoryStrategyT::SharedPtr = std::shared_ptr<message_memory_strategy::MessageMemoryStrategy<GaitCmd, std::allocator<void> > >]\x1b[m\x1b[K\x1b[m\x1b[K\xe2\x80\x99\n'}
[13.534423] (unitree_guide2) StderrLine: {'line': b'\x1b[01m\x1b[K/opt/ros/jazzy/include/rclcpp/rclcpp/create_subscription.hpp:121:63:\x1b[m\x1b[K   required from \xe2\x80\x98\x1b[01m\x1b[Kstd::shared_ptr<ROSMessageT> rclcpp::detail::\x1b[01;32m\x1b[Kcreate_subscription\x1b[m\x1b[K(NodeParametersT&, NodeTopicsT&, const std::string&, const rclcpp::QoS&, CallbackT&&, const rclcpp::SubscriptionOptionsWithAllocator<AllocatorT>&, typename MessageMemoryStrategyT::SharedPtr) \x1b[35m\x1b[K[with MessageT = GaitCmd; CallbackT = std::_Bind<void (State_move_gait::*(State_move_gait*, std::_Placeholder<1>))(int)>; AllocatorT = std::allocator<void>; SubscriptionT = rclcpp::Subscription<GaitCmd>; MessageMemoryStrategyT = rclcpp::message_memory_strategy::MessageMemoryStrategy<GaitCmd, std::allocator<void> >; NodeParametersT = rclcpp::Node; NodeTopicsT = rclcpp::Node; std::string = std::__cxx11::basic_string<char>; typename MessageMemoryStrategyT::SharedPtr = std::shared_ptr<rclcpp::message_memory_strategy::MessageMemoryStrategy<GaitCmd, std::allocator<void> > >]\x1b[m\x1b[K\x1b[m\x1b[K\xe2\x80\x99\n'}
[13.534700] (unitree_guide2) StderrLine: {'line': b'\x1b[01m\x1b[K/opt/ros/jazzy/include/rclcpp/rclcpp/create_subscription.hpp:190:76:\x1b[m\x1b[K   required from \xe2\x80\x98\x1b[01m\x1b[Kstd::shared_ptr<ROSMessageT> rclcpp::\x1b[01;32m\x1b[Kcreate_subscription\x1b[m\x1b[K(NodeT&, const std::string&, const QoS&, CallbackT&&, const SubscriptionOptionsWithAllocator<AllocatorT>&, typename MessageMemoryStrategyT::SharedPtr) \x1b[35m\x1b[K[with MessageT = GaitCmd; CallbackT = std::_Bind<void (State_move_gait::*(State_move_gait*, std::_Placeholder<1>))(int)>; AllocatorT = std::allocator<void>; SubscriptionT = Subscription<GaitCmd>; MessageMemoryStrategyT = message_memory_strategy::MessageMemoryStrategy<GaitCmd, std::allocator<void> >; NodeT = Node; std::string = std::__cxx11::basic_string<char>; typename MessageMemoryStrategyT::SharedPtr = std::shared_ptr<message_memory_strategy::MessageMemoryStrategy<GaitCmd, std::allocator<void> > >]\x1b[m\x1b[K\x1b[m\x1b[K\xe2\x80\x99\n'}
[13.534966] (unitree_guide2) StderrLine: {'line': b'\x1b[01m\x1b[K/opt/ros/jazzy/include/rclcpp/rclcpp/node_impl.hpp:99:47:\x1b[m\x1b[K   required from \xe2\x80\x98\x1b[01m\x1b[Kstd::shared_ptr<ROSMessageT> rclcpp::Node::\x1b[01;32m\x1b[Kcreate_subscription\x1b[m\x1b[K(const std::string&, const rclcpp::QoS&, CallbackT&&, const rclcpp::SubscriptionOptionsWithAllocator<AllocatorT>&, typename MessageMemoryStrategyT::SharedPtr) \x1b[35m\x1b[K[with MessageT = GaitCmd; CallbackT = std::_Bind<void (State_move_gait::*(State_move_gait*, std::_Placeholder<1>))(int)>; AllocatorT = std::allocator<void>; SubscriptionT = rclcpp::Subscription<GaitCmd>; MessageMemoryStrategyT = rclcpp::message_memory_strategy::MessageMemoryStrategy<GaitCmd, std::allocator<void> >; std::string = std::__cxx11::basic_string<char>; typename MessageMemoryStrategyT::SharedPtr = std::shared_ptr<rclcpp::message_memory_strategy::MessageMemoryStrategy<GaitCmd, std::allocator<void> > >]\x1b[m\x1b[K\x1b[m\x1b[K\xe2\x80\x99\n'}
[13.535223] (unitree_guide2) StderrLine: {'line': b'\x1b[01m\x1b[K/home/nebbackwards/WPI/Classes/RBE521/Final/ros_workspace/src/RBE521/unitree_guide2/src/FSM/State_move_gait.cpp:101:49:\x1b[m\x1b[K   required from here\n'}
[13.535460] (unitree_guide2) StderrLine: {'line': b'\x1b[01m\x1b[K/opt/ros/jazzy/include/rclcpp/rclcpp/any_subscription_callback.hpp:396:23:\x1b[m\x1b[K \x1b[01;31m\x1b[Kerror: \x1b[m\x1b[Kno match for \xe2\x80\x98\x1b[01m\x1b[Koperator=\x1b[m\x1b[K\xe2\x80\x99 (operand types are \xe2\x80\x98\x1b[01m\x1b[Krclcpp::detail::AnySubscriptionCallbackHelper<GaitCmd, std::allocator<void>, false, false>::variant_type\x1b[m\x1b[K\xe2\x80\x99 {aka \xe2\x80\x98\x1b[01m\x1b[Kstd::variant<std::function<void(const GaitCmd&)>, std::function<void(const GaitCmd&, const rclcpp::MessageInfo&)>, std::function<void(const rclcpp::SerializedMessage&)>, std::function<void(const rclcpp::SerializedMessage&, const rclcpp::MessageInfo&)>, std::function<void(std::unique_ptr<GaitCmd, std::default_delete<GaitCmd> >)>, std::function<void(std::unique_ptr<GaitCmd, std::default_delete<GaitCmd> >, const rclcpp::MessageInfo&)>, std::function<void(std::unique_ptr<rclcpp::SerializedMessage, std::default_delete<rclcpp::SerializedMessage> >)>, std::function<void(std::unique_ptr<rclcpp::SerializedMessage, std::default_delete<rclcpp::SerializedMessage> >, const rclcpp::MessageInfo&)>, std::function<void(std::shared_ptr<const GaitCmd>)>, std::function<void(std::shared_ptr<const GaitCmd>, const rclcpp::MessageInfo&)>, std::function<void(std::shared_ptr<const rclcpp::SerializedMessage>)>, std::function<void(std::shared_ptr<const rclcpp::SerializedMessage>, const rclcpp::MessageInfo&)>, std::function<void(const std::shared_ptr<const GaitCmd>&)>, std::function<void(const std::shared_ptr<const GaitCmd>&, const rclcpp::MessageInfo&)>, std::function<void(const std::shared_ptr<const rclcpp::SerializedMessage>&)>, std::function<void(const std::shared_ptr<const rclcpp::SerializedMessage>&, const rclcpp::MessageInfo&)>, std::function<void(std::shared_ptr<GaitCmd>)>, std::function<void(std::shared_ptr<GaitCmd>, const rclcpp::MessageInfo&)>, std::function<void(std::shared_ptr<rclcpp::SerializedMessage>)>, std::function<void(std::shared_ptr<rclcpp::SerializedMessage>, const rclcpp::MessageInfo&)> >\x1b[m\x1b[K\xe2\x80\x99} and \xe2\x80\x98\x1b[01m\x1b[Krclcpp::detail::SubscriptionCallbackTypeHelper<GaitCmd, std::_Bind<void (State_move_gait::*(State_move_gait*, std::_Placeholder<1>))(int)>, void>::callback_type\x1b[m\x1b[K\xe2\x80\x99 {aka \xe2\x80\x98\x1b[01m\x1b[Kstd::function<void(int)>\x1b[m\x1b[K\xe2\x80\x99})\n'}
[13.535804] (unitree_guide2) StderrLine: {'line': b'  396 |     \x1b[01;31m\x1b[Kcallback_variant_ = static_cast<typename scbth::callback_type>(callback)\x1b[m\x1b[K;\n'}
[13.536026] (unitree_guide2) StderrLine: {'line': b'      |     \x1b[01;31m\x1b[K~~~~~~~~~~~~~~~~~~^~~~~~~~~~~~~~~~~~~~~~~~~~~~~~~~~~~~~~~~~~~~~~~~~~~~~~\x1b[m\x1b[K\n'}
[13.536236] (unitree_guide2) StderrLine: {'line': b'In file included from \x1b[01m\x1b[K/opt/ros/jazzy/include/rclcpp/rclcpp/client.hpp:29\x1b[m\x1b[K,\n'}
[13.536449] (unitree_guide2) StderrLine: {'line': b'                 from \x1b[01m\x1b[K/opt/ros/jazzy/include/rclcpp/rclcpp/callback_group.hpp:24\x1b[m\x1b[K:\n'}
[13.536697] (unitree_guide2) StderrLine: {'line': b'\x1b[01m\x1b[K/usr/include/c++/13/variant:1494:9:\x1b[m\x1b[K \x1b[01;36m\x1b[Knote: \x1b[m\x1b[Kcandidate: \xe2\x80\x98\x1b[01m\x1b[Ktemplate<class _Tp> std::enable_if_t<((__exactly_once<std::variant<_Types>::__accepted_type<_Tp&&, typename std::enable_if<__not_self<_Tp&&>, void>::type> > && is_constructible_v<std::variant<_Types>::__accepted_type<_Tp&&, typename std::enable_if<__not_self<_Tp&&>, void>::type>, _Tp>) && is_assignable_v<std::variant<_Types>::__accepted_type<_Tp&&, typename std::enable_if<__not_self<_Tp&&>, void>::type>&, _Tp>), std::variant<_Types>&> std::variant<_Types>::\x1b[01;32m\x1b[Koperator=\x1b[m\x1b[K(_Tp&&) \x1b[35m\x1b[K[with _Types = {std::function<void(const GaitCmd&)>, std::function<void(const GaitCmd&, const rclcpp::MessageInfo&)>, std::function<void(const rclcpp::SerializedMessage&)>, std::function<void(const rclcpp::SerializedMessage&, const rclcpp::MessageInfo&)>, std::function<void(std::unique_ptr<GaitCmd, std::default_delete<GaitCmd> >)>, std::function<void(std::unique_ptr<GaitCmd, std::default_delete<GaitCmd> >, const rclcpp::MessageInfo&)>, std::function<void(std::unique_ptr<rclcpp::SerializedMessage, std::default_delete<rclcpp::SerializedMessage> >)>, std::function<void(std::unique_ptr<rclcpp::SerializedMessage, std::default_delete<rclcpp::SerializedMessage> >, const rclcpp::MessageInfo&)>, std::function<void(std::shared_ptr<const GaitCmd>)>, std::function<void(std::shared_ptr<const GaitCmd>, const rclcpp::MessageInfo&)>, std::function<void(std::shared_ptr<const rclcpp::SerializedMessage>)>, std::function<void(std::shared_ptr<const rclcpp::SerializedMessage>, const rclcpp::MessageInfo&)>, std::function<void(const std::shared_ptr<const GaitCmd>&)>, std::function<void(const std::shared_ptr<const GaitCmd>&, const rclcpp::MessageInfo&)>, std::function<void(const std::shared_ptr<const rclcpp::SerializedMessage>&)>, std::function<void(const std::shared_ptr<const rclcpp::SerializedMessage>&, const rclcpp::MessageInfo&)>, std::function<void(std::shared_ptr<GaitCmd>)>, std::function<void(std::shared_ptr<GaitCmd>, const rclcpp::MessageInfo&)>, std::function<void(std::shared_ptr<rclcpp::SerializedMessage>)>, std::function<void(std::shared_ptr<rclcpp::SerializedMessage>, const rclcpp::MessageInfo&)>}]\x1b[m\x1b[K\x1b[m\x1b[K\xe2\x80\x99\n'}
[13.536948] (unitree_guide2) StderrLine: {'line': b' 1494 |         \x1b[01;36m\x1b[Koperator\x1b[m\x1b[K=(_Tp&& __rhs)\n'}
[13.537152] (unitree_guide2) StderrLine: {'line': b'      |         \x1b[01;36m\x1b[K^~~~~~~~\x1b[m\x1b[K\n'}
[13.537382] (unitree_guide2) StderrLine: {'line': b'\x1b[01m\x1b[K/usr/include/c++/13/variant:1494:9:\x1b[m\x1b[K \x1b[01;36m\x1b[Knote: \x1b[m\x1b[K  template argument deduction/substitution failed:\n'}
[13.537601] (unitree_guide2) StderrLine: {'line': b'/usr/include/c++/13/variant: In substitution of \xe2\x80\x98\x1b[01m\x1b[Ktemplate<class ... _Types> template<class _Tp, class> using std::variant<_Types>::__accepted_type = std::variant<_Types>::__to_type<__accepted_index<_Tp> > \x1b[35m\x1b[K[with _Tp = std::function<void(int)>&&; <template-parameter-2-2> = void; _Types = {std::function<void(const GaitCmd&)>, std::function<void(const GaitCmd&, const rclcpp::MessageInfo&)>, std::function<void(const rclcpp::SerializedMessage&)>, std::function<void(const rclcpp::SerializedMessage&, const rclcpp::MessageInfo&)>, std::function<void(std::unique_ptr<GaitCmd, std::default_delete<GaitCmd> >)>, std::function<void(std::unique_ptr<GaitCmd, std::default_delete<GaitCmd> >, const rclcpp::MessageInfo&)>, std::function<void(std::unique_ptr<rclcpp::SerializedMessage, std::default_delete<rclcpp::SerializedMessage> >)>, std::function<void(std::unique_ptr<rclcpp::SerializedMessage, std::default_delete<rclcpp::SerializedMessage> >, const rclcpp::MessageInfo&)>, std::function<void(std::shared_ptr<const GaitCmd>)>, std::function<void(std::shared_ptr<const GaitCmd>, const rclcpp::MessageInfo&)>, std::function<void(std::shared_ptr<const rclcpp::SerializedMessage>)>, std::function<void(std::shared_ptr<const rclcpp::SerializedMessage>, const rclcpp::MessageInfo&)>, std::function<void(const std::shared_ptr<const GaitCmd>&)>, std::function<void(const std::shared_ptr<const GaitCmd>&, const rclcpp::MessageInfo&)>, std::function<void(const std::shared_ptr<const rclcpp::SerializedMessage>&)>, std::function<void(const std::shared_ptr<const rclcpp::SerializedMessage>&, const rclcpp::MessageInfo&)>, std::function<void(std::shared_ptr<GaitCmd>)>, std::function<void(std::shared_ptr<GaitCmd>, const rclcpp::MessageInfo&)>, std::function<void(std::shared_ptr<rclcpp::SerializedMessage>)>, std::function<void(std::shared_ptr<rclcpp::SerializedMessage>, const rclcpp::MessageInfo&)>}]\x1b[m\x1b[K\x1b[m\x1b[K\xe2\x80\x99:\n'}
[13.542139] (unitree_guide2) StderrLine: {'line': b'\x1b[01m\x1b[K/usr/include/c++/13/variant:1490:14:\x1b[m\x1b[K   required by substitution of \xe2\x80\x98\x1b[01m\x1b[Ktemplate<class _Tp> std::enable_if_t<((__exactly_once<std::variant<std::function<void(const GaitCmd&)>, std::function<void(const GaitCmd&, const rclcpp::MessageInfo&)>, std::function<void(const rclcpp::SerializedMessage&)>, std::function<void(const rclcpp::SerializedMessage&, const rclcpp::MessageInfo&)>, std::function<void(std::unique_ptr<GaitCmd, std::default_delete<GaitCmd> >)>, std::function<void(std::unique_ptr<GaitCmd, std::default_delete<GaitCmd> >, const rclcpp::MessageInfo&)>, std::function<void(std::unique_ptr<rclcpp::SerializedMessage, std::default_delete<rclcpp::SerializedMessage> >)>, std::function<void(std::unique_ptr<rclcpp::SerializedMessage, std::default_delete<rclcpp::SerializedMessage> >, const rclcpp::MessageInfo&)>, std::function<void(std::shared_ptr<const GaitCmd>)>, std::function<void(std::shared_ptr<const GaitCmd>, const rclcpp::MessageInfo&)>, std::function<void(std::shared_ptr<const rclcpp::SerializedMessage>)>, std::function<void(std::shared_ptr<const rclcpp::SerializedMessage>, const rclcpp::MessageInfo&)>, std::function<void(const std::shared_ptr<const GaitCmd>&)>, std::function<void(const std::shared_ptr<const GaitCmd>&, const rclcpp::MessageInfo&)>, std::function<void(const std::shared_ptr<const rclcpp::SerializedMessage>&)>, std::function<void(const std::shared_ptr<const rclcpp::SerializedMessage>&, const rclcpp::MessageInfo&)>, std::function<void(std::shared_ptr<GaitCmd>)>, std::function<void(std::shared_ptr<GaitCmd>, const rclcpp::MessageInfo&)>, std::function<void(std::shared_ptr<rclcpp::SerializedMessage>)>, std::function<void(std::shared_ptr<rclcpp::SerializedMessage>, const rclcpp::MessageInfo&)> >::__accepted_type<_Tp&&, typename std::enable_if<__not_self<_Tp&&>, void>::type> > && is_constructible_v<std::variant<std::function<void(const GaitCmd&)>, std::function<void(const GaitCmd&, const rclcpp::MessageInfo&)>, std::function<void(const rclcpp::SerializedMessage&)>, std::function<void(const rclcpp::SerializedMessage&, const rclcpp::MessageInfo&)>, std::function<void(std::unique_ptr<GaitCmd, std::default_delete<GaitCmd> >)>, std::function<void(std::unique_ptr<GaitCmd, std::default_delete<GaitCmd> >, const rclcpp::MessageInfo&)>, std::function<void(std::unique_ptr<rclcpp::SerializedMessage, std::default_delete<rclcpp::SerializedMessage> >)>, std::function<void(std::unique_ptr<rclcpp::SerializedMessage, std::default_delete<rclcpp::SerializedMessage> >, const rclcpp::MessageInfo&)>, std::function<void(std::shared_ptr<const GaitCmd>)>, std::function<void(std::shared_ptr<const GaitCmd>, const rclcpp::MessageInfo&)>, std::function<void(std::shared_ptr<const rclcpp::SerializedMessage>)>, std::function<void(std::shared_ptr<const rclcpp::SerializedMessage>, const rclcpp::MessageInfo&)>, std::function<void(const std::shared_ptr<const GaitCmd>&)>, std::function<void(const std::shared_ptr<const GaitCmd>&, const rclcpp::MessageInfo&)>, std::function<void(const std::shared_ptr<const rclcpp::SerializedMessage>&)>, std::function<void(const std::shared_ptr<const rclcpp::SerializedMessage>&, const rclcpp::MessageInfo&)>, std::function<void(std::shared_ptr<GaitCmd>)>, std::function<void(std::shared_ptr<GaitCmd>, const rclcpp::MessageInfo&)>, std::function<void(std::shared_ptr<rclcpp::SerializedMessage>)>, std::function<void(std::shared_ptr<rclcpp::SerializedMessage>, const rclcpp::MessageInfo&)> >::__accepted_type<_Tp&&, typename std::enable_if<__not_self<_Tp&&>, void>::type>, _Tp>) && is_assignable_v<std::variant<std::function<void(const GaitCmd&)>, std::function<void(const GaitCmd&, const rclcpp::MessageInfo&)>, std::function<void(const rclcpp::SerializedMessage&)>, std::function<void(const rclcpp::SerializedMessage&, const rclcpp::MessageInfo&)>, std::function<void(std::unique_ptr<GaitCmd, std::default_delete<GaitCmd> >)>, std::function<void(std::unique_ptr<GaitCmd, std::default_delete<GaitCmd> >, const rclcpp::MessageInfo&)>, std::function<void(std::unique_ptr<rclcpp::SerializedMessage, std::default_delete<rclcpp::SerializedMessage> >)>, std::function<void(std::unique_ptr<rclcpp::SerializedMessage, std::default_delete<rclcpp::SerializedMessage> >, const rclcpp::MessageInfo&)>, std::function<void(std::shared_ptr<const GaitCmd>)>, std::function<void(std::shared_ptr<const GaitCmd>, const rclcpp::MessageInfo&)>, std::function<void(std::shared_ptr<const rclcpp::SerializedMessage>)>, std::function<void(std::shared_ptr<const rclcpp::SerializedMessage>, const rclcpp::MessageInfo&)>, std::function<void(const std::shared_ptr<const GaitCmd>&)>, std::function<void(const std::shared_ptr<const GaitCmd>&, const rclcpp::MessageInfo&)>, std::function<void(const std::shared_ptr<const rclcpp::SerializedMessage>&)>, std::function<void(const std::shared_ptr<const rclcpp::SerializedMessage>&, const rclcpp::MessageInfo&)>, std::function<void(std::shared_ptr<GaitCmd>)>, std::function<void(std::shared_ptr<GaitCmd>, const rclcpp::MessageInfo&)>, std::function<void(std::shared_ptr<rclcpp::SerializedMessage>)>, std::function<void(std::shared_ptr<rclcpp::SerializedMessage>, const rclcpp::MessageInfo&)> >::__accepted_type<_Tp&&, typename std::enable_if<__not_self<_Tp&&>, void>::type>&, _Tp>), std::variant<std::function<void(const GaitCmd&)>, std::function<void(const GaitCmd&, const rclcpp::MessageInfo&)>, std::function<void(const rclcpp::SerializedMessage&)>, std::function<void(const rclcpp::SerializedMessage&, const rclcpp::MessageInfo&)>, std::function<void(std::unique_ptr<GaitCmd, std::default_delete<GaitCmd> >)>, std::function<void(std::unique_ptr<GaitCmd, std::default_delete<GaitCmd> >, const rclcpp::MessageInfo&)>, std::function<void(std::unique_ptr<rclcpp::SerializedMessage, std::default_delete<rclcpp::SerializedMessage> >)>, std::function<void(std::unique_ptr<rclcpp::SerializedMessage, std::default_delete<rclcpp::SerializedMessage> >, const rclcpp::MessageInfo&)>, std::function<void(std::shared_ptr<const GaitCmd>)>, std::function<void(std::shared_ptr<const GaitCmd>, const rclcpp::MessageInfo&)>, std::function<void(std::shared_ptr<const rclcpp::SerializedMessage>)>, std::function<void(std::shared_ptr<const rclcpp::SerializedMessage>, const rclcpp::MessageInfo&)>, std::function<void(const std::shared_ptr<const GaitCmd>&)>, std::function<void(const std::shared_ptr<const GaitCmd>&, const rclcpp::MessageInfo&)>, std::function<void(const std::shared_ptr<const rclcpp::SerializedMessage>&)>, std::function<void(const std::shared_ptr<const rclcpp::SerializedMessage>&, const rclcpp::MessageInfo&)>, std::function<void(std::shared_ptr<GaitCmd>)>, std::function<void(std::shared_ptr<GaitCmd>, const rclcpp::MessageInfo&)>, std::function<void(std::shared_ptr<rclcpp::SerializedMessage>)>, std::function<void(std::shared_ptr<rclcpp::SerializedMessage>, const rclcpp::MessageInfo&)> >&> std::variant<std::function<void(const GaitCmd&)>, std::function<void(const GaitCmd&, const rclcpp::MessageInfo&)>, std::function<void(const rclcpp::SerializedMessage&)>, std::function<void(const rclcpp::SerializedMessage&, const rclcpp::MessageInfo&)>, std::function<void(std::unique_ptr<GaitCmd, std::default_delete<GaitCmd> >)>, std::function<void(std::unique_ptr<GaitCmd, std::default_delete<GaitCmd> >, const rclcpp::MessageInfo&)>, std::function<void(std::unique_ptr<rclcpp::SerializedMessage, std::default_delete<rclcpp::SerializedMessage> >)>, std::function<void(std::unique_ptr<rclcpp::SerializedMessage, std::default_delete<rclcpp::SerializedMessage> >, const rclcpp::MessageInfo&)>, std::function<void(std::shared_ptr<const GaitCmd>)>, std::function<void(std::shared_ptr<const GaitCmd>, const rclcpp::MessageInfo&)>, std::function<void(std::shared_ptr<const rclcpp::SerializedMessage>)>, std::function<void(std::shared_ptr<const rclcpp::SerializedMessage>, const rclcpp::MessageInfo&)>, std::function<void(const std::shared_ptr<const GaitCmd>&)>, std::function<void(const std::shared_ptr<const GaitCmd>&, const rclcpp::MessageInfo&)>, std::function<void(const std::shared_ptr<const rclcpp::SerializedMessage>&)>, std::function<void(const std::shared_ptr<const rclcpp::SerializedMessage>&, const rclcpp::MessageInfo&)>, std::function<void(std::shared_ptr<GaitCmd>)>, std::function<void(std::shared_ptr<GaitCmd>, const rclcpp::MessageInfo&)>, std::function<void(std::shared_ptr<rclcpp::SerializedMessage>)>, std::function<void(std::shared_ptr<rclcpp::SerializedMessage>, const rclcpp::MessageInfo&)> >::\x1b[01;32m\x1b[Koperator=\x1b[m\x1b[K(_Tp&&) \x1b[35m\x1b[K[with _Tp = std::function<void(int)>]\x1b[m\x1b[K\x1b[m\x1b[K\xe2\x80\x99\n'}
[13.542462] (unitree_guide2) StderrLine: {'line': b'\x1b[01m\x1b[K/opt/ros/jazzy/include/rclcpp/rclcpp/any_subscription_callback.hpp:396:23:\x1b[m\x1b[K   required from \xe2\x80\x98\x1b[01m\x1b[Krclcpp::AnySubscriptionCallback<MessageT, AllocatorT> rclcpp::AnySubscriptionCallback<MessageT, AllocatorT>::\x1b[01;32m\x1b[Kset\x1b[m\x1b[K(CallbackT) \x1b[35m\x1b[K[with CallbackT = std::_Bind<void (State_move_gait::*(State_move_gait*, std::_Placeholder<1>))(int)>; MessageT = GaitCmd; AllocatorT = std::allocator<void>]\x1b[m\x1b[K\x1b[m\x1b[K\xe2\x80\x99\n'}
[13.542715] (unitree_guide2) StderrLine: {'line': b'\x1b[01m\x1b[K/opt/ros/jazzy/include/rclcpp/rclcpp/subscription_factory.hpp:93:32:\x1b[m\x1b[K   required from \xe2\x80\x98\x1b[01m\x1b[Krclcpp::SubscriptionFactory rclcpp::\x1b[01;32m\x1b[Kcreate_subscription_factory\x1b[m\x1b[K(CallbackT&&, const SubscriptionOptionsWithAllocator<AllocatorT>&, typename MessageMemoryStrategyT::SharedPtr, std::shared_ptr<topic_statistics::SubscriptionTopicStatistics>) \x1b[35m\x1b[K[with MessageT = GaitCmd; CallbackT = std::_Bind<void (State_move_gait::*(State_move_gait*, std::_Placeholder<1>))(int)>; AllocatorT = std::allocator<void>; SubscriptionT = Subscription<GaitCmd>; MessageMemoryStrategyT = message_memory_strategy::MessageMemoryStrategy<GaitCmd, std::allocator<void> >; typename MessageMemoryStrategyT::SharedPtr = std::shared_ptr<message_memory_strategy::MessageMemoryStrategy<GaitCmd, std::allocator<void> > >]\x1b[m\x1b[K\x1b[m\x1b[K\xe2\x80\x99\n'}
[13.542970] (unitree_guide2) StderrLine: {'line': b'\x1b[01m\x1b[K/opt/ros/jazzy/include/rclcpp/rclcpp/create_subscription.hpp:121:63:\x1b[m\x1b[K   required from \xe2\x80\x98\x1b[01m\x1b[Kstd::shared_ptr<ROSMessageT> rclcpp::detail::\x1b[01;32m\x1b[Kcreate_subscription\x1b[m\x1b[K(NodeParametersT&, NodeTopicsT&, const std::string&, const rclcpp::QoS&, CallbackT&&, const rclcpp::SubscriptionOptionsWithAllocator<AllocatorT>&, typename MessageMemoryStrategyT::SharedPtr) \x1b[35m\x1b[K[with MessageT = GaitCmd; CallbackT = std::_Bind<void (State_move_gait::*(State_move_gait*, std::_Placeholder<1>))(int)>; AllocatorT = std::allocator<void>; SubscriptionT = rclcpp::Subscription<GaitCmd>; MessageMemoryStrategyT = rclcpp::message_memory_strategy::MessageMemoryStrategy<GaitCmd, std::allocator<void> >; NodeParametersT = rclcpp::Node; NodeTopicsT = rclcpp::Node; std::string = std::__cxx11::basic_string<char>; typename MessageMemoryStrategyT::SharedPtr = std::shared_ptr<rclcpp::message_memory_strategy::MessageMemoryStrategy<GaitCmd, std::allocator<void> > >]\x1b[m\x1b[K\x1b[m\x1b[K\xe2\x80\x99\n'}
[13.543212] (unitree_guide2) StderrLine: {'line': b'\x1b[01m\x1b[K/opt/ros/jazzy/include/rclcpp/rclcpp/create_subscription.hpp:190:76:\x1b[m\x1b[K   required from \xe2\x80\x98\x1b[01m\x1b[Kstd::shared_ptr<ROSMessageT> rclcpp::\x1b[01;32m\x1b[Kcreate_subscription\x1b[m\x1b[K(NodeT&, const std::string&, const QoS&, CallbackT&&, const SubscriptionOptionsWithAllocator<AllocatorT>&, typename MessageMemoryStrategyT::SharedPtr) \x1b[35m\x1b[K[with MessageT = GaitCmd; CallbackT = std::_Bind<void (State_move_gait::*(State_move_gait*, std::_Placeholder<1>))(int)>; AllocatorT = std::allocator<void>; SubscriptionT = Subscription<GaitCmd>; MessageMemoryStrategyT = message_memory_strategy::MessageMemoryStrategy<GaitCmd, std::allocator<void> >; NodeT = Node; std::string = std::__cxx11::basic_string<char>; typename MessageMemoryStrategyT::SharedPtr = std::shared_ptr<message_memory_strategy::MessageMemoryStrategy<GaitCmd, std::allocator<void> > >]\x1b[m\x1b[K\x1b[m\x1b[K\xe2\x80\x99\n'}
[13.543459] (unitree_guide2) StderrLine: {'line': b'\x1b[01m\x1b[K/opt/ros/jazzy/include/rclcpp/rclcpp/node_impl.hpp:99:47:\x1b[m\x1b[K   required from \xe2\x80\x98\x1b[01m\x1b[Kstd::shared_ptr<ROSMessageT> rclcpp::Node::\x1b[01;32m\x1b[Kcreate_subscription\x1b[m\x1b[K(const std::string&, const rclcpp::QoS&, CallbackT&&, const rclcpp::SubscriptionOptionsWithAllocator<AllocatorT>&, typename MessageMemoryStrategyT::SharedPtr) \x1b[35m\x1b[K[with MessageT = GaitCmd; CallbackT = std::_Bind<void (State_move_gait::*(State_move_gait*, std::_Placeholder<1>))(int)>; AllocatorT = std::allocator<void>; SubscriptionT = rclcpp::Subscription<GaitCmd>; MessageMemoryStrategyT = rclcpp::message_memory_strategy::MessageMemoryStrategy<GaitCmd, std::allocator<void> >; std::string = std::__cxx11::basic_string<char>; typename MessageMemoryStrategyT::SharedPtr = std::shared_ptr<rclcpp::message_memory_strategy::MessageMemoryStrategy<GaitCmd, std::allocator<void> > >]\x1b[m\x1b[K\x1b[m\x1b[K\xe2\x80\x99\n'}
[13.543695] (unitree_guide2) StderrLine: {'line': b'\x1b[01m\x1b[K/home/nebbackwards/WPI/Classes/RBE521/Final/ros_workspace/src/RBE521/unitree_guide2/src/FSM/State_move_gait.cpp:101:49:\x1b[m\x1b[K   required from here\n'}
[13.543895] (unitree_guide2) StderrLine: {'line': b'\x1b[01m\x1b[K/usr/include/c++/13/variant:1407:15:\x1b[m\x1b[K \x1b[01;31m\x1b[Kerror: \x1b[m\x1b[Kno type named \xe2\x80\x98\x1b[01m\x1b[Ktype\x1b[m\x1b[K\xe2\x80\x99 in \xe2\x80\x98\x1b[01m\x1b[Kstruct std::enable_if<false, void>\x1b[m\x1b[K\xe2\x80\x99\n'}
[13.544108] (unitree_guide2) StderrLine: {'line': b' 1407 |         using \x1b[01;31m\x1b[K__accepted_type\x1b[m\x1b[K = __to_type<__accepted_index<_Tp>>;\n'}
[13.544313] (unitree_guide2) StderrLine: {'line': b'      |               \x1b[01;31m\x1b[K^~~~~~~~~~~~~~~\x1b[m\x1b[K\n'}
[13.544521] (unitree_guide2) StderrLine: {'line': b'/opt/ros/jazzy/include/rclcpp/rclcpp/any_subscription_callback.hpp: In instantiation of \xe2\x80\x98\x1b[01m\x1b[Krclcpp::AnySubscriptionCallback<MessageT, AllocatorT> rclcpp::AnySubscriptionCallback<MessageT, AllocatorT>::\x1b[01;32m\x1b[Kset\x1b[m\x1b[K(CallbackT) \x1b[35m\x1b[K[with CallbackT = std::_Bind<void (State_move_gait::*(State_move_gait*, std::_Placeholder<1>))(int)>; MessageT = GaitCmd; AllocatorT = std::allocator<void>]\x1b[m\x1b[K\x1b[m\x1b[K\xe2\x80\x99:\n'}
[13.547990] (unitree_guide2) StderrLine: {'line': b'\x1b[01m\x1b[K/opt/ros/jazzy/include/rclcpp/rclcpp/subscription_factory.hpp:93:32:\x1b[m\x1b[K   required from \xe2\x80\x98\x1b[01m\x1b[Krclcpp::SubscriptionFactory rclcpp::\x1b[01;32m\x1b[Kcreate_subscription_factory\x1b[m\x1b[K(CallbackT&&, const SubscriptionOptionsWithAllocator<AllocatorT>&, typename MessageMemoryStrategyT::SharedPtr, std::shared_ptr<topic_statistics::SubscriptionTopicStatistics>) \x1b[35m\x1b[K[with MessageT = GaitCmd; CallbackT = std::_Bind<void (State_move_gait::*(State_move_gait*, std::_Placeholder<1>))(int)>; AllocatorT = std::allocator<void>; SubscriptionT = Subscription<GaitCmd>; MessageMemoryStrategyT = message_memory_strategy::MessageMemoryStrategy<GaitCmd, std::allocator<void> >; typename MessageMemoryStrategyT::SharedPtr = std::shared_ptr<message_memory_strategy::MessageMemoryStrategy<GaitCmd, std::allocator<void> > >]\x1b[m\x1b[K\x1b[m\x1b[K\xe2\x80\x99\n'}
[13.548323] (unitree_guide2) StderrLine: {'line': b'\x1b[01m\x1b[K/opt/ros/jazzy/include/rclcpp/rclcpp/create_subscription.hpp:121:63:\x1b[m\x1b[K   required from \xe2\x80\x98\x1b[01m\x1b[Kstd::shared_ptr<ROSMessageT> rclcpp::detail::\x1b[01;32m\x1b[Kcreate_subscription\x1b[m\x1b[K(NodeParametersT&, NodeTopicsT&, const std::string&, const rclcpp::QoS&, CallbackT&&, const rclcpp::SubscriptionOptionsWithAllocator<AllocatorT>&, typename MessageMemoryStrategyT::SharedPtr) \x1b[35m\x1b[K[with MessageT = GaitCmd; CallbackT = std::_Bind<void (State_move_gait::*(State_move_gait*, std::_Placeholder<1>))(int)>; AllocatorT = std::allocator<void>; SubscriptionT = rclcpp::Subscription<GaitCmd>; MessageMemoryStrategyT = rclcpp::message_memory_strategy::MessageMemoryStrategy<GaitCmd, std::allocator<void> >; NodeParametersT = rclcpp::Node; NodeTopicsT = rclcpp::Node; std::string = std::__cxx11::basic_string<char>; typename MessageMemoryStrategyT::SharedPtr = std::shared_ptr<rclcpp::message_memory_strategy::MessageMemoryStrategy<GaitCmd, std::allocator<void> > >]\x1b[m\x1b[K\x1b[m\x1b[K\xe2\x80\x99\n'}
[13.548581] (unitree_guide2) StderrLine: {'line': b'\x1b[01m\x1b[K/opt/ros/jazzy/include/rclcpp/rclcpp/create_subscription.hpp:190:76:\x1b[m\x1b[K   required from \xe2\x80\x98\x1b[01m\x1b[Kstd::shared_ptr<ROSMessageT> rclcpp::\x1b[01;32m\x1b[Kcreate_subscription\x1b[m\x1b[K(NodeT&, const std::string&, const QoS&, CallbackT&&, const SubscriptionOptionsWithAllocator<AllocatorT>&, typename MessageMemoryStrategyT::SharedPtr) \x1b[35m\x1b[K[with MessageT = GaitCmd; CallbackT = std::_Bind<void (State_move_gait::*(State_move_gait*, std::_Placeholder<1>))(int)>; AllocatorT = std::allocator<void>; SubscriptionT = Subscription<GaitCmd>; MessageMemoryStrategyT = message_memory_strategy::MessageMemoryStrategy<GaitCmd, std::allocator<void> >; NodeT = Node; std::string = std::__cxx11::basic_string<char>; typename MessageMemoryStrategyT::SharedPtr = std::shared_ptr<message_memory_strategy::MessageMemoryStrategy<GaitCmd, std::allocator<void> > >]\x1b[m\x1b[K\x1b[m\x1b[K\xe2\x80\x99\n'}
[13.548839] (unitree_guide2) StderrLine: {'line': b'\x1b[01m\x1b[K/opt/ros/jazzy/include/rclcpp/rclcpp/node_impl.hpp:99:47:\x1b[m\x1b[K   required from \xe2\x80\x98\x1b[01m\x1b[Kstd::shared_ptr<ROSMessageT> rclcpp::Node::\x1b[01;32m\x1b[Kcreate_subscription\x1b[m\x1b[K(const std::string&, const rclcpp::QoS&, CallbackT&&, const rclcpp::SubscriptionOptionsWithAllocator<AllocatorT>&, typename MessageMemoryStrategyT::SharedPtr) \x1b[35m\x1b[K[with MessageT = GaitCmd; CallbackT = std::_Bind<void (State_move_gait::*(State_move_gait*, std::_Placeholder<1>))(int)>; AllocatorT = std::allocator<void>; SubscriptionT = rclcpp::Subscription<GaitCmd>; MessageMemoryStrategyT = rclcpp::message_memory_strategy::MessageMemoryStrategy<GaitCmd, std::allocator<void> >; std::string = std::__cxx11::basic_string<char>; typename MessageMemoryStrategyT::SharedPtr = std::shared_ptr<rclcpp::message_memory_strategy::MessageMemoryStrategy<GaitCmd, std::allocator<void> > >]\x1b[m\x1b[K\x1b[m\x1b[K\xe2\x80\x99\n'}
[13.549070] (unitree_guide2) StderrLine: {'line': b'\x1b[01m\x1b[K/home/nebbackwards/WPI/Classes/RBE521/Final/ros_workspace/src/RBE521/unitree_guide2/src/FSM/State_move_gait.cpp:101:49:\x1b[m\x1b[K   required from here\n'}
[13.549271] (unitree_guide2) StderrLine: {'line': b'\x1b[01m\x1b[K/usr/include/c++/13/variant:1430:16:\x1b[m\x1b[K \x1b[01;36m\x1b[Knote: \x1b[m\x1b[Kcandidate: \xe2\x80\x98\x1b[01m\x1b[Kstd::variant<_Types>& std::variant<_Types>::\x1b[01;32m\x1b[Koperator=\x1b[m\x1b[K(const std::variant<_Types>&) \x1b[35m\x1b[K[with _Types = {std::function<void(const GaitCmd&)>, std::function<void(const GaitCmd&, const rclcpp::MessageInfo&)>, std::function<void(const rclcpp::SerializedMessage&)>, std::function<void(const rclcpp::SerializedMessage&, const rclcpp::MessageInfo&)>, std::function<void(std::unique_ptr<GaitCmd, std::default_delete<GaitCmd> >)>, std::function<void(std::unique_ptr<GaitCmd, std::default_delete<GaitCmd> >, const rclcpp::MessageInfo&)>, std::function<void(std::unique_ptr<rclcpp::SerializedMessage, std::default_delete<rclcpp::SerializedMessage> >)>, std::function<void(std::unique_ptr<rclcpp::SerializedMessage, std::default_delete<rclcpp::SerializedMessage> >, const rclcpp::MessageInfo&)>, std::function<void(std::shared_ptr<const GaitCmd>)>, std::function<void(std::shared_ptr<const GaitCmd>, const rclcpp::MessageInfo&)>, std::function<void(std::shared_ptr<const rclcpp::SerializedMessage>)>, std::function<void(std::shared_ptr<const rclcpp::SerializedMessage>, const rclcpp::MessageInfo&)>, std::function<void(const std::shared_ptr<const GaitCmd>&)>, std::function<void(const std::shared_ptr<const GaitCmd>&, const rclcpp::MessageInfo&)>, std::function<void(const std::shared_ptr<const rclcpp::SerializedMessage>&)>, std::function<void(const std::shared_ptr<const rclcpp::SerializedMessage>&, const rclcpp::MessageInfo&)>, std::function<void(std::shared_ptr<GaitCmd>)>, std::function<void(std::shared_ptr<GaitCmd>, const rclcpp::MessageInfo&)>, std::function<void(std::shared_ptr<rclcpp::SerializedMessage>)>, std::function<void(std::shared_ptr<rclcpp::SerializedMessage>, const rclcpp::MessageInfo&)>}]\x1b[m\x1b[K\x1b[m\x1b[K\xe2\x80\x99\n'}
[13.549555] (unitree_guide2) StderrLine: {'line': b' 1430 |       variant& \x1b[01;36m\x1b[Koperator\x1b[m\x1b[K=(const variant&) = default;\n'}
[13.549793] (unitree_guide2) StderrLine: {'line': b'      |                \x1b[01;36m\x1b[K^~~~~~~~\x1b[m\x1b[K\n'}
[13.550009] (unitree_guide2) StderrLine: {'line': b'\x1b[01m\x1b[K/usr/include/c++/13/variant:1430:26:\x1b[m\x1b[K \x1b[01;36m\x1b[Knote: \x1b[m\x1b[K  no known conversion for argument 1 from \xe2\x80\x98\x1b[01m\x1b[Krclcpp::detail::SubscriptionCallbackTypeHelper<GaitCmd, std::_Bind<void (State_move_gait::*(State_move_gait*, std::_Placeholder<1>))(int)>, void>::callback_type\x1b[m\x1b[K\xe2\x80\x99 {aka \xe2\x80\x98\x1b[01m\x1b[Kstd::function<void(int)>\x1b[m\x1b[K\xe2\x80\x99} to \xe2\x80\x98\x1b[01m\x1b[Kconst std::variant<std::function<void(const GaitCmd&)>, std::function<void(const GaitCmd&, const rclcpp::MessageInfo&)>, std::function<void(const rclcpp::SerializedMessage&)>, std::function<void(const rclcpp::SerializedMessage&, const rclcpp::MessageInfo&)>, std::function<void(std::unique_ptr<GaitCmd, std::default_delete<GaitCmd> >)>, std::function<void(std::unique_ptr<GaitCmd, std::default_delete<GaitCmd> >, const rclcpp::MessageInfo&)>, std::function<void(std::unique_ptr<rclcpp::SerializedMessage, std::default_delete<rclcpp::SerializedMessage> >)>, std::function<void(std::unique_ptr<rclcpp::SerializedMessage, std::default_delete<rclcpp::SerializedMessage> >, const rclcpp::MessageInfo&)>, std::function<void(std::shared_ptr<const GaitCmd>)>, std::function<void(std::shared_ptr<const GaitCmd>, const rclcpp::MessageInfo&)>, std::function<void(std::shared_ptr<const rclcpp::SerializedMessage>)>, std::function<void(std::shared_ptr<const rclcpp::SerializedMessage>, const rclcpp::MessageInfo&)>, std::function<void(const std::shared_ptr<const GaitCmd>&)>, std::function<void(const std::shared_ptr<const GaitCmd>&, const rclcpp::MessageInfo&)>, std::function<void(const std::shared_ptr<const rclcpp::SerializedMessage>&)>, std::function<void(const std::shared_ptr<const rclcpp::SerializedMessage>&, const rclcpp::MessageInfo&)>, std::function<void(std::shared_ptr<GaitCmd>)>, std::function<void(std::shared_ptr<GaitCmd>, const rclcpp::MessageInfo&)>, std::function<void(std::shared_ptr<rclcpp::SerializedMessage>)>, std::function<void(std::shared_ptr<rclcpp::SerializedMessage>, const rclcpp::MessageInfo&)> >&\x1b[m\x1b[K\xe2\x80\x99\n'}
[13.550246] (unitree_guide2) StderrLine: {'line': b' 1430 |       variant& operator=(\x1b[01;36m\x1b[Kconst variant&\x1b[m\x1b[K) = default;\n'}
[13.550470] (unitree_guide2) StderrLine: {'line': b'      |                          \x1b[01;36m\x1b[K^~~~~~~~~~~~~~\x1b[m\x1b[K\n'}
[13.553851] (unitree_guide2) StderrLine: {'line': b'\x1b[01m\x1b[K/usr/include/c++/13/variant:1431:16:\x1b[m\x1b[K \x1b[01;36m\x1b[Knote: \x1b[m\x1b[Kcandidate: \xe2\x80\x98\x1b[01m\x1b[Kstd::variant<_Types>& std::variant<_Types>::\x1b[01;32m\x1b[Koperator=\x1b[m\x1b[K(std::variant<_Types>&&) \x1b[35m\x1b[K[with _Types = {std::function<void(const GaitCmd&)>, std::function<void(const GaitCmd&, const rclcpp::MessageInfo&)>, std::function<void(const rclcpp::SerializedMessage&)>, std::function<void(const rclcpp::SerializedMessage&, const rclcpp::MessageInfo&)>, std::function<void(std::unique_ptr<GaitCmd, std::default_delete<GaitCmd> >)>, std::function<void(std::unique_ptr<GaitCmd, std::default_delete<GaitCmd> >, const rclcpp::MessageInfo&)>, std::function<void(std::unique_ptr<rclcpp::SerializedMessage, std::default_delete<rclcpp::SerializedMessage> >)>, std::function<void(std::unique_ptr<rclcpp::SerializedMessage, std::default_delete<rclcpp::SerializedMessage> >, const rclcpp::MessageInfo&)>, std::function<void(std::shared_ptr<const GaitCmd>)>, std::function<void(std::shared_ptr<const GaitCmd>, const rclcpp::MessageInfo&)>, std::function<void(std::shared_ptr<const rclcpp::SerializedMessage>)>, std::function<void(std::shared_ptr<const rclcpp::SerializedMessage>, const rclcpp::MessageInfo&)>, std::function<void(const std::shared_ptr<const GaitCmd>&)>, std::function<void(const std::shared_ptr<const GaitCmd>&, const rclcpp::MessageInfo&)>, std::function<void(const std::shared_ptr<const rclcpp::SerializedMessage>&)>, std::function<void(const std::shared_ptr<const rclcpp::SerializedMessage>&, const rclcpp::MessageInfo&)>, std::function<void(std::shared_ptr<GaitCmd>)>, std::function<void(std::shared_ptr<GaitCmd>, const rclcpp::MessageInfo&)>, std::function<void(std::shared_ptr<rclcpp::SerializedMessage>)>, std::function<void(std::shared_ptr<rclcpp::SerializedMessage>, const rclcpp::MessageInfo&)>}]\x1b[m\x1b[K\x1b[m\x1b[K\xe2\x80\x99\n'}
[13.554250] (unitree_guide2) StderrLine: {'line': b' 1431 |       variant& \x1b[01;36m\x1b[Koperator\x1b[m\x1b[K=(variant&&) = default;\n'}
[13.554480] (unitree_guide2) StderrLine: {'line': b'      |                \x1b[01;36m\x1b[K^~~~~~~~\x1b[m\x1b[K\n'}
[13.554682] (unitree_guide2) StderrLine: {'line': b'\x1b[01m\x1b[K/usr/include/c++/13/variant:1431:26:\x1b[m\x1b[K \x1b[01;36m\x1b[Knote: \x1b[m\x1b[K  no known conversion for argument 1 from \xe2\x80\x98\x1b[01m\x1b[Krclcpp::detail::SubscriptionCallbackTypeHelper<GaitCmd, std::_Bind<void (State_move_gait::*(State_move_gait*, std::_Placeholder<1>))(int)>, void>::callback_type\x1b[m\x1b[K\xe2\x80\x99 {aka \xe2\x80\x98\x1b[01m\x1b[Kstd::function<void(int)>\x1b[m\x1b[K\xe2\x80\x99} to \xe2\x80\x98\x1b[01m\x1b[Kstd::variant<std::function<void(const GaitCmd&)>, std::function<void(const GaitCmd&, const rclcpp::MessageInfo&)>, std::function<void(const rclcpp::SerializedMessage&)>, std::function<void(const rclcpp::SerializedMessage&, const rclcpp::MessageInfo&)>, std::function<void(std::unique_ptr<GaitCmd, std::default_delete<GaitCmd> >)>, std::function<void(std::unique_ptr<GaitCmd, std::default_delete<GaitCmd> >, const rclcpp::MessageInfo&)>, std::function<void(std::unique_ptr<rclcpp::SerializedMessage, std::default_delete<rclcpp::SerializedMessage> >)>, std::function<void(std::unique_ptr<rclcpp::SerializedMessage, std::default_delete<rclcpp::SerializedMessage> >, const rclcpp::MessageInfo&)>, std::function<void(std::shared_ptr<const GaitCmd>)>, std::function<void(std::shared_ptr<const GaitCmd>, const rclcpp::MessageInfo&)>, std::function<void(std::shared_ptr<const rclcpp::SerializedMessage>)>, std::function<void(std::shared_ptr<const rclcpp::SerializedMessage>, const rclcpp::MessageInfo&)>, std::function<void(const std::shared_ptr<const GaitCmd>&)>, std::function<void(const std::shared_ptr<const GaitCmd>&, const rclcpp::MessageInfo&)>, std::function<void(const std::shared_ptr<const rclcpp::SerializedMessage>&)>, std::function<void(const std::shared_ptr<const rclcpp::SerializedMessage>&, const rclcpp::MessageInfo&)>, std::function<void(std::shared_ptr<GaitCmd>)>, std::function<void(std::shared_ptr<GaitCmd>, const rclcpp::MessageInfo&)>, std::function<void(std::shared_ptr<rclcpp::SerializedMessage>)>, std::function<void(std::shared_ptr<rclcpp::SerializedMessage>, const rclcpp::MessageInfo&)> >&&\x1b[m\x1b[K\xe2\x80\x99\n'}
[13.554947] (unitree_guide2) StderrLine: {'line': b' 1431 |       variant& operator=(\x1b[01;36m\x1b[Kvariant&&\x1b[m\x1b[K) = default;\n'}
[13.555168] (unitree_guide2) StderrLine: {'line': b'      |                          \x1b[01;36m\x1b[K^~~~~~~~~\x1b[m\x1b[K\n'}
[13.623748] (-) TimerEvent: {}
[13.724237] (-) TimerEvent: {}
[13.778956] (unitree_guide2) StderrLine: {'line': b'In file included from \x1b[01m\x1b[K/home/nebbackwards/WPI/Classes/RBE521/Final/ros_workspace/src/RBE521/unitree_guide2/include/message/LowlevelState.h:9\x1b[m\x1b[K,\n'}
[13.779712] (unitree_guide2) StderrLine: {'line': b'                 from \x1b[01m\x1b[K/home/nebbackwards/WPI/Classes/RBE521/Final/ros_workspace/src/RBE521/unitree_guide2/include/common/unitreeRobot.h:8\x1b[m\x1b[K,\n'}
[13.780007] (unitree_guide2) StderrLine: {'line': b'                 from \x1b[01m\x1b[K/home/nebbackwards/WPI/Classes/RBE521/Final/ros_workspace/src/RBE521/unitree_guide2/src/common/unitreeRobot.cpp:4\x1b[m\x1b[K:\n'}
[13.780242] (unitree_guide2) StderrLine: {'line': b'\x1b[01m\x1b[K/home/nebbackwards/WPI/Classes/RBE521/Final/ros_workspace/src/RBE521/unitree_guide2/include/common/mathTools.h:\x1b[m\x1b[K In constructor \xe2\x80\x98\x1b[01m\x1b[KAvgCov::\x1b[01;32m\x1b[KAvgCov\x1b[m\x1b[K(unsigned int, std::string, bool, unsigned int, unsigned int, double)\x1b[m\x1b[K\xe2\x80\x99:\n'}
[13.780479] (unitree_guide2) StderrLine: {'line': b'\x1b[01m\x1b[K/home/nebbackwards/WPI/Classes/RBE521/Final/ros_workspace/src/RBE521/unitree_guide2/include/common/mathTools.h:278:17:\x1b[m\x1b[K \x1b[01;35m\x1b[Kwarning: \x1b[m\x1b[K\xe2\x80\x98\x1b[01m\x1b[KAvgCov::_valueName\x1b[m\x1b[K\xe2\x80\x99 will be initialized after [\x1b[01;35m\x1b[K\x1b]8;;https://gcc.gnu.org/onlinedocs/gcc/Warning-Options.html#index-Wreorder\x07-Wreorder\x1b]8;;\x07\x1b[m\x1b[K]\n'}
[13.780761] (unitree_guide2) StderrLine: {'line': b'  278 |     std::string \x1b[01;35m\x1b[K_valueName\x1b[m\x1b[K;\n'}
[13.780981] (unitree_guide2) StderrLine: {'line': b'      |                 \x1b[01;35m\x1b[K^~~~~~~~~~\x1b[m\x1b[K\n'}
[13.781181] (unitree_guide2) StderrLine: {'line': b'\x1b[01m\x1b[K/home/nebbackwards/WPI/Classes/RBE521/Final/ros_workspace/src/RBE521/unitree_guide2/include/common/mathTools.h:272:10:\x1b[m\x1b[K \x1b[01;35m\x1b[Kwarning: \x1b[m\x1b[K  \xe2\x80\x98\x1b[01m\x1b[Kbool AvgCov::_avgOnly\x1b[m\x1b[K\xe2\x80\x99 [\x1b[01;35m\x1b[K\x1b]8;;https://gcc.gnu.org/onlinedocs/gcc/Warning-Options.html#index-Wreorder\x07-Wreorder\x1b]8;;\x07\x1b[m\x1b[K]\n'}
[13.781492] (unitree_guide2) StderrLine: {'line': b'  272 |     bool \x1b[01;35m\x1b[K_avgOnly\x1b[m\x1b[K;\n'}
[13.781737] (unitree_guide2) StderrLine: {'line': b'      |          \x1b[01;35m\x1b[K^~~~~~~~\x1b[m\x1b[K\n'}
[13.781940] (unitree_guide2) StderrLine: {'line': b'\x1b[01m\x1b[K/home/nebbackwards/WPI/Classes/RBE521/Final/ros_workspace/src/RBE521/unitree_guide2/include/common/mathTools.h:246:5:\x1b[m\x1b[K \x1b[01;35m\x1b[Kwarning: \x1b[m\x1b[K  when initialized here [\x1b[01;35m\x1b[K\x1b]8;;https://gcc.gnu.org/onlinedocs/gcc/Warning-Options.html#index-Wreorder\x07-Wreorder\x1b]8;;\x07\x1b[m\x1b[K]\n'}
[13.782096] (unitree_guide2) StderrLine: {'line': b'  246 |     \x1b[01;35m\x1b[KAvgCov\x1b[m\x1b[K(unsigned int size, std::string name, bool avgOnly=false, unsigned int showPeriod=1000, unsigned int waitCount=5000, double zoomFactor=10000)\n'}
[13.782275] (unitree_guide2) StderrLine: {'line': b'      |     \x1b[01;35m\x1b[K^~~~~~\x1b[m\x1b[K\n'}
[13.826077] (-) TimerEvent: {}
[13.895203] (unitree_guide2) StderrLine: {'line': b'In file included from \x1b[01m\x1b[K/home/nebbackwards/WPI/Classes/RBE521/Final/ros_workspace/src/RBE521/unitree_guide2/include/message/LowlevelState.h:10\x1b[m\x1b[K:\n'}
[13.895661] (unitree_guide2) StderrLine: {'line': b'\x1b[01m\x1b[K/home/nebbackwards/WPI/Classes/RBE521/Final/ros_workspace/src/RBE521/unitree_guide2/include/interface/CmdPanel.h:\x1b[m\x1b[K In member function \xe2\x80\x98\x1b[01m\x1b[Kvirtual void* CmdPanel::\x1b[01;32m\x1b[Krun\x1b[m\x1b[K(void*)\x1b[m\x1b[K\xe2\x80\x99:\n'}
[13.895959] (unitree_guide2) StderrLine: {'line': b'\x1b[01m\x1b[K/home/nebbackwards/WPI/Classes/RBE521/Final/ros_workspace/src/RBE521/unitree_guide2/include/interface/CmdPanel.h:50:29:\x1b[m\x1b[K \x1b[01;35m\x1b[Kwarning: \x1b[m\x1b[Kunused parameter \xe2\x80\x98\x1b[01m\x1b[Karg\x1b[m\x1b[K\xe2\x80\x99 [\x1b[01;35m\x1b[K\x1b]8;;https://gcc.gnu.org/onlinedocs/gcc/Warning-Options.html#index-Wunused-parameter\x07-Wunused-parameter\x1b]8;;\x07\x1b[m\x1b[K]\n'}
[13.896181] (unitree_guide2) StderrLine: {'line': b'   50 |     virtual void* run(\x1b[01;35m\x1b[Kvoid *arg\x1b[m\x1b[K){return NULL;}\n'}
[13.896402] (unitree_guide2) StderrLine: {'line': b'      |                       \x1b[01;35m\x1b[K~~~~~~^~~\x1b[m\x1b[K\n'}
[13.926749] (-) TimerEvent: {}
[14.027689] (-) TimerEvent: {}
[14.132141] (-) TimerEvent: {}
[14.232782] (-) TimerEvent: {}
[14.333790] (-) TimerEvent: {}
[14.436082] (-) TimerEvent: {}
[14.536612] (-) TimerEvent: {}
[14.637754] (-) TimerEvent: {}
[14.696039] (unitree_guide2) StdoutLine: {'line': b'[ 68%] \x1b[32mBuilding CXX object CMakeFiles/junior_ctrl.dir/src/control/BalanceCtrl.cpp.o\x1b[0m\n'}
[14.697838] (unitree_guide2) StdoutLine: {'line': b'[ 72%] \x1b[32mBuilding CXX object CMakeFiles/junior_ctrl.dir/src/control/ControlFrame.cpp.o\x1b[0m\n'}
[14.738000] (-) TimerEvent: {}
[14.842005] (-) TimerEvent: {}
[14.889824] (unitree_guide2) StdoutLine: {'line': b'[ 75%] \x1b[32mBuilding CXX object CMakeFiles/junior_ctrl.dir/src/control/Estimator.cpp.o\x1b[0m\n'}
[14.897265] (unitree_guide2) StderrLine: {'line': b'gmake[2]: *** [CMakeFiles/junior_ctrl.dir/build.make:90: CMakeFiles/junior_ctrl.dir/src/FSM/FSM.cpp.o] Error 1\n'}
[14.898619] (unitree_guide2) StderrLine: {'line': b'gmake[2]: *** Waiting for unfinished jobs....\n'}
[14.942160] (-) TimerEvent: {}
[15.042661] (-) TimerEvent: {}
[15.146924] (-) TimerEvent: {}
[15.183770] (unitree_guide2) StderrLine: {'line': b'gmake[2]: *** [CMakeFiles/junior_ctrl.dir/build.make:76: CMakeFiles/junior_ctrl.dir/src/main.cpp.o] Error 1\n'}
[15.247114] (-) TimerEvent: {}
[15.347751] (-) TimerEvent: {}
[15.448730] (-) TimerEvent: {}
[15.549155] (-) TimerEvent: {}
[15.650544] (-) TimerEvent: {}
[15.751806] (-) TimerEvent: {}
[15.852366] (-) TimerEvent: {}
[15.952821] (-) TimerEvent: {}
[16.053294] (-) TimerEvent: {}
[16.153835] (-) TimerEvent: {}
[16.254467] (-) TimerEvent: {}
[16.354986] (-) TimerEvent: {}
[16.455533] (-) TimerEvent: {}
[16.556125] (-) TimerEvent: {}
[16.656688] (-) TimerEvent: {}
[16.757223] (-) TimerEvent: {}
[16.857706] (-) TimerEvent: {}
[16.958167] (-) TimerEvent: {}
[17.058567] (-) TimerEvent: {}
[17.082992] (unitree_guide2) StderrLine: {'line': b'In file included from \x1b[01m\x1b[K/home/nebbackwards/WPI/Classes/RBE521/Final/ros_workspace/src/RBE521/unitree_guide2/include/message/LowlevelState.h:9\x1b[m\x1b[K,\n'}
[17.083320] (unitree_guide2) StderrLine: {'line': b'                 from \x1b[01m\x1b[K/home/nebbackwards/WPI/Classes/RBE521/Final/ros_workspace/src/RBE521/unitree_guide2/include/common/unitreeRobot.h:8\x1b[m\x1b[K,\n'}
[17.083506] (unitree_guide2) StderrLine: {'line': b'                 from \x1b[01m\x1b[K/home/nebbackwards/WPI/Classes/RBE521/Final/ros_workspace/src/RBE521/unitree_guide2/include/control/BalanceCtrl.h:9\x1b[m\x1b[K,\n'}
[17.083718] (unitree_guide2) StderrLine: {'line': b'                 from \x1b[01m\x1b[K/home/nebbackwards/WPI/Classes/RBE521/Final/ros_workspace/src/RBE521/unitree_guide2/src/control/BalanceCtrl.cpp:4\x1b[m\x1b[K:\n'}
[17.083861] (unitree_guide2) StderrLine: {'line': b'\x1b[01m\x1b[K/home/nebbackwards/WPI/Classes/RBE521/Final/ros_workspace/src/RBE521/unitree_guide2/include/common/mathTools.h:\x1b[m\x1b[K In constructor \xe2\x80\x98\x1b[01m\x1b[KAvgCov::\x1b[01;32m\x1b[KAvgCov\x1b[m\x1b[K(unsigned int, std::string, bool, unsigned int, unsigned int, double)\x1b[m\x1b[K\xe2\x80\x99:\n'}
[17.083972] (unitree_guide2) StderrLine: {'line': b'\x1b[01m\x1b[K/home/nebbackwards/WPI/Classes/RBE521/Final/ros_workspace/src/RBE521/unitree_guide2/include/common/mathTools.h:278:17:\x1b[m\x1b[K \x1b[01;35m\x1b[Kwarning: \x1b[m\x1b[K\xe2\x80\x98\x1b[01m\x1b[KAvgCov::_valueName\x1b[m\x1b[K\xe2\x80\x99 will be initialized after [\x1b[01;35m\x1b[K\x1b]8;;https://gcc.gnu.org/onlinedocs/gcc/Warning-Options.html#index-Wreorder\x07-Wreorder\x1b]8;;\x07\x1b[m\x1b[K]\n'}
[17.084087] (unitree_guide2) StderrLine: {'line': b'  278 |     std::string \x1b[01;35m\x1b[K_valueName\x1b[m\x1b[K;\n'}
[17.084176] (unitree_guide2) StderrLine: {'line': b'      |                 \x1b[01;35m\x1b[K^~~~~~~~~~\x1b[m\x1b[K\n'}
[17.084262] (unitree_guide2) StderrLine: {'line': b'\x1b[01m\x1b[K/home/nebbackwards/WPI/Classes/RBE521/Final/ros_workspace/src/RBE521/unitree_guide2/include/common/mathTools.h:272:10:\x1b[m\x1b[K \x1b[01;35m\x1b[Kwarning: \x1b[m\x1b[K  \xe2\x80\x98\x1b[01m\x1b[Kbool AvgCov::_avgOnly\x1b[m\x1b[K\xe2\x80\x99 [\x1b[01;35m\x1b[K\x1b]8;;https://gcc.gnu.org/onlinedocs/gcc/Warning-Options.html#index-Wreorder\x07-Wreorder\x1b]8;;\x07\x1b[m\x1b[K]\n'}
[17.084377] (unitree_guide2) StderrLine: {'line': b'  272 |     bool \x1b[01;35m\x1b[K_avgOnly\x1b[m\x1b[K;\n'}
[17.084469] (unitree_guide2) StderrLine: {'line': b'      |          \x1b[01;35m\x1b[K^~~~~~~~\x1b[m\x1b[K\n'}
[17.084565] (unitree_guide2) StderrLine: {'line': b'\x1b[01m\x1b[K/home/nebbackwards/WPI/Classes/RBE521/Final/ros_workspace/src/RBE521/unitree_guide2/include/common/mathTools.h:246:5:\x1b[m\x1b[K \x1b[01;35m\x1b[Kwarning: \x1b[m\x1b[K  when initialized here [\x1b[01;35m\x1b[K\x1b]8;;https://gcc.gnu.org/onlinedocs/gcc/Warning-Options.html#index-Wreorder\x07-Wreorder\x1b]8;;\x07\x1b[m\x1b[K]\n'}
[17.084691] (unitree_guide2) StderrLine: {'line': b'  246 |     \x1b[01;35m\x1b[KAvgCov\x1b[m\x1b[K(unsigned int size, std::string name, bool avgOnly=false, unsigned int showPeriod=1000, unsigned int waitCount=5000, double zoomFactor=10000)\n'}
[17.084793] (unitree_guide2) StderrLine: {'line': b'      |     \x1b[01;35m\x1b[K^~~~~~\x1b[m\x1b[K\n'}
[17.126881] (unitree_guide2) StderrLine: {'line': b'In file included from \x1b[01m\x1b[K/home/nebbackwards/WPI/Classes/RBE521/Final/ros_workspace/src/RBE521/unitree_guide2/include/message/LowlevelState.h:10\x1b[m\x1b[K:\n'}
[17.127261] (unitree_guide2) StderrLine: {'line': b'\x1b[01m\x1b[K/home/nebbackwards/WPI/Classes/RBE521/Final/ros_workspace/src/RBE521/unitree_guide2/include/interface/CmdPanel.h:\x1b[m\x1b[K In member function \xe2\x80\x98\x1b[01m\x1b[Kvirtual void* CmdPanel::\x1b[01;32m\x1b[Krun\x1b[m\x1b[K(void*)\x1b[m\x1b[K\xe2\x80\x99:\n'}
[17.127474] (unitree_guide2) StderrLine: {'line': b'\x1b[01m\x1b[K/home/nebbackwards/WPI/Classes/RBE521/Final/ros_workspace/src/RBE521/unitree_guide2/include/interface/CmdPanel.h:50:29:\x1b[m\x1b[K \x1b[01;35m\x1b[Kwarning: \x1b[m\x1b[Kunused parameter \xe2\x80\x98\x1b[01m\x1b[Karg\x1b[m\x1b[K\xe2\x80\x99 [\x1b[01;35m\x1b[K\x1b]8;;https://gcc.gnu.org/onlinedocs/gcc/Warning-Options.html#index-Wunused-parameter\x07-Wunused-parameter\x1b]8;;\x07\x1b[m\x1b[K]\n'}
[17.127687] (unitree_guide2) StderrLine: {'line': b'   50 |     virtual void* run(\x1b[01;35m\x1b[Kvoid *arg\x1b[m\x1b[K){return NULL;}\n'}
[17.127829] (unitree_guide2) StderrLine: {'line': b'      |                       \x1b[01;35m\x1b[K~~~~~~^~~\x1b[m\x1b[K\n'}
[17.158719] (-) TimerEvent: {}
[17.205013] (unitree_guide2) StderrLine: {'line': b'\x1b[01m\x1b[K/home/nebbackwards/WPI/Classes/RBE521/Final/ros_workspace/src/RBE521/unitree_guide2/include/control/BalanceCtrl.h:\x1b[m\x1b[K In constructor \xe2\x80\x98\x1b[01m\x1b[KBalanceCtrl::\x1b[01;32m\x1b[KBalanceCtrl\x1b[m\x1b[K(double, Mat3, Mat6, double, double)\x1b[m\x1b[K\xe2\x80\x99:\n'}
[17.205482] (unitree_guide2) StderrLine: {'line': b'\x1b[01m\x1b[K/home/nebbackwards/WPI/Classes/RBE521/Final/ros_workspace/src/RBE521/unitree_guide2/include/control/BalanceCtrl.h:36:12:\x1b[m\x1b[K \x1b[01;35m\x1b[Kwarning: \x1b[m\x1b[K\xe2\x80\x98\x1b[01m\x1b[KBalanceCtrl::_mass\x1b[m\x1b[K\xe2\x80\x99 will be initialized after [\x1b[01;35m\x1b[K\x1b]8;;https://gcc.gnu.org/onlinedocs/gcc/Warning-Options.html#index-Wreorder\x07-Wreorder\x1b]8;;\x07\x1b[m\x1b[K]\n'}
[17.205716] (unitree_guide2) StderrLine: {'line': b'   36 |     double \x1b[01;35m\x1b[K_mass\x1b[m\x1b[K, _alpha, _beta, _fricRatio;\n'}
[17.205821] (unitree_guide2) StderrLine: {'line': b'      |            \x1b[01;35m\x1b[K^~~~~\x1b[m\x1b[K\n'}
[17.205909] (unitree_guide2) StderrLine: {'line': b'\x1b[01m\x1b[K/home/nebbackwards/WPI/Classes/RBE521/Final/ros_workspace/src/RBE521/unitree_guide2/include/control/BalanceCtrl.h:31:10:\x1b[m\x1b[K \x1b[01;35m\x1b[Kwarning: \x1b[m\x1b[K  \xe2\x80\x98\x1b[01m\x1b[KMat3 BalanceCtrl::_Ib\x1b[m\x1b[K\xe2\x80\x99 [\x1b[01;35m\x1b[K\x1b]8;;https://gcc.gnu.org/onlinedocs/gcc/Warning-Options.html#index-Wreorder\x07-Wreorder\x1b]8;;\x07\x1b[m\x1b[K]\n'}
[17.205998] (unitree_guide2) StderrLine: {'line': b'   31 |     Mat3 \x1b[01;35m\x1b[K_Ib\x1b[m\x1b[K;\n'}
[17.206079] (unitree_guide2) StderrLine: {'line': b'      |          \x1b[01;35m\x1b[K^~~\x1b[m\x1b[K\n'}
[17.206161] (unitree_guide2) StderrLine: {'line': b'\x1b[01m\x1b[K/home/nebbackwards/WPI/Classes/RBE521/Final/ros_workspace/src/RBE521/unitree_guide2/src/control/BalanceCtrl.cpp:8:1:\x1b[m\x1b[K \x1b[01;35m\x1b[Kwarning: \x1b[m\x1b[K  when initialized here [\x1b[01;35m\x1b[K\x1b]8;;https://gcc.gnu.org/onlinedocs/gcc/Warning-Options.html#index-Wreorder\x07-Wreorder\x1b]8;;\x07\x1b[m\x1b[K]\n'}
[17.206245] (unitree_guide2) StderrLine: {'line': b'    8 | \x1b[01;35m\x1b[KBalanceCtrl\x1b[m\x1b[K::BalanceCtrl(double mass, Mat3 Ib, Mat6 S, double alpha, double beta)\n'}
[17.206325] (unitree_guide2) StderrLine: {'line': b'      | \x1b[01;35m\x1b[K^~~~~~~~~~~\x1b[m\x1b[K\n'}
[17.206405] (unitree_guide2) StderrLine: {'line': b'\x1b[01m\x1b[K/home/nebbackwards/WPI/Classes/RBE521/Final/ros_workspace/src/RBE521/unitree_guide2/include/control/BalanceCtrl.h:31:10:\x1b[m\x1b[K \x1b[01;35m\x1b[Kwarning: \x1b[m\x1b[K\xe2\x80\x98\x1b[01m\x1b[KBalanceCtrl::_Ib\x1b[m\x1b[K\xe2\x80\x99 will be initialized after [\x1b[01;35m\x1b[K\x1b]8;;https://gcc.gnu.org/onlinedocs/gcc/Warning-Options.html#index-Wreorder\x07-Wreorder\x1b]8;;\x07\x1b[m\x1b[K]\n'}
[17.206492] (unitree_guide2) StderrLine: {'line': b'   31 |     Mat3 \x1b[01;35m\x1b[K_Ib\x1b[m\x1b[K;\n'}
[17.206572] (unitree_guide2) StderrLine: {'line': b'      |          \x1b[01;35m\x1b[K^~~\x1b[m\x1b[K\n'}
[17.206674] (unitree_guide2) StderrLine: {'line': b'\x1b[01m\x1b[K/home/nebbackwards/WPI/Classes/RBE521/Final/ros_workspace/src/RBE521/unitree_guide2/include/control/BalanceCtrl.h:30:10:\x1b[m\x1b[K \x1b[01;35m\x1b[Kwarning: \x1b[m\x1b[K  \xe2\x80\x98\x1b[01m\x1b[KMat6 BalanceCtrl::_S\x1b[m\x1b[K\xe2\x80\x99 [\x1b[01;35m\x1b[K\x1b]8;;https://gcc.gnu.org/onlinedocs/gcc/Warning-Options.html#index-Wreorder\x07-Wreorder\x1b]8;;\x07\x1b[m\x1b[K]\n'}
[17.206776] (unitree_guide2) StderrLine: {'line': b'   30 |     Mat6 \x1b[01;35m\x1b[K_S\x1b[m\x1b[K;\n'}
[17.206862] (unitree_guide2) StderrLine: {'line': b'      |          \x1b[01;35m\x1b[K^~\x1b[m\x1b[K\n'}
[17.206981] (unitree_guide2) StderrLine: {'line': b'\x1b[01m\x1b[K/home/nebbackwards/WPI/Classes/RBE521/Final/ros_workspace/src/RBE521/unitree_guide2/src/control/BalanceCtrl.cpp:8:1:\x1b[m\x1b[K \x1b[01;35m\x1b[Kwarning: \x1b[m\x1b[K  when initialized here [\x1b[01;35m\x1b[K\x1b]8;;https://gcc.gnu.org/onlinedocs/gcc/Warning-Options.html#index-Wreorder\x07-Wreorder\x1b]8;;\x07\x1b[m\x1b[K]\n'}
[17.207077] (unitree_guide2) StderrLine: {'line': b'    8 | \x1b[01;35m\x1b[KBalanceCtrl\x1b[m\x1b[K::BalanceCtrl(double mass, Mat3 Ib, Mat6 S, double alpha, double beta)\n'}
[17.207159] (unitree_guide2) StderrLine: {'line': b'      | \x1b[01;35m\x1b[K^~~~~~~~~~~\x1b[m\x1b[K\n'}
[17.258875] (-) TimerEvent: {}
[17.295046] (unitree_guide2) StderrLine: {'line': b'In file included from \x1b[01m\x1b[K/home/nebbackwards/WPI/Classes/RBE521/Final/ros_workspace/src/RBE521/unitree_guide2/include/message/LowlevelState.h:9\x1b[m\x1b[K,\n'}
[17.295448] (unitree_guide2) StderrLine: {'line': b'                 from \x1b[01m\x1b[K/home/nebbackwards/WPI/Classes/RBE521/Final/ros_workspace/src/RBE521/unitree_guide2/include/common/unitreeRobot.h:8\x1b[m\x1b[K,\n'}
[17.295610] (unitree_guide2) StderrLine: {'line': b'                 from \x1b[01m\x1b[K/home/nebbackwards/WPI/Classes/RBE521/Final/ros_workspace/src/RBE521/unitree_guide2/include/control/Estimator.h:8\x1b[m\x1b[K,\n'}
[17.295732] (unitree_guide2) StderrLine: {'line': b'                 from \x1b[01m\x1b[K/home/nebbackwards/WPI/Classes/RBE521/Final/ros_workspace/src/RBE521/unitree_guide2/src/control/Estimator.cpp:4\x1b[m\x1b[K:\n'}
[17.295820] (unitree_guide2) StderrLine: {'line': b'\x1b[01m\x1b[K/home/nebbackwards/WPI/Classes/RBE521/Final/ros_workspace/src/RBE521/unitree_guide2/include/common/mathTools.h:\x1b[m\x1b[K In constructor \xe2\x80\x98\x1b[01m\x1b[KAvgCov::\x1b[01;32m\x1b[KAvgCov\x1b[m\x1b[K(unsigned int, std::string, bool, unsigned int, unsigned int, double)\x1b[m\x1b[K\xe2\x80\x99:\n'}
[17.295907] (unitree_guide2) StderrLine: {'line': b'\x1b[01m\x1b[K/home/nebbackwards/WPI/Classes/RBE521/Final/ros_workspace/src/RBE521/unitree_guide2/include/common/mathTools.h:278:17:\x1b[m\x1b[K \x1b[01;35m\x1b[Kwarning: \x1b[m\x1b[K\xe2\x80\x98\x1b[01m\x1b[KAvgCov::_valueName\x1b[m\x1b[K\xe2\x80\x99 will be initialized after [\x1b[01;35m\x1b[K\x1b]8;;https://gcc.gnu.org/onlinedocs/gcc/Warning-Options.html#index-Wreorder\x07-Wreorder\x1b]8;;\x07\x1b[m\x1b[K]\n'}
[17.295994] (unitree_guide2) StderrLine: {'line': b'  278 |     std::string \x1b[01;35m\x1b[K_valueName\x1b[m\x1b[K;\n'}
[17.296085] (unitree_guide2) StderrLine: {'line': b'      |                 \x1b[01;35m\x1b[K^~~~~~~~~~\x1b[m\x1b[K\n'}
[17.296164] (unitree_guide2) StderrLine: {'line': b'\x1b[01m\x1b[K/home/nebbackwards/WPI/Classes/RBE521/Final/ros_workspace/src/RBE521/unitree_guide2/include/common/mathTools.h:272:10:\x1b[m\x1b[K \x1b[01;35m\x1b[Kwarning: \x1b[m\x1b[K  \xe2\x80\x98\x1b[01m\x1b[Kbool AvgCov::_avgOnly\x1b[m\x1b[K\xe2\x80\x99 [\x1b[01;35m\x1b[K\x1b]8;;https://gcc.gnu.org/onlinedocs/gcc/Warning-Options.html#index-Wreorder\x07-Wreorder\x1b]8;;\x07\x1b[m\x1b[K]\n'}
[17.296242] (unitree_guide2) StderrLine: {'line': b'  272 |     bool \x1b[01;35m\x1b[K_avgOnly\x1b[m\x1b[K;\n'}
[17.296315] (unitree_guide2) StderrLine: {'line': b'      |          \x1b[01;35m\x1b[K^~~~~~~~\x1b[m\x1b[K\n'}
[17.296390] (unitree_guide2) StderrLine: {'line': b'\x1b[01m\x1b[K/home/nebbackwards/WPI/Classes/RBE521/Final/ros_workspace/src/RBE521/unitree_guide2/include/common/mathTools.h:246:5:\x1b[m\x1b[K \x1b[01;35m\x1b[Kwarning: \x1b[m\x1b[K  when initialized here [\x1b[01;35m\x1b[K\x1b]8;;https://gcc.gnu.org/onlinedocs/gcc/Warning-Options.html#index-Wreorder\x07-Wreorder\x1b]8;;\x07\x1b[m\x1b[K]\n'}
[17.296466] (unitree_guide2) StderrLine: {'line': b'  246 |     \x1b[01;35m\x1b[KAvgCov\x1b[m\x1b[K(unsigned int size, std::string name, bool avgOnly=false, unsigned int showPeriod=1000, unsigned int waitCount=5000, double zoomFactor=10000)\n'}
[17.296541] (unitree_guide2) StderrLine: {'line': b'      |     \x1b[01;35m\x1b[K^~~~~~\x1b[m\x1b[K\n'}
[17.337280] (unitree_guide2) StderrLine: {'line': b'In file included from \x1b[01m\x1b[K/home/nebbackwards/WPI/Classes/RBE521/Final/ros_workspace/src/RBE521/unitree_guide2/include/message/LowlevelState.h:10\x1b[m\x1b[K:\n'}
[17.337694] (unitree_guide2) StderrLine: {'line': b'\x1b[01m\x1b[K/home/nebbackwards/WPI/Classes/RBE521/Final/ros_workspace/src/RBE521/unitree_guide2/include/interface/CmdPanel.h:\x1b[m\x1b[K In member function \xe2\x80\x98\x1b[01m\x1b[Kvirtual void* CmdPanel::\x1b[01;32m\x1b[Krun\x1b[m\x1b[K(void*)\x1b[m\x1b[K\xe2\x80\x99:\n'}
[17.337809] (unitree_guide2) StderrLine: {'line': b'\x1b[01m\x1b[K/home/nebbackwards/WPI/Classes/RBE521/Final/ros_workspace/src/RBE521/unitree_guide2/include/interface/CmdPanel.h:50:29:\x1b[m\x1b[K \x1b[01;35m\x1b[Kwarning: \x1b[m\x1b[Kunused parameter \xe2\x80\x98\x1b[01m\x1b[Karg\x1b[m\x1b[K\xe2\x80\x99 [\x1b[01;35m\x1b[K\x1b]8;;https://gcc.gnu.org/onlinedocs/gcc/Warning-Options.html#index-Wunused-parameter\x07-Wunused-parameter\x1b]8;;\x07\x1b[m\x1b[K]\n'}
[17.337899] (unitree_guide2) StderrLine: {'line': b'   50 |     virtual void* run(\x1b[01;35m\x1b[Kvoid *arg\x1b[m\x1b[K){return NULL;}\n'}
[17.338002] (unitree_guide2) StderrLine: {'line': b'      |                       \x1b[01;35m\x1b[K~~~~~~^~~\x1b[m\x1b[K\n'}
[17.340155] (unitree_guide2) StderrLine: {'line': b'In file included from \x1b[01m\x1b[K/home/nebbackwards/WPI/Classes/RBE521/Final/ros_workspace/src/RBE521/unitree_guide2/include/message/LowlevelCmd.h:8\x1b[m\x1b[K,\n'}
[17.340681] (unitree_guide2) StderrLine: {'line': b'                 from \x1b[01m\x1b[K/home/nebbackwards/WPI/Classes/RBE521/Final/ros_workspace/src/RBE521/unitree_guide2/include/control/CtrlComponents.h:7\x1b[m\x1b[K,\n'}
[17.340922] (unitree_guide2) StderrLine: {'line': b'                 from \x1b[01m\x1b[K/home/nebbackwards/WPI/Classes/RBE521/Final/ros_workspace/src/RBE521/unitree_guide2/include/FSM/FSMState.h:10\x1b[m\x1b[K,\n'}
[17.341100] (unitree_guide2) StderrLine: {'line': b'                 from \x1b[01m\x1b[K/home/nebbackwards/WPI/Classes/RBE521/Final/ros_workspace/src/RBE521/unitree_guide2/include/FSM/FSM.h:8\x1b[m\x1b[K,\n'}
[17.341259] (unitree_guide2) StderrLine: {'line': b'                 from \x1b[01m\x1b[K/home/nebbackwards/WPI/Classes/RBE521/Final/ros_workspace/src/RBE521/unitree_guide2/include/control/ControlFrame.h:7\x1b[m\x1b[K,\n'}
[17.341357] (unitree_guide2) StderrLine: {'line': b'                 from \x1b[01m\x1b[K/home/nebbackwards/WPI/Classes/RBE521/Final/ros_workspace/src/RBE521/unitree_guide2/src/control/ControlFrame.cpp:4\x1b[m\x1b[K:\n'}
[17.341455] (unitree_guide2) StderrLine: {'line': b'\x1b[01m\x1b[K/home/nebbackwards/WPI/Classes/RBE521/Final/ros_workspace/src/RBE521/unitree_guide2/include/common/mathTools.h:\x1b[m\x1b[K In constructor \xe2\x80\x98\x1b[01m\x1b[KAvgCov::\x1b[01;32m\x1b[KAvgCov\x1b[m\x1b[K(unsigned int, std::string, bool, unsigned int, unsigned int, double)\x1b[m\x1b[K\xe2\x80\x99:\n'}
[17.341541] (unitree_guide2) StderrLine: {'line': b'\x1b[01m\x1b[K/home/nebbackwards/WPI/Classes/RBE521/Final/ros_workspace/src/RBE521/unitree_guide2/include/common/mathTools.h:278:17:\x1b[m\x1b[K \x1b[01;35m\x1b[Kwarning: \x1b[m\x1b[K\xe2\x80\x98\x1b[01m\x1b[KAvgCov::_valueName\x1b[m\x1b[K\xe2\x80\x99 will be initialized after [\x1b[01;35m\x1b[K\x1b]8;;https://gcc.gnu.org/onlinedocs/gcc/Warning-Options.html#index-Wreorder\x07-Wreorder\x1b]8;;\x07\x1b[m\x1b[K]\n'}
[17.341647] (unitree_guide2) StderrLine: {'line': b'  278 |     std::string \x1b[01;35m\x1b[K_valueName\x1b[m\x1b[K;\n'}
[17.341747] (unitree_guide2) StderrLine: {'line': b'      |                 \x1b[01;35m\x1b[K^~~~~~~~~~\x1b[m\x1b[K\n'}
[17.341825] (unitree_guide2) StderrLine: {'line': b'\x1b[01m\x1b[K/home/nebbackwards/WPI/Classes/RBE521/Final/ros_workspace/src/RBE521/unitree_guide2/include/common/mathTools.h:272:10:\x1b[m\x1b[K \x1b[01;35m\x1b[Kwarning: \x1b[m\x1b[K  \xe2\x80\x98\x1b[01m\x1b[Kbool AvgCov::_avgOnly\x1b[m\x1b[K\xe2\x80\x99 [\x1b[01;35m\x1b[K\x1b]8;;https://gcc.gnu.org/onlinedocs/gcc/Warning-Options.html#index-Wreorder\x07-Wreorder\x1b]8;;\x07\x1b[m\x1b[K]\n'}
[17.341908] (unitree_guide2) StderrLine: {'line': b'  272 |     bool \x1b[01;35m\x1b[K_avgOnly\x1b[m\x1b[K;\n'}
[17.341987] (unitree_guide2) StderrLine: {'line': b'      |          \x1b[01;35m\x1b[K^~~~~~~~\x1b[m\x1b[K\n'}
[17.342063] (unitree_guide2) StderrLine: {'line': b'\x1b[01m\x1b[K/home/nebbackwards/WPI/Classes/RBE521/Final/ros_workspace/src/RBE521/unitree_guide2/include/common/mathTools.h:246:5:\x1b[m\x1b[K \x1b[01;35m\x1b[Kwarning: \x1b[m\x1b[K  when initialized here [\x1b[01;35m\x1b[K\x1b]8;;https://gcc.gnu.org/onlinedocs/gcc/Warning-Options.html#index-Wreorder\x07-Wreorder\x1b]8;;\x07\x1b[m\x1b[K]\n'}
[17.342153] (unitree_guide2) StderrLine: {'line': b'  246 |     \x1b[01;35m\x1b[KAvgCov\x1b[m\x1b[K(unsigned int size, std::string name, bool avgOnly=false, unsigned int showPeriod=1000, unsigned int waitCount=5000, double zoomFactor=10000)\n'}
[17.342235] (unitree_guide2) StderrLine: {'line': b'      |     \x1b[01;35m\x1b[K^~~~~~\x1b[m\x1b[K\n'}
[17.359025] (-) TimerEvent: {}
[17.384598] (unitree_guide2) StderrLine: {'line': b'In file included from \x1b[01m\x1b[K/home/nebbackwards/WPI/Classes/RBE521/Final/ros_workspace/src/RBE521/unitree_guide2/include/message/LowlevelState.h:10\x1b[m\x1b[K,\n'}
[17.385005] (unitree_guide2) StderrLine: {'line': b'                 from \x1b[01m\x1b[K/home/nebbackwards/WPI/Classes/RBE521/Final/ros_workspace/src/RBE521/unitree_guide2/include/control/CtrlComponents.h:8\x1b[m\x1b[K:\n'}
[17.385191] (unitree_guide2) StderrLine: {'line': b'\x1b[01m\x1b[K/home/nebbackwards/WPI/Classes/RBE521/Final/ros_workspace/src/RBE521/unitree_guide2/include/interface/CmdPanel.h:\x1b[m\x1b[K In member function \xe2\x80\x98\x1b[01m\x1b[Kvirtual void* CmdPanel::\x1b[01;32m\x1b[Krun\x1b[m\x1b[K(void*)\x1b[m\x1b[K\xe2\x80\x99:\n'}
[17.385360] (unitree_guide2) StderrLine: {'line': b'\x1b[01m\x1b[K/home/nebbackwards/WPI/Classes/RBE521/Final/ros_workspace/src/RBE521/unitree_guide2/include/interface/CmdPanel.h:50:29:\x1b[m\x1b[K \x1b[01;35m\x1b[Kwarning: \x1b[m\x1b[Kunused parameter \xe2\x80\x98\x1b[01m\x1b[Karg\x1b[m\x1b[K\xe2\x80\x99 [\x1b[01;35m\x1b[K\x1b]8;;https://gcc.gnu.org/onlinedocs/gcc/Warning-Options.html#index-Wunused-parameter\x07-Wunused-parameter\x1b]8;;\x07\x1b[m\x1b[K]\n'}
[17.385531] (unitree_guide2) StderrLine: {'line': b'   50 |     virtual void* run(\x1b[01;35m\x1b[Kvoid *arg\x1b[m\x1b[K){return NULL;}\n'}
[17.385710] (unitree_guide2) StderrLine: {'line': b'      |                       \x1b[01;35m\x1b[K~~~~~~^~~\x1b[m\x1b[K\n'}
[17.407901] (unitree_guide2) StderrLine: {'line': b'\x1b[01m\x1b[K/home/nebbackwards/WPI/Classes/RBE521/Final/ros_workspace/src/RBE521/unitree_guide2/src/control/BalanceCtrl.cpp:\x1b[m\x1b[K In member function \xe2\x80\x98\x1b[01m\x1b[Kvoid BalanceCtrl::\x1b[01;32m\x1b[KcalMatrixA\x1b[m\x1b[K(Vec34, RotMat, VecInt4)\x1b[m\x1b[K\xe2\x80\x99:\n'}
[17.408134] (unitree_guide2) StderrLine: {'line': b'\x1b[01m\x1b[K/home/nebbackwards/WPI/Classes/RBE521/Final/ros_workspace/src/RBE521/unitree_guide2/src/control/BalanceCtrl.cpp:63:68:\x1b[m\x1b[K \x1b[01;35m\x1b[Kwarning: \x1b[m\x1b[Kunused parameter \xe2\x80\x98\x1b[01m\x1b[Kcontact\x1b[m\x1b[K\xe2\x80\x99 [\x1b[01;35m\x1b[K\x1b]8;;https://gcc.gnu.org/onlinedocs/gcc/Warning-Options.html#index-Wunused-parameter\x07-Wunused-parameter\x1b]8;;\x07\x1b[m\x1b[K]\n'}
[17.408241] (unitree_guide2) StderrLine: {'line': b'   63 | void BalanceCtrl::calMatrixA(Vec34 feetPos2B, RotMat rotM, \x1b[01;35m\x1b[KVecInt4 contact\x1b[m\x1b[K){\n'}
[17.408346] (unitree_guide2) StderrLine: {'line': b'      |                                                            \x1b[01;35m\x1b[K~~~~~~~~^~~~~~~\x1b[m\x1b[K\n'}
[17.459161] (-) TimerEvent: {}
[17.524345] (unitree_guide2) StderrLine: {'line': b'\x1b[01m\x1b[K/home/nebbackwards/WPI/Classes/RBE521/Final/ros_workspace/src/RBE521/unitree_guide2/src/control/BalanceCtrl.cpp:\x1b[m\x1b[K In member function \xe2\x80\x98\x1b[01m\x1b[Kvoid BalanceCtrl::\x1b[01;32m\x1b[KsolveQP\x1b[m\x1b[K()\x1b[m\x1b[K\xe2\x80\x99:\n'}
[17.524728] (unitree_guide2) StderrLine: {'line': b'\x1b[01m\x1b[K/home/nebbackwards/WPI/Classes/RBE521/Final/ros_workspace/src/RBE521/unitree_guide2/src/control/BalanceCtrl.cpp:149:12:\x1b[m\x1b[K \x1b[01;35m\x1b[Kwarning: \x1b[m\x1b[Kunused variable \xe2\x80\x98\x1b[01m\x1b[Kvalue\x1b[m\x1b[K\xe2\x80\x99 [\x1b[01;35m\x1b[K\x1b]8;;https://gcc.gnu.org/onlinedocs/gcc/Warning-Options.html#index-Wunused-variable\x07-Wunused-variable\x1b]8;;\x07\x1b[m\x1b[K]\n'}
[17.524921] (unitree_guide2) StderrLine: {'line': b'  149 |     double \x1b[01;35m\x1b[Kvalue\x1b[m\x1b[K = solve_quadprog(G, g0, CE, ce0, CI, ci0, x);\n'}
[17.525014] (unitree_guide2) StderrLine: {'line': b'      |            \x1b[01;35m\x1b[K^~~~~\x1b[m\x1b[K\n'}
[17.559309] (-) TimerEvent: {}
[17.565598] (unitree_guide2) StderrLine: {'line': b'\x1b[01m\x1b[K/home/nebbackwards/WPI/Classes/RBE521/Final/ros_workspace/src/RBE521/unitree_guide2/src/FSM/State_move_gait.cpp:\x1b[m\x1b[K In member function \xe2\x80\x98\x1b[01m\x1b[KFSMStateName State_move_gait::\x1b[01;32m\x1b[KcheckChange\x1b[m\x1b[K()\x1b[m\x1b[K\xe2\x80\x99:\n'}
[17.565876] (unitree_guide2) StderrLine: {'line': b'\x1b[01m\x1b[K/home/nebbackwards/WPI/Classes/RBE521/Final/ros_workspace/src/RBE521/unitree_guide2/src/FSM/State_move_gait.cpp:82:1:\x1b[m\x1b[K \x1b[01;35m\x1b[Kwarning: \x1b[m\x1b[Kcontrol reaches end of non-void function [\x1b[01;35m\x1b[K\x1b]8;;https://gcc.gnu.org/onlinedocs/gcc/Warning-Options.html#index-Wreturn-type\x07-Wreturn-type\x1b]8;;\x07\x1b[m\x1b[K]\n'}
[17.566003] (unitree_guide2) StderrLine: {'line': b'   82 | \x1b[01;35m\x1b[K}\x1b[m\x1b[K\n'}
[17.566094] (unitree_guide2) StderrLine: {'line': b'      | \x1b[01;35m\x1b[K^\x1b[m\x1b[K\n'}
[17.659485] (-) TimerEvent: {}
[17.670079] (unitree_guide2) StderrLine: {'line': b'gmake[2]: *** [CMakeFiles/junior_ctrl.dir/build.make:244: CMakeFiles/junior_ctrl.dir/src/FSM/State_move_gait.cpp.o] Error 1\n'}
[17.759699] (-) TimerEvent: {}
[17.860099] (-) TimerEvent: {}
[17.960484] (-) TimerEvent: {}
[18.060927] (-) TimerEvent: {}
[18.161386] (-) TimerEvent: {}
[18.261837] (-) TimerEvent: {}
[18.362228] (-) TimerEvent: {}
[18.462752] (-) TimerEvent: {}
[18.563267] (-) TimerEvent: {}
[18.663719] (-) TimerEvent: {}
[18.764067] (-) TimerEvent: {}
[18.864415] (-) TimerEvent: {}
[18.964727] (-) TimerEvent: {}
[19.065085] (-) TimerEvent: {}
[19.165520] (-) TimerEvent: {}
[19.266004] (-) TimerEvent: {}
[19.366409] (-) TimerEvent: {}
[19.392063] (unitree_guide2) StderrLine: {'line': b'\x1b[01m\x1b[K/home/nebbackwards/WPI/Classes/RBE521/Final/ros_workspace/src/RBE521/unitree_guide2/include/control/Estimator.h:\x1b[m\x1b[K In constructor \xe2\x80\x98\x1b[01m\x1b[KEstimator::\x1b[01;32m\x1b[KEstimator\x1b[m\x1b[K(QuadrupedRobot*, LowlevelState*, VecInt4*, Vec4*, double, Vec18, std::string)\x1b[m\x1b[K\xe2\x80\x99:\n'}
[19.392435] (unitree_guide2) StderrLine: {'line': b'\x1b[01m\x1b[K/home/nebbackwards/WPI/Classes/RBE521/Final/ros_workspace/src/RBE521/unitree_guide2/include/control/Estimator.h:90:21:\x1b[m\x1b[K \x1b[01;35m\x1b[Kwarning: \x1b[m\x1b[K\xe2\x80\x98\x1b[01m\x1b[KEstimator::_robModel\x1b[m\x1b[K\xe2\x80\x99 will be initialized after [\x1b[01;35m\x1b[K\x1b]8;;https://gcc.gnu.org/onlinedocs/gcc/Warning-Options.html#index-Wreorder\x07-Wreorder\x1b]8;;\x07\x1b[m\x1b[K]\n'}
[19.392616] (unitree_guide2) StderrLine: {'line': b'   90 |     QuadrupedRobot *\x1b[01;35m\x1b[K_robModel\x1b[m\x1b[K;\n'}
[19.392841] (unitree_guide2) StderrLine: {'line': b'      |                     \x1b[01;35m\x1b[K^~~~~~~~~\x1b[m\x1b[K\n'}
[19.393294] (unitree_guide2) StderrLine: {'line': b'\x1b[01m\x1b[K/home/nebbackwards/WPI/Classes/RBE521/Final/ros_workspace/src/RBE521/unitree_guide2/include/control/Estimator.h:89:20:\x1b[m\x1b[K \x1b[01;35m\x1b[Kwarning: \x1b[m\x1b[K  \xe2\x80\x98\x1b[01m\x1b[KLowlevelState* Estimator::_lowState\x1b[m\x1b[K\xe2\x80\x99 [\x1b[01;35m\x1b[K\x1b]8;;https://gcc.gnu.org/onlinedocs/gcc/Warning-Options.html#index-Wreorder\x07-Wreorder\x1b]8;;\x07\x1b[m\x1b[K]\n'}
[19.393426] (unitree_guide2) StderrLine: {'line': b'   89 |     LowlevelState* \x1b[01;35m\x1b[K_lowState\x1b[m\x1b[K;\n'}
[19.393511] (unitree_guide2) StderrLine: {'line': b'      |                    \x1b[01;35m\x1b[K^~~~~~~~~\x1b[m\x1b[K\n'}
[19.393591] (unitree_guide2) StderrLine: {'line': b'\x1b[01m\x1b[K/home/nebbackwards/WPI/Classes/RBE521/Final/ros_workspace/src/RBE521/unitree_guide2/src/control/Estimator.cpp:8:1:\x1b[m\x1b[K \x1b[01;35m\x1b[Kwarning: \x1b[m\x1b[K  when initialized here [\x1b[01;35m\x1b[K\x1b]8;;https://gcc.gnu.org/onlinedocs/gcc/Warning-Options.html#index-Wreorder\x07-Wreorder\x1b]8;;\x07\x1b[m\x1b[K]\n'}
[19.393706] (unitree_guide2) StderrLine: {'line': b'    8 | \x1b[01;35m\x1b[KEstimator\x1b[m\x1b[K::Estimator(QuadrupedRobot *robotModel, LowlevelState* lowState,\n'}
[19.393789] (unitree_guide2) StderrLine: {'line': b'      | \x1b[01;35m\x1b[K^~~~~~~~~\x1b[m\x1b[K\n'}
[19.393865] (unitree_guide2) StderrLine: {'line': b'\x1b[01m\x1b[K/home/nebbackwards/WPI/Classes/RBE521/Final/ros_workspace/src/RBE521/unitree_guide2/include/control/Estimator.h:92:14:\x1b[m\x1b[K \x1b[01;35m\x1b[Kwarning: \x1b[m\x1b[K\xe2\x80\x98\x1b[01m\x1b[KEstimator::_contact\x1b[m\x1b[K\xe2\x80\x99 will be initialized after [\x1b[01;35m\x1b[K\x1b]8;;https://gcc.gnu.org/onlinedocs/gcc/Warning-Options.html#index-Wreorder\x07-Wreorder\x1b]8;;\x07\x1b[m\x1b[K]\n'}
[19.393955] (unitree_guide2) StderrLine: {'line': b'   92 |     VecInt4 *\x1b[01;35m\x1b[K_contact\x1b[m\x1b[K;\n'}
[19.394036] (unitree_guide2) StderrLine: {'line': b'      |              \x1b[01;35m\x1b[K^~~~~~~~\x1b[m\x1b[K\n'}
[19.394122] (unitree_guide2) StderrLine: {'line': b'\x1b[01m\x1b[K/home/nebbackwards/WPI/Classes/RBE521/Final/ros_workspace/src/RBE521/unitree_guide2/include/control/Estimator.h:91:11:\x1b[m\x1b[K \x1b[01;35m\x1b[Kwarning: \x1b[m\x1b[K  \xe2\x80\x98\x1b[01m\x1b[KVec4* Estimator::_phase\x1b[m\x1b[K\xe2\x80\x99 [\x1b[01;35m\x1b[K\x1b]8;;https://gcc.gnu.org/onlinedocs/gcc/Warning-Options.html#index-Wreorder\x07-Wreorder\x1b]8;;\x07\x1b[m\x1b[K]\n'}
[19.394222] (unitree_guide2) StderrLine: {'line': b'   91 |     Vec4 *\x1b[01;35m\x1b[K_phase\x1b[m\x1b[K;\n'}
[19.394305] (unitree_guide2) StderrLine: {'line': b'      |           \x1b[01;35m\x1b[K^~~~~~\x1b[m\x1b[K\n'}
[19.394381] (unitree_guide2) StderrLine: {'line': b'\x1b[01m\x1b[K/home/nebbackwards/WPI/Classes/RBE521/Final/ros_workspace/src/RBE521/unitree_guide2/src/control/Estimator.cpp:8:1:\x1b[m\x1b[K \x1b[01;35m\x1b[Kwarning: \x1b[m\x1b[K  when initialized here [\x1b[01;35m\x1b[K\x1b]8;;https://gcc.gnu.org/onlinedocs/gcc/Warning-Options.html#index-Wreorder\x07-Wreorder\x1b]8;;\x07\x1b[m\x1b[K]\n'}
[19.394474] (unitree_guide2) StderrLine: {'line': b'    8 | \x1b[01;35m\x1b[KEstimator\x1b[m\x1b[K::Estimator(QuadrupedRobot *robotModel, LowlevelState* lowState,\n'}
[19.394596] (unitree_guide2) StderrLine: {'line': b'      | \x1b[01;35m\x1b[K^~~~~~~~~\x1b[m\x1b[K\n'}
[19.394714] (unitree_guide2) StderrLine: {'line': b'\x1b[01m\x1b[K/home/nebbackwards/WPI/Classes/RBE521/Final/ros_workspace/src/RBE521/unitree_guide2/include/control/Estimator.h:93:12:\x1b[m\x1b[K \x1b[01;35m\x1b[Kwarning: \x1b[m\x1b[K\xe2\x80\x98\x1b[01m\x1b[KEstimator::_dt\x1b[m\x1b[K\xe2\x80\x99 will be initialized after [\x1b[01;35m\x1b[K\x1b]8;;https://gcc.gnu.org/onlinedocs/gcc/Warning-Options.html#index-Wreorder\x07-Wreorder\x1b]8;;\x07\x1b[m\x1b[K]\n'}
[19.394806] (unitree_guide2) StderrLine: {'line': b'   93 |     double \x1b[01;35m\x1b[K_dt\x1b[m\x1b[K;\n'}
[19.394880] (unitree_guide2) StderrLine: {'line': b'      |            \x1b[01;35m\x1b[K^~~\x1b[m\x1b[K\n'}
[19.394974] (unitree_guide2) StderrLine: {'line': b'\x1b[01m\x1b[K/home/nebbackwards/WPI/Classes/RBE521/Final/ros_workspace/src/RBE521/unitree_guide2/include/control/Estimator.h:71:11:\x1b[m\x1b[K \x1b[01;35m\x1b[Kwarning: \x1b[m\x1b[K  \xe2\x80\x98\x1b[01m\x1b[KVec18 Estimator::_Qdig\x1b[m\x1b[K\xe2\x80\x99 [\x1b[01;35m\x1b[K\x1b]8;;https://gcc.gnu.org/onlinedocs/gcc/Warning-Options.html#index-Wreorder\x07-Wreorder\x1b]8;;\x07\x1b[m\x1b[K]\n'}
[19.395088] (unitree_guide2) StderrLine: {'line': b'   71 |     Vec18 \x1b[01;35m\x1b[K_Qdig\x1b[m\x1b[K;                                    // adjustable process noise covariance\n'}
[19.395178] (unitree_guide2) StderrLine: {'line': b'      |           \x1b[01;35m\x1b[K^~~~~\x1b[m\x1b[K\n'}
[19.395249] (unitree_guide2) StderrLine: {'line': b'\x1b[01m\x1b[K/home/nebbackwards/WPI/Classes/RBE521/Final/ros_workspace/src/RBE521/unitree_guide2/src/control/Estimator.cpp:8:1:\x1b[m\x1b[K \x1b[01;35m\x1b[Kwarning: \x1b[m\x1b[K  when initialized here [\x1b[01;35m\x1b[K\x1b]8;;https://gcc.gnu.org/onlinedocs/gcc/Warning-Options.html#index-Wreorder\x07-Wreorder\x1b]8;;\x07\x1b[m\x1b[K]\n'}
[19.395331] (unitree_guide2) StderrLine: {'line': b'    8 | \x1b[01;35m\x1b[KEstimator\x1b[m\x1b[K::Estimator(QuadrupedRobot *robotModel, LowlevelState* lowState,\n'}
[19.395402] (unitree_guide2) StderrLine: {'line': b'      | \x1b[01;35m\x1b[K^~~~~~~~~\x1b[m\x1b[K\n'}
[19.395470] (unitree_guide2) StderrLine: {'line': b'\x1b[01m\x1b[K/home/nebbackwards/WPI/Classes/RBE521/Final/ros_workspace/src/RBE521/unitree_guide2/include/control/Estimator.h:\x1b[m\x1b[K In constructor \xe2\x80\x98\x1b[01m\x1b[KEstimator::\x1b[01;32m\x1b[KEstimator\x1b[m\x1b[K(QuadrupedRobot*, LowlevelState*, VecInt4*, Vec4*, double)\x1b[m\x1b[K\xe2\x80\x99:\n'}
[19.395546] (unitree_guide2) StderrLine: {'line': b'\x1b[01m\x1b[K/home/nebbackwards/WPI/Classes/RBE521/Final/ros_workspace/src/RBE521/unitree_guide2/include/control/Estimator.h:90:21:\x1b[m\x1b[K \x1b[01;35m\x1b[Kwarning: \x1b[m\x1b[K\xe2\x80\x98\x1b[01m\x1b[KEstimator::_robModel\x1b[m\x1b[K\xe2\x80\x99 will be initialized after [\x1b[01;35m\x1b[K\x1b]8;;https://gcc.gnu.org/onlinedocs/gcc/Warning-Options.html#index-Wreorder\x07-Wreorder\x1b]8;;\x07\x1b[m\x1b[K]\n'}
[19.395617] (unitree_guide2) StderrLine: {'line': b'   90 |     QuadrupedRobot *\x1b[01;35m\x1b[K_robModel\x1b[m\x1b[K;\n'}
[19.395723] (unitree_guide2) StderrLine: {'line': b'      |                     \x1b[01;35m\x1b[K^~~~~~~~~\x1b[m\x1b[K\n'}
[19.395797] (unitree_guide2) StderrLine: {'line': b'\x1b[01m\x1b[K/home/nebbackwards/WPI/Classes/RBE521/Final/ros_workspace/src/RBE521/unitree_guide2/include/control/Estimator.h:89:20:\x1b[m\x1b[K \x1b[01;35m\x1b[Kwarning: \x1b[m\x1b[K  \xe2\x80\x98\x1b[01m\x1b[KLowlevelState* Estimator::_lowState\x1b[m\x1b[K\xe2\x80\x99 [\x1b[01;35m\x1b[K\x1b]8;;https://gcc.gnu.org/onlinedocs/gcc/Warning-Options.html#index-Wreorder\x07-Wreorder\x1b]8;;\x07\x1b[m\x1b[K]\n'}
[19.395870] (unitree_guide2) StderrLine: {'line': b'   89 |     LowlevelState* \x1b[01;35m\x1b[K_lowState\x1b[m\x1b[K;\n'}
[19.395937] (unitree_guide2) StderrLine: {'line': b'      |                    \x1b[01;35m\x1b[K^~~~~~~~~\x1b[m\x1b[K\n'}
[19.396006] (unitree_guide2) StderrLine: {'line': b'\x1b[01m\x1b[K/home/nebbackwards/WPI/Classes/RBE521/Final/ros_workspace/src/RBE521/unitree_guide2/src/control/Estimator.cpp:17:1:\x1b[m\x1b[K \x1b[01;35m\x1b[Kwarning: \x1b[m\x1b[K  when initialized here [\x1b[01;35m\x1b[K\x1b]8;;https://gcc.gnu.org/onlinedocs/gcc/Warning-Options.html#index-Wreorder\x07-Wreorder\x1b]8;;\x07\x1b[m\x1b[K]\n'}
[19.396077] (unitree_guide2) StderrLine: {'line': b'   17 | \x1b[01;35m\x1b[KEstimator\x1b[m\x1b[K::Estimator(QuadrupedRobot *robotModel, LowlevelState* lowState,\n'}
[19.396147] (unitree_guide2) StderrLine: {'line': b'      | \x1b[01;35m\x1b[K^~~~~~~~~\x1b[m\x1b[K\n'}
[19.396217] (unitree_guide2) StderrLine: {'line': b'\x1b[01m\x1b[K/home/nebbackwards/WPI/Classes/RBE521/Final/ros_workspace/src/RBE521/unitree_guide2/include/control/Estimator.h:92:14:\x1b[m\x1b[K \x1b[01;35m\x1b[Kwarning: \x1b[m\x1b[K\xe2\x80\x98\x1b[01m\x1b[KEstimator::_contact\x1b[m\x1b[K\xe2\x80\x99 will be initialized after [\x1b[01;35m\x1b[K\x1b]8;;https://gcc.gnu.org/onlinedocs/gcc/Warning-Options.html#index-Wreorder\x07-Wreorder\x1b]8;;\x07\x1b[m\x1b[K]\n'}
[19.396298] (unitree_guide2) StderrLine: {'line': b'   92 |     VecInt4 *\x1b[01;35m\x1b[K_contact\x1b[m\x1b[K;\n'}
[19.396369] (unitree_guide2) StderrLine: {'line': b'      |              \x1b[01;35m\x1b[K^~~~~~~~\x1b[m\x1b[K\n'}
[19.396445] (unitree_guide2) StderrLine: {'line': b'\x1b[01m\x1b[K/home/nebbackwards/WPI/Classes/RBE521/Final/ros_workspace/src/RBE521/unitree_guide2/include/control/Estimator.h:91:11:\x1b[m\x1b[K \x1b[01;35m\x1b[Kwarning: \x1b[m\x1b[K  \xe2\x80\x98\x1b[01m\x1b[KVec4* Estimator::_phase\x1b[m\x1b[K\xe2\x80\x99 [\x1b[01;35m\x1b[K\x1b]8;;https://gcc.gnu.org/onlinedocs/gcc/Warning-Options.html#index-Wreorder\x07-Wreorder\x1b]8;;\x07\x1b[m\x1b[K]\n'}
[19.396524] (unitree_guide2) StderrLine: {'line': b'   91 |     Vec4 *\x1b[01;35m\x1b[K_phase\x1b[m\x1b[K;\n'}
[19.396594] (unitree_guide2) StderrLine: {'line': b'      |           \x1b[01;35m\x1b[K^~~~~~\x1b[m\x1b[K\n'}
[19.396702] (unitree_guide2) StderrLine: {'line': b'\x1b[01m\x1b[K/home/nebbackwards/WPI/Classes/RBE521/Final/ros_workspace/src/RBE521/unitree_guide2/src/control/Estimator.cpp:17:1:\x1b[m\x1b[K \x1b[01;35m\x1b[Kwarning: \x1b[m\x1b[K  when initialized here [\x1b[01;35m\x1b[K\x1b]8;;https://gcc.gnu.org/onlinedocs/gcc/Warning-Options.html#index-Wreorder\x07-Wreorder\x1b]8;;\x07\x1b[m\x1b[K]\n'}
[19.396784] (unitree_guide2) StderrLine: {'line': b'   17 | \x1b[01;35m\x1b[KEstimator\x1b[m\x1b[K::Estimator(QuadrupedRobot *robotModel, LowlevelState* lowState,\n'}
[19.396860] (unitree_guide2) StderrLine: {'line': b'      | \x1b[01;35m\x1b[K^~~~~~~~~\x1b[m\x1b[K\n'}
[19.466558] (-) TimerEvent: {}
[19.474918] (unitree_guide2) StderrLine: {'line': b'\x1b[01m\x1b[K/home/nebbackwards/WPI/Classes/RBE521/Final/ros_workspace/src/RBE521/unitree_guide2/include/control/CtrlComponents.h:\x1b[m\x1b[K In destructor \xe2\x80\x98\x1b[01m\x1b[KCtrlComponents::\x1b[01;32m\x1b[K~CtrlComponents\x1b[m\x1b[K()\x1b[m\x1b[K\xe2\x80\x99:\n'}
[19.475256] (unitree_guide2) StderrLine: {'line': b'\x1b[01m\x1b[K/home/nebbackwards/WPI/Classes/RBE521/Final/ros_workspace/src/RBE521/unitree_guide2/include/control/CtrlComponents.h:35:9:\x1b[m\x1b[K \x1b[01;35m\x1b[Kwarning: \x1b[m\x1b[Kdeleting object of abstract class type \xe2\x80\x98\x1b[01m\x1b[KIOInterface\x1b[m\x1b[K\xe2\x80\x99 which has non-virtual destructor will cause undefined behavior [\x1b[01;35m\x1b[K\x1b]8;;https://gcc.gnu.org/onlinedocs/gcc/Warning-Options.html#index-Wdelete-non-virtual-dtor\x07-Wdelete-non-virtual-dtor\x1b]8;;\x07\x1b[m\x1b[K]\n'}
[19.475442] (unitree_guide2) StderrLine: {'line': b'   35 |         \x1b[01;35m\x1b[Kdelete ioInter\x1b[m\x1b[K;\n'}
[19.475600] (unitree_guide2) StderrLine: {'line': b'      |         \x1b[01;35m\x1b[K^~~~~~~~~~~~~~\x1b[m\x1b[K\n'}
[19.480760] (unitree_guide2) StderrLine: {'line': b'In file included from \x1b[01m\x1b[K/home/nebbackwards/WPI/Classes/RBE521/Final/ros_workspace/src/RBE521/unitree_guide2/include/FSM/FSM.h:19\x1b[m\x1b[K:\n'}
[19.481131] (unitree_guide2) StderrLine: {'line': b'\x1b[01m\x1b[K/home/nebbackwards/WPI/Classes/RBE521/Final/ros_workspace/src/RBE521/unitree_guide2/include/FSM/State_move_gait.h:\x1b[m\x1b[K At global scope:\n'}
[19.481349] (unitree_guide2) StderrLine: {'line': b'\x1b[01m\x1b[K/home/nebbackwards/WPI/Classes/RBE521/Final/ros_workspace/src/RBE521/unitree_guide2/include/FSM/State_move_gait.h:57:38:\x1b[m\x1b[K \x1b[01;31m\x1b[Kerror: \x1b[m\x1b[K\xe2\x80\x98\x1b[01m\x1b[KSharedPtr\x1b[m\x1b[K\xe2\x80\x99 in \xe2\x80\x98\x1b[01m\x1b[Kstruct GaitCmd\x1b[m\x1b[K\xe2\x80\x99 does not name a type\n'}
[19.481620] (unitree_guide2) StderrLine: {'line': b'   57 |     void gaitCallback(const GaitCmd::\x1b[01;31m\x1b[KSharedPtr\x1b[m\x1b[K msg);\n'}
[19.481899] (unitree_guide2) StderrLine: {'line': b'      |                                      \x1b[01;31m\x1b[K^~~~~~~~~\x1b[m\x1b[K\n'}
[19.566725] (-) TimerEvent: {}
[19.667101] (-) TimerEvent: {}
[19.767486] (-) TimerEvent: {}
[19.867854] (-) TimerEvent: {}
[19.944035] (unitree_guide2) StderrLine: {'line': b'\x1b[01m\x1b[K/home/nebbackwards/WPI/Classes/RBE521/Final/ros_workspace/src/RBE521/unitree_guide2/include/FSM/FSM.h:\x1b[m\x1b[K In member function \xe2\x80\x98\x1b[01m\x1b[Kvoid FSMStateList::\x1b[01;32m\x1b[KdeletePtr\x1b[m\x1b[K()\x1b[m\x1b[K\xe2\x80\x99:\n'}
[19.944433] (unitree_guide2) StderrLine: {'line': b'\x1b[01m\x1b[K/home/nebbackwards/WPI/Classes/RBE521/Final/ros_workspace/src/RBE521/unitree_guide2/include/FSM/FSM.h:48:9:\x1b[m\x1b[K \x1b[01;35m\x1b[Kwarning: \x1b[m\x1b[Kdeleting object of abstract class type \xe2\x80\x98\x1b[01m\x1b[KFSMState\x1b[m\x1b[K\xe2\x80\x99 which has non-virtual destructor will cause undefined behavior [\x1b[01;35m\x1b[K\x1b]8;;https://gcc.gnu.org/onlinedocs/gcc/Warning-Options.html#index-Wdelete-non-virtual-dtor\x07-Wdelete-non-virtual-dtor\x1b]8;;\x07\x1b[m\x1b[K]\n'}
[19.944672] (unitree_guide2) StderrLine: {'line': b'   48 |         \x1b[01;35m\x1b[Kdelete invalid\x1b[m\x1b[K;\n'}
[19.944907] (unitree_guide2) StderrLine: {'line': b'      |         \x1b[01;35m\x1b[K^~~~~~~~~~~~~~\x1b[m\x1b[K\n'}
[19.945063] (unitree_guide2) StderrLine: {'line': b'\x1b[01m\x1b[K/home/nebbackwards/WPI/Classes/RBE521/Final/ros_workspace/src/RBE521/unitree_guide2/include/FSM/FSM.h:49:9:\x1b[m\x1b[K \x1b[01;35m\x1b[Kwarning: \x1b[m\x1b[Kdeleting object of polymorphic class type \xe2\x80\x98\x1b[01m\x1b[KState_Passive\x1b[m\x1b[K\xe2\x80\x99 which has non-virtual destructor might cause undefined behavior [\x1b[01;35m\x1b[K\x1b]8;;https://gcc.gnu.org/onlinedocs/gcc/Warning-Options.html#index-Wdelete-non-virtual-dtor\x07-Wdelete-non-virtual-dtor\x1b]8;;\x07\x1b[m\x1b[K]\n'}
[19.945235] (unitree_guide2) StderrLine: {'line': b'   49 |         \x1b[01;35m\x1b[Kdelete passive\x1b[m\x1b[K;\n'}
[19.945371] (unitree_guide2) StderrLine: {'line': b'      |         \x1b[01;35m\x1b[K^~~~~~~~~~~~~~\x1b[m\x1b[K\n'}
[19.945446] (unitree_guide2) StderrLine: {'line': b'\x1b[01m\x1b[K/home/nebbackwards/WPI/Classes/RBE521/Final/ros_workspace/src/RBE521/unitree_guide2/include/FSM/FSM.h:50:9:\x1b[m\x1b[K \x1b[01;35m\x1b[Kwarning: \x1b[m\x1b[Kdeleting object of polymorphic class type \xe2\x80\x98\x1b[01m\x1b[KState_FixedStand\x1b[m\x1b[K\xe2\x80\x99 which has non-virtual destructor might cause undefined behavior [\x1b[01;35m\x1b[K\x1b]8;;https://gcc.gnu.org/onlinedocs/gcc/Warning-Options.html#index-Wdelete-non-virtual-dtor\x07-Wdelete-non-virtual-dtor\x1b]8;;\x07\x1b[m\x1b[K]\n'}
[19.945530] (unitree_guide2) StderrLine: {'line': b'   50 |         \x1b[01;35m\x1b[Kdelete fixedStand\x1b[m\x1b[K;\n'}
[19.945606] (unitree_guide2) StderrLine: {'line': b'      |         \x1b[01;35m\x1b[K^~~~~~~~~~~~~~~~~\x1b[m\x1b[K\n'}
[19.945710] (unitree_guide2) StderrLine: {'line': b'\x1b[01m\x1b[K/home/nebbackwards/WPI/Classes/RBE521/Final/ros_workspace/src/RBE521/unitree_guide2/include/FSM/FSM.h:51:9:\x1b[m\x1b[K \x1b[01;35m\x1b[Kwarning: \x1b[m\x1b[Kdeleting object of polymorphic class type \xe2\x80\x98\x1b[01m\x1b[KState_GaitTransition\x1b[m\x1b[K\xe2\x80\x99 which has non-virtual destructor might cause undefined behavior [\x1b[01;35m\x1b[K\x1b]8;;https://gcc.gnu.org/onlinedocs/gcc/Warning-Options.html#index-Wdelete-non-virtual-dtor\x07-Wdelete-non-virtual-dtor\x1b]8;;\x07\x1b[m\x1b[K]\n'}
[19.945794] (unitree_guide2) StderrLine: {'line': b'   51 |         \x1b[01;35m\x1b[Kdelete gaitTransition\x1b[m\x1b[K;\n'}
[19.945865] (unitree_guide2) StderrLine: {'line': b'      |         \x1b[01;35m\x1b[K^~~~~~~~~~~~~~~~~~~~~\x1b[m\x1b[K\n'}
[19.945937] (unitree_guide2) StderrLine: {'line': b'\x1b[01m\x1b[K/home/nebbackwards/WPI/Classes/RBE521/Final/ros_workspace/src/RBE521/unitree_guide2/include/FSM/FSM.h:52:9:\x1b[m\x1b[K \x1b[01;35m\x1b[Kwarning: \x1b[m\x1b[Kdeleting object of polymorphic class type \xe2\x80\x98\x1b[01m\x1b[KState_FreeStand\x1b[m\x1b[K\xe2\x80\x99 which has non-virtual destructor might cause undefined behavior [\x1b[01;35m\x1b[K\x1b]8;;https://gcc.gnu.org/onlinedocs/gcc/Warning-Options.html#index-Wdelete-non-virtual-dtor\x07-Wdelete-non-virtual-dtor\x1b]8;;\x07\x1b[m\x1b[K]\n'}
[19.946013] (unitree_guide2) StderrLine: {'line': b'   52 |         \x1b[01;35m\x1b[Kdelete freeStand\x1b[m\x1b[K;\n'}
[19.946086] (unitree_guide2) StderrLine: {'line': b'      |         \x1b[01;35m\x1b[K^~~~~~~~~~~~~~~~\x1b[m\x1b[K\n'}
[19.946159] (unitree_guide2) StderrLine: {'line': b'\x1b[01m\x1b[K/home/nebbackwards/WPI/Classes/RBE521/Final/ros_workspace/src/RBE521/unitree_guide2/include/FSM/FSM.h:53:9:\x1b[m\x1b[K \x1b[01;35m\x1b[Kwarning: \x1b[m\x1b[Kdeleting object of polymorphic class type \xe2\x80\x98\x1b[01m\x1b[KState_Trotting\x1b[m\x1b[K\xe2\x80\x99 which has non-virtual destructor might cause undefined behavior [\x1b[01;35m\x1b[K\x1b]8;;https://gcc.gnu.org/onlinedocs/gcc/Warning-Options.html#index-Wdelete-non-virtual-dtor\x07-Wdelete-non-virtual-dtor\x1b]8;;\x07\x1b[m\x1b[K]\n'}
[19.946233] (unitree_guide2) StderrLine: {'line': b'   53 |         \x1b[01;35m\x1b[Kdelete trotting\x1b[m\x1b[K;\n'}
[19.946304] (unitree_guide2) StderrLine: {'line': b'      |         \x1b[01;35m\x1b[K^~~~~~~~~~~~~~~\x1b[m\x1b[K\n'}
[19.946377] (unitree_guide2) StderrLine: {'line': b'\x1b[01m\x1b[K/home/nebbackwards/WPI/Classes/RBE521/Final/ros_workspace/src/RBE521/unitree_guide2/include/FSM/FSM.h:54:9:\x1b[m\x1b[K \x1b[01;35m\x1b[Kwarning: \x1b[m\x1b[Kdeleting object of polymorphic class type \xe2\x80\x98\x1b[01m\x1b[KState_BalanceTest\x1b[m\x1b[K\xe2\x80\x99 which has non-virtual destructor might cause undefined behavior [\x1b[01;35m\x1b[K\x1b]8;;https://gcc.gnu.org/onlinedocs/gcc/Warning-Options.html#index-Wdelete-non-virtual-dtor\x07-Wdelete-non-virtual-dtor\x1b]8;;\x07\x1b[m\x1b[K]\n'}
[19.946462] (unitree_guide2) StderrLine: {'line': b'   54 |         \x1b[01;35m\x1b[Kdelete balanceTest\x1b[m\x1b[K;\n'}
[19.946542] (unitree_guide2) StderrLine: {'line': b'      |         \x1b[01;35m\x1b[K^~~~~~~~~~~~~~~~~~\x1b[m\x1b[K\n'}
[19.946614] (unitree_guide2) StderrLine: {'line': b'\x1b[01m\x1b[K/home/nebbackwards/WPI/Classes/RBE521/Final/ros_workspace/src/RBE521/unitree_guide2/include/FSM/FSM.h:55:9:\x1b[m\x1b[K \x1b[01;35m\x1b[Kwarning: \x1b[m\x1b[Kdeleting object of polymorphic class type \xe2\x80\x98\x1b[01m\x1b[KState_SwingTest\x1b[m\x1b[K\xe2\x80\x99 which has non-virtual destructor might cause undefined behavior [\x1b[01;35m\x1b[K\x1b]8;;https://gcc.gnu.org/onlinedocs/gcc/Warning-Options.html#index-Wdelete-non-virtual-dtor\x07-Wdelete-non-virtual-dtor\x1b]8;;\x07\x1b[m\x1b[K]\n'}
[19.946716] (unitree_guide2) StderrLine: {'line': b'   55 |         \x1b[01;35m\x1b[Kdelete swingTest\x1b[m\x1b[K;\n'}
[19.946791] (unitree_guide2) StderrLine: {'line': b'      |         \x1b[01;35m\x1b[K^~~~~~~~~~~~~~~~\x1b[m\x1b[K\n'}
[19.946862] (unitree_guide2) StderrLine: {'line': b'\x1b[01m\x1b[K/home/nebbackwards/WPI/Classes/RBE521/Final/ros_workspace/src/RBE521/unitree_guide2/include/FSM/FSM.h:56:9:\x1b[m\x1b[K \x1b[01;35m\x1b[Kwarning: \x1b[m\x1b[Kdeleting object of polymorphic class type \xe2\x80\x98\x1b[01m\x1b[KState_StepTest\x1b[m\x1b[K\xe2\x80\x99 which has non-virtual destructor might cause undefined behavior [\x1b[01;35m\x1b[K\x1b]8;;https://gcc.gnu.org/onlinedocs/gcc/Warning-Options.html#index-Wdelete-non-virtual-dtor\x07-Wdelete-non-virtual-dtor\x1b]8;;\x07\x1b[m\x1b[K]\n'}
[19.946944] (unitree_guide2) StderrLine: {'line': b'   56 |         \x1b[01;35m\x1b[Kdelete stepTest\x1b[m\x1b[K;\n'}
[19.947015] (unitree_guide2) StderrLine: {'line': b'      |         \x1b[01;35m\x1b[K^~~~~~~~~~~~~~~\x1b[m\x1b[K\n'}
[19.947084] (unitree_guide2) StderrLine: {'line': b'\x1b[01m\x1b[K/home/nebbackwards/WPI/Classes/RBE521/Final/ros_workspace/src/RBE521/unitree_guide2/include/FSM/FSM.h:62:9:\x1b[m\x1b[K \x1b[01;35m\x1b[Kwarning: \x1b[m\x1b[Kdeleting object of polymorphic class type \xe2\x80\x98\x1b[01m\x1b[KState_move_base\x1b[m\x1b[K\xe2\x80\x99 which has non-virtual destructor might cause undefined behavior [\x1b[01;35m\x1b[K\x1b]8;;https://gcc.gnu.org/onlinedocs/gcc/Warning-Options.html#index-Wdelete-non-virtual-dtor\x07-Wdelete-non-virtual-dtor\x1b]8;;\x07\x1b[m\x1b[K]\n'}
[19.947157] (unitree_guide2) StderrLine: {'line': b'   62 |         \x1b[01;35m\x1b[Kdelete moveBase\x1b[m\x1b[K;\n'}
[19.947234] (unitree_guide2) StderrLine: {'line': b'      |         \x1b[01;35m\x1b[K^~~~~~~~~~~~~~~\x1b[m\x1b[K\n'}
[19.947306] (unitree_guide2) StderrLine: {'line': b'\x1b[01m\x1b[K/home/nebbackwards/WPI/Classes/RBE521/Final/ros_workspace/src/RBE521/unitree_guide2/include/FSM/FSM.h:63:9:\x1b[m\x1b[K \x1b[01;35m\x1b[Kwarning: \x1b[m\x1b[Kdeleting object of polymorphic class type \xe2\x80\x98\x1b[01m\x1b[KState_move_gait\x1b[m\x1b[K\xe2\x80\x99 which has non-virtual destructor might cause undefined behavior [\x1b[01;35m\x1b[K\x1b]8;;https://gcc.gnu.org/onlinedocs/gcc/Warning-Options.html#index-Wdelete-non-virtual-dtor\x07-Wdelete-non-virtual-dtor\x1b]8;;\x07\x1b[m\x1b[K]\n'}
[19.947377] (unitree_guide2) StderrLine: {'line': b'   63 |         \x1b[01;35m\x1b[Kdelete moveGait\x1b[m\x1b[K;\n'}
[19.947446] (unitree_guide2) StderrLine: {'line': b'      |         \x1b[01;35m\x1b[K^~~~~~~~~~~~~~~\x1b[m\x1b[K\n'}
[19.968041] (-) TimerEvent: {}
[20.068448] (-) TimerEvent: {}
[20.168870] (-) TimerEvent: {}
[20.269255] (-) TimerEvent: {}
[20.369598] (-) TimerEvent: {}
[20.470002] (-) TimerEvent: {}
[20.570440] (-) TimerEvent: {}
[20.670898] (-) TimerEvent: {}
[20.771347] (-) TimerEvent: {}
[20.871758] (-) TimerEvent: {}
[20.972199] (-) TimerEvent: {}
[21.072664] (-) TimerEvent: {}
[21.173094] (-) TimerEvent: {}
[21.273527] (-) TimerEvent: {}
[21.289185] (unitree_guide2) StderrLine: {'line': b'gmake[2]: *** [CMakeFiles/junior_ctrl.dir/build.make:356: CMakeFiles/junior_ctrl.dir/src/control/ControlFrame.cpp.o] Error 1\n'}
[21.373718] (-) TimerEvent: {}
[21.474074] (-) TimerEvent: {}
[21.574422] (-) TimerEvent: {}
[21.674832] (-) TimerEvent: {}
[21.775239] (-) TimerEvent: {}
[21.875611] (-) TimerEvent: {}
[21.976053] (-) TimerEvent: {}
[22.076348] (-) TimerEvent: {}
[22.176660] (-) TimerEvent: {}
[22.277126] (-) TimerEvent: {}
[22.377451] (-) TimerEvent: {}
[22.477731] (-) TimerEvent: {}
[22.578097] (-) TimerEvent: {}
[22.678463] (-) TimerEvent: {}
[22.778846] (-) TimerEvent: {}
[22.879208] (-) TimerEvent: {}
[22.979572] (-) TimerEvent: {}
[23.079946] (-) TimerEvent: {}
[23.180315] (-) TimerEvent: {}
[23.280703] (-) TimerEvent: {}
[23.381052] (-) TimerEvent: {}
[23.481361] (-) TimerEvent: {}
[23.581735] (-) TimerEvent: {}
[23.682112] (-) TimerEvent: {}
[23.782461] (-) TimerEvent: {}
[23.882865] (-) TimerEvent: {}
[23.983217] (-) TimerEvent: {}
[24.083531] (-) TimerEvent: {}
[24.183868] (-) TimerEvent: {}
[24.284291] (-) TimerEvent: {}
[24.384598] (-) TimerEvent: {}
[24.484950] (-) TimerEvent: {}
[24.585312] (-) TimerEvent: {}
[24.685708] (-) TimerEvent: {}
[24.786091] (-) TimerEvent: {}
[24.886454] (-) TimerEvent: {}
[24.986918] (-) TimerEvent: {}
[25.087258] (-) TimerEvent: {}
[25.187647] (-) TimerEvent: {}
[25.287993] (-) TimerEvent: {}
[25.388330] (-) TimerEvent: {}
[25.488733] (-) TimerEvent: {}
[25.589117] (-) TimerEvent: {}
[25.689492] (-) TimerEvent: {}
[25.789869] (-) TimerEvent: {}
[25.890179] (-) TimerEvent: {}
[25.990550] (-) TimerEvent: {}
[26.090942] (-) TimerEvent: {}
[26.191284] (-) TimerEvent: {}
[26.291594] (-) TimerEvent: {}
[26.391989] (-) TimerEvent: {}
[26.492362] (-) TimerEvent: {}
[26.592737] (-) TimerEvent: {}
[26.693099] (-) TimerEvent: {}
[26.793485] (-) TimerEvent: {}
[26.893898] (-) TimerEvent: {}
[26.994267] (-) TimerEvent: {}
[27.094657] (-) TimerEvent: {}
[27.195063] (-) TimerEvent: {}
[27.295386] (-) TimerEvent: {}
[27.395726] (-) TimerEvent: {}
[27.496081] (-) TimerEvent: {}
[27.596467] (-) TimerEvent: {}
[27.696892] (-) TimerEvent: {}
[27.797320] (-) TimerEvent: {}
[27.897640] (-) TimerEvent: {}
[27.997963] (-) TimerEvent: {}
[28.098357] (-) TimerEvent: {}
[28.198746] (-) TimerEvent: {}
[28.299103] (-) TimerEvent: {}
[28.399468] (-) TimerEvent: {}
[28.499872] (-) TimerEvent: {}
[28.600177] (-) TimerEvent: {}
[28.700509] (-) TimerEvent: {}
[28.800911] (-) TimerEvent: {}
[28.901230] (-) TimerEvent: {}
[29.001576] (-) TimerEvent: {}
[29.101978] (-) TimerEvent: {}
[29.202343] (-) TimerEvent: {}
[29.302656] (-) TimerEvent: {}
[29.403004] (-) TimerEvent: {}
[29.503318] (-) TimerEvent: {}
[29.603589] (-) TimerEvent: {}
[29.703897] (-) TimerEvent: {}
[29.804278] (-) TimerEvent: {}
[29.904697] (-) TimerEvent: {}
[30.005235] (-) TimerEvent: {}
[30.105543] (-) TimerEvent: {}
[30.205852] (-) TimerEvent: {}
[30.306266] (-) TimerEvent: {}
[30.406621] (-) TimerEvent: {}
[30.507004] (-) TimerEvent: {}
[30.607408] (-) TimerEvent: {}
[30.707810] (-) TimerEvent: {}
[30.808158] (-) TimerEvent: {}
[30.908522] (-) TimerEvent: {}
[31.008911] (-) TimerEvent: {}
[31.109309] (-) TimerEvent: {}
[31.209714] (-) TimerEvent: {}
[31.310093] (-) TimerEvent: {}
[31.410452] (-) TimerEvent: {}
[31.510776] (-) TimerEvent: {}
[31.611150] (-) TimerEvent: {}
[31.711518] (-) TimerEvent: {}
[31.812207] (-) TimerEvent: {}
[31.912570] (-) TimerEvent: {}
[32.013569] (-) TimerEvent: {}
[32.113962] (-) TimerEvent: {}
[32.214706] (-) TimerEvent: {}
[32.315085] (-) TimerEvent: {}
[32.415465] (-) TimerEvent: {}
[32.515854] (-) TimerEvent: {}
[32.616233] (-) TimerEvent: {}
[32.716918] (-) TimerEvent: {}
[32.817309] (-) TimerEvent: {}
[32.917717] (-) TimerEvent: {}
[33.018067] (-) TimerEvent: {}
[33.118385] (-) TimerEvent: {}
[33.218743] (-) TimerEvent: {}
[33.319113] (-) TimerEvent: {}
[33.419481] (-) TimerEvent: {}
[33.519862] (-) TimerEvent: {}
[33.620240] (-) TimerEvent: {}
[33.720607] (-) TimerEvent: {}
[33.821001] (-) TimerEvent: {}
[33.921378] (-) TimerEvent: {}
[34.021741] (-) TimerEvent: {}
[34.122112] (-) TimerEvent: {}
[34.222494] (-) TimerEvent: {}
[34.322892] (-) TimerEvent: {}
[34.355122] (unitree_guide2) StderrLine: {'line': b'gmake[1]: *** [CMakeFiles/Makefile2:137: CMakeFiles/junior_ctrl.dir/all] Error 2\n'}
[34.357520] (unitree_guide2) StderrLine: {'line': b'gmake: *** [Makefile:146: all] Error 2\n'}
[34.398369] (unitree_guide2) CommandEnded: {'returncode': 2}
[34.428166] (-) TimerEvent: {}
[34.500266] (unitree_guide2) JobEnded: {'identifier': 'unitree_guide2', 'rc': 2}
[34.519376] (-) EventReactorShutdown: {}
