[0.000000] (-) TimerEvent: {}
[0.000755] (unitree_guide2) JobQueued: {'identifier': 'unitree_guide2', 'dependencies': OrderedDict()}
[0.000969] (unitree_guide2) JobStarted: {'identifier': 'unitree_guide2'}
[0.018719] (unitree_guide2) JobProgress: {'identifier': 'unitree_guide2', 'progress': 'cmake'}
[0.019949] (unitree_guide2) JobProgress: {'identifier': 'unitree_guide2', 'progress': 'build'}
[0.020992] (unitree_guide2) Command: {'cmd': ['/usr/bin/cmake', '--build', '/home/nebbackwards/WPI/Classes/RBE521/Final/ros_workspace/src/RBE521/unitree_guide2/build/unitree_guide2', '--', '-j16', '-l16'], 'cwd': '/home/nebbackwards/WPI/Classes/RBE521/Final/ros_workspace/src/RBE521/unitree_guide2/build/unitree_guide2', 'env': OrderedDict({'LESSOPEN': '| /usr/bin/lesspipe %s', 'GZ_SIM_RESOURCE_PATH': '/opt/ros/jazzy/share', 'LANGUAGE': '', 'USER': 'nebbackwards', 'GZ_CONFIG_PATH': '/opt/ros/jazzy/opt/gz_sim_vendor/share/gz:/opt/ros/jazzy/opt/sdformat_vendor/share/gz:/opt/ros/jazzy/opt/gz_gui_vendor/share/gz:/opt/ros/jazzy/opt/gz_transport_vendor/share/gz:/opt/ros/jazzy/opt/gz_rendering_vendor/share/gz:/opt/ros/jazzy/opt/gz_plugin_vendor/share/gz:/opt/ros/jazzy/opt/gz_fuel_tools_vendor/share/gz:/opt/ros/jazzy/opt/gz_msgs_vendor/share/gz:/opt/ros/jazzy/opt/gz_common_vendor/share/gz', 'XDG_SESSION_TYPE': 'wayland', 'XCURSOR_SIZE': '24', 'SHLVL': '1', 'LD_LIBRARY_PATH': '/home/nebbackwards/WPI/Classes/RBE521/Final/ros_workspace/install/ros2_unitree_legged_control/lib:/home/nebbackwards/WPI/Classes/RBE521/Final/ros_workspace/install/ros2_unitree_legged_msgs/lib:/opt/ros/jazzy/opt/gz_sim_vendor/lib:/opt/ros/jazzy/opt/gz_sensors_vendor/lib:/opt/ros/jazzy/opt/gz_physics_vendor/lib:/opt/ros/jazzy/opt/sdformat_vendor/lib:/opt/ros/jazzy/opt/rviz_ogre_vendor/lib:/opt/ros/jazzy/lib/x86_64-linux-gnu:/opt/ros/jazzy/opt/gz_gui_vendor/lib:/opt/ros/jazzy/opt/gz_transport_vendor/lib:/opt/ros/jazzy/opt/gz_rendering_vendor/lib:/opt/ros/jazzy/opt/gz_plugin_vendor/lib:/opt/ros/jazzy/opt/gz_fuel_tools_vendor/lib:/opt/ros/jazzy/opt/gz_msgs_vendor/lib:/opt/ros/jazzy/opt/gz_common_vendor/lib:/opt/ros/jazzy/opt/gz_math_vendor/lib:/opt/ros/jazzy/opt/gz_utils_vendor/lib:/opt/ros/jazzy/opt/gz_tools_vendor/lib:/opt/ros/jazzy/opt/gz_ogre_next_vendor/lib:/opt/ros/jazzy/opt/gz_dartsim_vendor/lib:/opt/ros/jazzy/opt/gz_cmake_vendor/lib:/opt/ros/jazzy/lib', 'HOME': '/home/nebbackwards', 'CONDA_SHLVL': '0', 'OLDPWD': '/home/nebbackwards/WPI/Classes/RBE521/Final/ros_workspace/src/RBE521', 'DESKTOP_SESSION': 'ubuntu', 'ROS_PYTHON_VERSION': '3', 'GNOME_SHELL_SESSION_MODE': 'ubuntu', 'GTK_MODULES': 'gail:atk-bridge', 'KB_LAYOUT_DIR': '/usr/lib/x86_64-linux-gnu/qt5/qml/QMLTermWidget/kb-layouts', 'PS1': '\\[\x1b(B\x1b[m\\]\\[\\033[38;5;40m\\]\\u\\[\x1b(B\x1b[m\\]\\[\\033[38;5;40m\\]@\\h\\[\x1b(B\x1b[m\\]\\[\\033[38;5;27m\\]\\w\\e[38;5;196m\\]$(parse_git_branch)\\[\x1b(B\x1b[m\\]\\[\x1b(B\x1b[m\\]\\[\\e[38;5;15m\\] \\[\x1b(B\x1b[m\\]', 'MANAGERPID': '3841', 'SYSTEMD_EXEC_PID': '4339', 'GSM_SKIP_SSH_AGENT_WORKAROUND': 'true', 'DBUS_SESSION_BUS_ADDRESS': 'unix:path=/run/user/1000/bus', 'COLORTERM': 'truecolor', '_CE_M': '', '_CONDA_ROOT': '/home/nebbackwards/miniconda3', 'GIO_LAUNCHED_DESKTOP_FILE_PID': '17754', 'GNOME_KEYRING_CONTROL': '/run/user/1000/keyring', 'DEBUGINFOD_URLS': 'https://debuginfod.ubuntu.com', 'QT_QPA_PLATFORMTHEME': '', 'IM_CONFIG_PHASE': '1', 'WAYLAND_DISPLAY': 'wayland-0', 'COLCON_PREFIX_PATH': '/home/nebbackwards/WPI/Classes/RBE521/Final/ros_workspace/install', 'ROS_DISTRO': 'jazzy', 'LOGNAME': 'nebbackwards', 'WINDOWID': '0', 'JOURNAL_STREAM': '9:30599', '_': '/usr/bin/colcon', 'ROS_VERSION': '2', 'MEMORY_PRESSURE_WATCH': '/sys/fs/cgroup/user.slice/user-1000.slice/user@1000.service/session.slice/org.gnome.SettingsDaemon.MediaKeys.service/memory.pressure', 'XDG_SESSION_CLASS': 'user', 'COLORFGBG': '15;0', 'USERNAME': 'nebbackwards', 'TERM': 'xterm', 'GNOME_DESKTOP_SESSION_ID': 'this-is-deprecated', '_CE_CONDA': '', 'PATH': '/opt/ros/jazzy/opt/gz_msgs_vendor/bin:/opt/ros/jazzy/opt/gz_tools_vendor/bin:/opt/ros/jazzy/opt/gz_ogre_next_vendor/bin:/opt/ros/jazzy/bin:/home/nebbackwards/miniconda3/condabin:/home/nebbackwards/.local/bin:/usr/local/sbin:/usr/local/bin:/usr/sbin:/usr/bin:/sbin:/bin:/usr/games:/usr/local/games:/snap/bin:/snap/bin', 'SESSION_MANAGER': 'local/thinkpad-E16:@/tmp/.ICE-unix/4085,unix/thinkpad-E16:/tmp/.ICE-unix/4085', 'INVOCATION_ID': 'bde06ef6f1b0436fa4a2100dc12ab920', 'XDG_MENU_PREFIX': 'gnome-', 'GNOME_SETUP_DISPLAY': ':1', 'XDG_RUNTIME_DIR': '/run/user/1000', 'XCURSOR_THEME': 'Yaru', 'DISPLAY': ':0', 'LANG': 'en_US.UTF-8', 'XDG_CURRENT_DESKTOP': 'ubuntu:GNOME', 'XMODIFIERS': '@im=ibus', 'XDG_SESSION_DESKTOP': 'ubuntu', 'XAUTHORITY': '/run/user/1000/.mutter-Xwaylandauth.QV91N3', 'LS_COLORS': 'rs=0:di=01;34:ln=01;36:mh=00:pi=40;33:so=01;35:do=01;35:bd=40;33;01:cd=40;33;01:or=40;31;01:mi=00:su=37;41:sg=30;43:ca=00:tw=30;42:ow=34;42:st=37;44:ex=01;32:*.tar=01;31:*.tgz=01;31:*.arc=01;31:*.arj=01;31:*.taz=01;31:*.lha=01;31:*.lz4=01;31:*.lzh=01;31:*.lzma=01;31:*.tlz=01;31:*.txz=01;31:*.tzo=01;31:*.t7z=01;31:*.zip=01;31:*.z=01;31:*.dz=01;31:*.gz=01;31:*.lrz=01;31:*.lz=01;31:*.lzo=01;31:*.xz=01;31:*.zst=01;31:*.tzst=01;31:*.bz2=01;31:*.bz=01;31:*.tbz=01;31:*.tbz2=01;31:*.tz=01;31:*.deb=01;31:*.rpm=01;31:*.jar=01;31:*.war=01;31:*.ear=01;31:*.sar=01;31:*.rar=01;31:*.alz=01;31:*.ace=01;31:*.zoo=01;31:*.cpio=01;31:*.7z=01;31:*.rz=01;31:*.cab=01;31:*.wim=01;31:*.swm=01;31:*.dwm=01;31:*.esd=01;31:*.avif=01;35:*.jpg=01;35:*.jpeg=01;35:*.mjpg=01;35:*.mjpeg=01;35:*.gif=01;35:*.bmp=01;35:*.pbm=01;35:*.pgm=01;35:*.ppm=01;35:*.tga=01;35:*.xbm=01;35:*.xpm=01;35:*.tif=01;35:*.tiff=01;35:*.png=01;35:*.svg=01;35:*.svgz=01;35:*.mng=01;35:*.pcx=01;35:*.mov=01;35:*.mpg=01;35:*.mpeg=01;35:*.m2v=01;35:*.mkv=01;35:*.webm=01;35:*.webp=01;35:*.ogm=01;35:*.mp4=01;35:*.m4v=01;35:*.mp4v=01;35:*.vob=01;35:*.qt=01;35:*.nuv=01;35:*.wmv=01;35:*.asf=01;35:*.rm=01;35:*.rmvb=01;35:*.flc=01;35:*.avi=01;35:*.fli=01;35:*.flv=01;35:*.gl=01;35:*.dl=01;35:*.xcf=01;35:*.xwd=01;35:*.yuv=01;35:*.cgm=01;35:*.emf=01;35:*.ogv=01;35:*.ogx=01;35:*.aac=00;36:*.au=00;36:*.flac=00;36:*.m4a=00;36:*.mid=00;36:*.midi=00;36:*.mka=00;36:*.mp3=00;36:*.mpc=00;36:*.ogg=00;36:*.ra=00;36:*.wav=00;36:*.oga=00;36:*.opus=00;36:*.spx=00;36:*.xspf=00;36:*~=00;90:*#=00;90:*.bak=00;90:*.crdownload=00;90:*.dpkg-dist=00;90:*.dpkg-new=00;90:*.dpkg-old=00;90:*.dpkg-tmp=00;90:*.old=00;90:*.orig=00;90:*.part=00;90:*.rej=00;90:*.rpmnew=00;90:*.rpmorig=00;90:*.rpmsave=00;90:*.swp=00;90:*.tmp=00;90:*.ucf-dist=00;90:*.ucf-new=00;90:*.ucf-old=00;90:', 'SSH_AUTH_SOCK': '/run/user/1000/keyring/ssh', 'AMENT_PREFIX_PATH': '/home/nebbackwards/WPI/Classes/RBE521/Final/ros_workspace/install/unitree_guide2:/home/nebbackwards/WPI/Classes/RBE521/Final/ros_workspace/install/ros2_unitree_legged_control:/home/nebbackwards/WPI/Classes/RBE521/Final/ros_workspace/install/ros2_unitree_legged_msgs:/home/nebbackwards/WPI/Classes/RBE521/Final/ros_workspace/install/go1_navigation:/home/nebbackwards/WPI/Classes/RBE521/Final/ros_workspace/install/go1_gazebo:/home/nebbackwards/WPI/Classes/RBE521/Final/ros_workspace/install/go1_description:/opt/ros/jazzy', 'CONDA_PYTHON_EXE': '/home/nebbackwards/miniconda3/bin/python', 'QSG_RENDER_LOOP': 'threaded', 'SHELL': '/bin/bash', 'QT_ACCESSIBILITY': '1', 'GDMSESSION': 'ubuntu', 'LESSCLOSE': '/usr/bin/lesspipe %s %s', '_CONDA_EXE': '/home/nebbackwards/miniconda3/bin/conda', 'COLORSCHEMES_DIR': '/usr/lib/x86_64-linux-gnu/qt5/qml/QMLTermWidget/color-schemes', 'ROS_AUTOMATIC_DISCOVERY_RANGE': 'SUBNET', 'QT_IM_MODULE': 'ibus', 'PWD': '/home/nebbackwards/WPI/Classes/RBE521/Final/ros_workspace/src/RBE521/unitree_guide2/build/unitree_guide2', 'XDG_CONFIG_DIRS': '/etc/xdg/xdg-ubuntu:/etc/xdg', 'CONDA_EXE': '/home/nebbackwards/miniconda3/bin/conda', 'XDG_DATA_DIRS': '/usr/share/ubuntu:/usr/share/gnome:/home/nebbackwards/.local/share/flatpak/exports/share:/var/lib/flatpak/exports/share:/usr/local/share/:/usr/share/:/var/lib/snapd/desktop', 'PYTHONPATH': '/home/nebbackwards/WPI/Classes/RBE521/Final/ros_workspace/install/ros2_unitree_legged_msgs/lib/python3.12/site-packages:/home/nebbackwards/WPI/Classes/RBE521/Final/ros_workspace/install/go1_navigation/lib/python3.12/site-packages:/opt/ros/jazzy/lib/python3.12/site-packages', 'COLCON': '1', 'MEMORY_PRESSURE_WRITE': 'c29tZSAyMDAwMDAgMjAwMDAwMAA=', 'CMAKE_PREFIX_PATH': '/home/nebbackwards/WPI/Classes/RBE521/Final/ros_workspace/install/unitree_guide2:/home/nebbackwards/WPI/Classes/RBE521/Final/ros_workspace/install/ros2_unitree_legged_control:/home/nebbackwards/WPI/Classes/RBE521/Final/ros_workspace/install/ros2_unitree_legged_msgs:/home/nebbackwards/WPI/Classes/RBE521/Final/ros_workspace/install/go1_gazebo:/home/nebbackwards/WPI/Classes/RBE521/Final/ros_workspace/install/go1_description:/opt/ros/jazzy/opt/gz_sim_vendor:/opt/ros/jazzy/opt/gz_sensors_vendor:/opt/ros/jazzy/opt/gz_physics_vendor:/opt/ros/jazzy/opt/sdformat_vendor:/opt/ros/jazzy/opt/gz_gui_vendor:/opt/ros/jazzy/opt/gz_transport_vendor:/opt/ros/jazzy/opt/gz_rendering_vendor:/opt/ros/jazzy/opt/gz_plugin_vendor:/opt/ros/jazzy/opt/gz_fuel_tools_vendor:/opt/ros/jazzy/opt/gz_msgs_vendor:/opt/ros/jazzy/opt/gz_common_vendor:/opt/ros/jazzy/opt/gz_math_vendor:/opt/ros/jazzy/opt/gz_utils_vendor:/opt/ros/jazzy/opt/gz_tools_vendor:/opt/ros/jazzy/opt/gz_ogre_next_vendor:/opt/ros/jazzy/opt/gz_dartsim_vendor:/opt/ros/jazzy/opt/gz_cmake_vendor:/home/nebbackwards/WPI/Classes/RBE521/Final/ros_workspace/install/go1_navigation:/opt/ros/jazzy'}), 'shell': False}
[0.098664] (-) TimerEvent: {}
[0.199088] (-) TimerEvent: {}
[0.299928] (-) TimerEvent: {}
[0.377540] (unitree_guide2) StdoutLine: {'line': b'[  3%] \x1b[32mBuilding CXX object CMakeFiles/junior_ctrl.dir/src/main.cpp.o\x1b[0m\n'}
[0.378685] (unitree_guide2) StdoutLine: {'line': b'[  6%] \x1b[32mBuilding CXX object CMakeFiles/junior_ctrl.dir/src/FSM/FSM.cpp.o\x1b[0m\n'}
[0.381198] (unitree_guide2) StdoutLine: {'line': b'[ 10%] \x1b[32mBuilding CXX object CMakeFiles/junior_ctrl.dir/src/FSM/State_move_gait.cpp.o\x1b[0m\n'}
[0.383395] (unitree_guide2) StdoutLine: {'line': b'[ 13%] \x1b[32mBuilding CXX object CMakeFiles/junior_ctrl.dir/src/control/ControlFrame.cpp.o\x1b[0m\n'}
[0.400096] (-) TimerEvent: {}
[0.500526] (-) TimerEvent: {}
[0.600909] (-) TimerEvent: {}
[0.701454] (-) TimerEvent: {}
[0.801954] (-) TimerEvent: {}
[0.902693] (-) TimerEvent: {}
[1.003210] (-) TimerEvent: {}
[1.103769] (-) TimerEvent: {}
[1.204279] (-) TimerEvent: {}
[1.304804] (-) TimerEvent: {}
[1.405246] (-) TimerEvent: {}
[1.505776] (-) TimerEvent: {}
[1.606238] (-) TimerEvent: {}
[1.706727] (-) TimerEvent: {}
[1.807165] (-) TimerEvent: {}
[1.907630] (-) TimerEvent: {}
[2.008042] (-) TimerEvent: {}
[2.102650] (unitree_guide2) StderrLine: {'line': b'In file included from \x1b[01m\x1b[K/home/nebbackwards/WPI/Classes/RBE521/Final/ros_workspace/src/RBE521/unitree_guide2/include/message/LowlevelCmd.h:8\x1b[m\x1b[K,\n'}
[2.103013] (unitree_guide2) StderrLine: {'line': b'                 from \x1b[01m\x1b[K/home/nebbackwards/WPI/Classes/RBE521/Final/ros_workspace/src/RBE521/unitree_guide2/include/control/CtrlComponents.h:7\x1b[m\x1b[K,\n'}
[2.103203] (unitree_guide2) StderrLine: {'line': b'                 from \x1b[01m\x1b[K/home/nebbackwards/WPI/Classes/RBE521/Final/ros_workspace/src/RBE521/unitree_guide2/include/FSM/FSMState.h:10\x1b[m\x1b[K,\n'}
[2.103396] (unitree_guide2) StderrLine: {'line': b'                 from \x1b[01m\x1b[K/home/nebbackwards/WPI/Classes/RBE521/Final/ros_workspace/src/RBE521/unitree_guide2/include/FSM/FSM.h:8\x1b[m\x1b[K,\n'}
[2.103557] (unitree_guide2) StderrLine: {'line': b'                 from \x1b[01m\x1b[K/home/nebbackwards/WPI/Classes/RBE521/Final/ros_workspace/src/RBE521/unitree_guide2/src/FSM/FSM.cpp:4\x1b[m\x1b[K:\n'}
[2.103716] (unitree_guide2) StderrLine: {'line': b'\x1b[01m\x1b[K/home/nebbackwards/WPI/Classes/RBE521/Final/ros_workspace/src/RBE521/unitree_guide2/include/common/mathTools.h:\x1b[m\x1b[K In constructor \xe2\x80\x98\x1b[01m\x1b[KAvgCov::\x1b[01;32m\x1b[KAvgCov\x1b[m\x1b[K(unsigned int, std::string, bool, unsigned int, unsigned int, double)\x1b[m\x1b[K\xe2\x80\x99:\n'}
[2.103866] (unitree_guide2) StderrLine: {'line': b'\x1b[01m\x1b[K/home/nebbackwards/WPI/Classes/RBE521/Final/ros_workspace/src/RBE521/unitree_guide2/include/common/mathTools.h:278:17:\x1b[m\x1b[K \x1b[01;35m\x1b[Kwarning: \x1b[m\x1b[K\xe2\x80\x98\x1b[01m\x1b[KAvgCov::_valueName\x1b[m\x1b[K\xe2\x80\x99 will be initialized after [\x1b[01;35m\x1b[K\x1b]8;;https://gcc.gnu.org/onlinedocs/gcc/Warning-Options.html#index-Wreorder\x07-Wreorder\x1b]8;;\x07\x1b[m\x1b[K]\n'}
[2.104224] (unitree_guide2) StderrLine: {'line': b'  278 |     std::string \x1b[01;35m\x1b[K_valueName\x1b[m\x1b[K;\n'}
[2.104380] (unitree_guide2) StderrLine: {'line': b'      |                 \x1b[01;35m\x1b[K^~~~~~~~~~\x1b[m\x1b[K\n'}
[2.104488] (unitree_guide2) StderrLine: {'line': b'\x1b[01m\x1b[K/home/nebbackwards/WPI/Classes/RBE521/Final/ros_workspace/src/RBE521/unitree_guide2/include/common/mathTools.h:272:10:\x1b[m\x1b[K \x1b[01;35m\x1b[Kwarning: \x1b[m\x1b[K  \xe2\x80\x98\x1b[01m\x1b[Kbool AvgCov::_avgOnly\x1b[m\x1b[K\xe2\x80\x99 [\x1b[01;35m\x1b[K\x1b]8;;https://gcc.gnu.org/onlinedocs/gcc/Warning-Options.html#index-Wreorder\x07-Wreorder\x1b]8;;\x07\x1b[m\x1b[K]\n'}
[2.104593] (unitree_guide2) StderrLine: {'line': b'  272 |     bool \x1b[01;35m\x1b[K_avgOnly\x1b[m\x1b[K;\n'}
[2.104689] (unitree_guide2) StderrLine: {'line': b'      |          \x1b[01;35m\x1b[K^~~~~~~~\x1b[m\x1b[K\n'}
[2.104787] (unitree_guide2) StderrLine: {'line': b'\x1b[01m\x1b[K/home/nebbackwards/WPI/Classes/RBE521/Final/ros_workspace/src/RBE521/unitree_guide2/include/common/mathTools.h:246:5:\x1b[m\x1b[K \x1b[01;35m\x1b[Kwarning: \x1b[m\x1b[K  when initialized here [\x1b[01;35m\x1b[K\x1b]8;;https://gcc.gnu.org/onlinedocs/gcc/Warning-Options.html#index-Wreorder\x07-Wreorder\x1b]8;;\x07\x1b[m\x1b[K]\n'}
[2.104883] (unitree_guide2) StderrLine: {'line': b'  246 |     \x1b[01;35m\x1b[KAvgCov\x1b[m\x1b[K(unsigned int size, std::string name, bool avgOnly=false, unsigned int showPeriod=1000, unsigned int waitCount=5000, double zoomFactor=10000)\n'}
[2.104984] (unitree_guide2) StderrLine: {'line': b'      |     \x1b[01;35m\x1b[K^~~~~~\x1b[m\x1b[K\n'}
[2.105083] (unitree_guide2) StderrLine: {'line': b'In file included from \x1b[01m\x1b[K/home/nebbackwards/WPI/Classes/RBE521/Final/ros_workspace/src/RBE521/unitree_guide2/include/message/LowlevelCmd.h:8\x1b[m\x1b[K,\n'}
[2.105170] (unitree_guide2) StderrLine: {'line': b'                 from \x1b[01m\x1b[K/home/nebbackwards/WPI/Classes/RBE521/Final/ros_workspace/src/RBE521/unitree_guide2/include/control/CtrlComponents.h:7\x1b[m\x1b[K,\n'}
[2.105255] (unitree_guide2) StderrLine: {'line': b'                 from \x1b[01m\x1b[K/home/nebbackwards/WPI/Classes/RBE521/Final/ros_workspace/src/RBE521/unitree_guide2/include/FSM/FSMState.h:10\x1b[m\x1b[K,\n'}
[2.105357] (unitree_guide2) StderrLine: {'line': b'                 from \x1b[01m\x1b[K/home/nebbackwards/WPI/Classes/RBE521/Final/ros_workspace/src/RBE521/unitree_guide2/include/FSM/FSM.h:8\x1b[m\x1b[K,\n'}
[2.105443] (unitree_guide2) StderrLine: {'line': b'                 from \x1b[01m\x1b[K/home/nebbackwards/WPI/Classes/RBE521/Final/ros_workspace/src/RBE521/unitree_guide2/include/control/ControlFrame.h:7\x1b[m\x1b[K,\n'}
[2.105543] (unitree_guide2) StderrLine: {'line': b'                 from \x1b[01m\x1b[K/home/nebbackwards/WPI/Classes/RBE521/Final/ros_workspace/src/RBE521/unitree_guide2/src/control/ControlFrame.cpp:4\x1b[m\x1b[K:\n'}
[2.105632] (unitree_guide2) StderrLine: {'line': b'\x1b[01m\x1b[K/home/nebbackwards/WPI/Classes/RBE521/Final/ros_workspace/src/RBE521/unitree_guide2/include/common/mathTools.h:\x1b[m\x1b[K In constructor \xe2\x80\x98\x1b[01m\x1b[KAvgCov::\x1b[01;32m\x1b[KAvgCov\x1b[m\x1b[K(unsigned int, std::string, bool, unsigned int, unsigned int, double)\x1b[m\x1b[K\xe2\x80\x99:\n'}
[2.105719] (unitree_guide2) StderrLine: {'line': b'\x1b[01m\x1b[K/home/nebbackwards/WPI/Classes/RBE521/Final/ros_workspace/src/RBE521/unitree_guide2/include/common/mathTools.h:278:17:\x1b[m\x1b[K \x1b[01;35m\x1b[Kwarning: \x1b[m\x1b[K\xe2\x80\x98\x1b[01m\x1b[KAvgCov::_valueName\x1b[m\x1b[K\xe2\x80\x99 will be initialized after [\x1b[01;35m\x1b[K\x1b]8;;https://gcc.gnu.org/onlinedocs/gcc/Warning-Options.html#index-Wreorder\x07-Wreorder\x1b]8;;\x07\x1b[m\x1b[K]\n'}
[2.105819] (unitree_guide2) StderrLine: {'line': b'  278 |     std::string \x1b[01;35m\x1b[K_valueName\x1b[m\x1b[K;\n'}
[2.105907] (unitree_guide2) StderrLine: {'line': b'      |                 \x1b[01;35m\x1b[K^~~~~~~~~~\x1b[m\x1b[K\n'}
[2.106003] (unitree_guide2) StderrLine: {'line': b'\x1b[01m\x1b[K/home/nebbackwards/WPI/Classes/RBE521/Final/ros_workspace/src/RBE521/unitree_guide2/include/common/mathTools.h:272:10:\x1b[m\x1b[K \x1b[01;35m\x1b[Kwarning: \x1b[m\x1b[K  \xe2\x80\x98\x1b[01m\x1b[Kbool AvgCov::_avgOnly\x1b[m\x1b[K\xe2\x80\x99 [\x1b[01;35m\x1b[K\x1b]8;;https://gcc.gnu.org/onlinedocs/gcc/Warning-Options.html#index-Wreorder\x07-Wreorder\x1b]8;;\x07\x1b[m\x1b[K]\n'}
[2.106105] (unitree_guide2) StderrLine: {'line': b'  272 |     bool \x1b[01;35m\x1b[K_avgOnly\x1b[m\x1b[K;\n'}
[2.106194] (unitree_guide2) StderrLine: {'line': b'      |          \x1b[01;35m\x1b[K^~~~~~~~\x1b[m\x1b[K\n'}
[2.106284] (unitree_guide2) StderrLine: {'line': b'\x1b[01m\x1b[K/home/nebbackwards/WPI/Classes/RBE521/Final/ros_workspace/src/RBE521/unitree_guide2/include/common/mathTools.h:246:5:\x1b[m\x1b[K \x1b[01;35m\x1b[Kwarning: \x1b[m\x1b[K  when initialized here [\x1b[01;35m\x1b[K\x1b]8;;https://gcc.gnu.org/onlinedocs/gcc/Warning-Options.html#index-Wreorder\x07-Wreorder\x1b]8;;\x07\x1b[m\x1b[K]\n'}
[2.106411] (unitree_guide2) StderrLine: {'line': b'  246 |     \x1b[01;35m\x1b[KAvgCov\x1b[m\x1b[K(unsigned int size, std::string name, bool avgOnly=false, unsigned int showPeriod=1000, unsigned int waitCount=5000, double zoomFactor=10000)\n'}
[2.106500] (unitree_guide2) StderrLine: {'line': b'      |     \x1b[01;35m\x1b[K^~~~~~\x1b[m\x1b[K\n'}
[2.108160] (-) TimerEvent: {}
[2.117667] (unitree_guide2) StderrLine: {'line': b'In file included from \x1b[01m\x1b[K/home/nebbackwards/WPI/Classes/RBE521/Final/ros_workspace/src/RBE521/unitree_guide2/include/message/LowlevelCmd.h:8\x1b[m\x1b[K,\n'}
[2.117878] (unitree_guide2) StderrLine: {'line': b'                 from \x1b[01m\x1b[K/home/nebbackwards/WPI/Classes/RBE521/Final/ros_workspace/src/RBE521/unitree_guide2/include/control/CtrlComponents.h:7\x1b[m\x1b[K,\n'}
[2.117974] (unitree_guide2) StderrLine: {'line': b'                 from \x1b[01m\x1b[K/home/nebbackwards/WPI/Classes/RBE521/Final/ros_workspace/src/RBE521/unitree_guide2/include/FSM/FSMState.h:10\x1b[m\x1b[K,\n'}
[2.118058] (unitree_guide2) StderrLine: {'line': b'                 from \x1b[01m\x1b[K/home/nebbackwards/WPI/Classes/RBE521/Final/ros_workspace/src/RBE521/unitree_guide2/include/FSM/State_GaitTransition.h:7\x1b[m\x1b[K,\n'}
[2.118141] (unitree_guide2) StderrLine: {'line': b'                 from \x1b[01m\x1b[K/home/nebbackwards/WPI/Classes/RBE521/Final/ros_workspace/src/RBE521/unitree_guide2/include/FSM/State_move_gait.h:43\x1b[m\x1b[K,\n'}
[2.118227] (unitree_guide2) StderrLine: {'line': b'                 from \x1b[01m\x1b[K/home/nebbackwards/WPI/Classes/RBE521/Final/ros_workspace/src/RBE521/unitree_guide2/src/FSM/State_move_gait.cpp:54\x1b[m\x1b[K:\n'}
[2.118322] (unitree_guide2) StderrLine: {'line': b'\x1b[01m\x1b[K/home/nebbackwards/WPI/Classes/RBE521/Final/ros_workspace/src/RBE521/unitree_guide2/include/common/mathTools.h:\x1b[m\x1b[K In constructor \xe2\x80\x98\x1b[01m\x1b[KAvgCov::\x1b[01;32m\x1b[KAvgCov\x1b[m\x1b[K(unsigned int, std::string, bool, unsigned int, unsigned int, double)\x1b[m\x1b[K\xe2\x80\x99:\n'}
[2.118418] (unitree_guide2) StderrLine: {'line': b'\x1b[01m\x1b[K/home/nebbackwards/WPI/Classes/RBE521/Final/ros_workspace/src/RBE521/unitree_guide2/include/common/mathTools.h:278:17:\x1b[m\x1b[K \x1b[01;35m\x1b[Kwarning: \x1b[m\x1b[K\xe2\x80\x98\x1b[01m\x1b[KAvgCov::_valueName\x1b[m\x1b[K\xe2\x80\x99 will be initialized after [\x1b[01;35m\x1b[K\x1b]8;;https://gcc.gnu.org/onlinedocs/gcc/Warning-Options.html#index-Wreorder\x07-Wreorder\x1b]8;;\x07\x1b[m\x1b[K]\n'}
[2.118509] (unitree_guide2) StderrLine: {'line': b'  278 |     std::string \x1b[01;35m\x1b[K_valueName\x1b[m\x1b[K;\n'}
[2.118597] (unitree_guide2) StderrLine: {'line': b'      |                 \x1b[01;35m\x1b[K^~~~~~~~~~\x1b[m\x1b[K\n'}
[2.118698] (unitree_guide2) StderrLine: {'line': b'\x1b[01m\x1b[K/home/nebbackwards/WPI/Classes/RBE521/Final/ros_workspace/src/RBE521/unitree_guide2/include/common/mathTools.h:272:10:\x1b[m\x1b[K \x1b[01;35m\x1b[Kwarning: \x1b[m\x1b[K  \xe2\x80\x98\x1b[01m\x1b[Kbool AvgCov::_avgOnly\x1b[m\x1b[K\xe2\x80\x99 [\x1b[01;35m\x1b[K\x1b]8;;https://gcc.gnu.org/onlinedocs/gcc/Warning-Options.html#index-Wreorder\x07-Wreorder\x1b]8;;\x07\x1b[m\x1b[K]\n'}
[2.118795] (unitree_guide2) StderrLine: {'line': b'  272 |     bool \x1b[01;35m\x1b[K_avgOnly\x1b[m\x1b[K;\n'}
[2.118887] (unitree_guide2) StderrLine: {'line': b'      |          \x1b[01;35m\x1b[K^~~~~~~~\x1b[m\x1b[K\n'}
[2.118980] (unitree_guide2) StderrLine: {'line': b'\x1b[01m\x1b[K/home/nebbackwards/WPI/Classes/RBE521/Final/ros_workspace/src/RBE521/unitree_guide2/include/common/mathTools.h:246:5:\x1b[m\x1b[K \x1b[01;35m\x1b[Kwarning: \x1b[m\x1b[K  when initialized here [\x1b[01;35m\x1b[K\x1b]8;;https://gcc.gnu.org/onlinedocs/gcc/Warning-Options.html#index-Wreorder\x07-Wreorder\x1b]8;;\x07\x1b[m\x1b[K]\n'}
[2.119077] (unitree_guide2) StderrLine: {'line': b'  246 |     \x1b[01;35m\x1b[KAvgCov\x1b[m\x1b[K(unsigned int size, std::string name, bool avgOnly=false, unsigned int showPeriod=1000, unsigned int waitCount=5000, double zoomFactor=10000)\n'}
[2.119164] (unitree_guide2) StderrLine: {'line': b'      |     \x1b[01;35m\x1b[K^~~~~~\x1b[m\x1b[K\n'}
[2.142021] (unitree_guide2) StderrLine: {'line': b'In file included from \x1b[01m\x1b[K/home/nebbackwards/WPI/Classes/RBE521/Final/ros_workspace/src/RBE521/unitree_guide2/include/message/LowlevelState.h:10\x1b[m\x1b[K,\n'}
[2.142348] (unitree_guide2) StderrLine: {'line': b'                 from \x1b[01m\x1b[K/home/nebbackwards/WPI/Classes/RBE521/Final/ros_workspace/src/RBE521/unitree_guide2/include/control/CtrlComponents.h:8\x1b[m\x1b[K:\n'}
[2.142462] (unitree_guide2) StderrLine: {'line': b'\x1b[01m\x1b[K/home/nebbackwards/WPI/Classes/RBE521/Final/ros_workspace/src/RBE521/unitree_guide2/include/interface/CmdPanel.h:\x1b[m\x1b[K In member function \xe2\x80\x98\x1b[01m\x1b[Kvirtual void* CmdPanel::\x1b[01;32m\x1b[Krun\x1b[m\x1b[K(void*)\x1b[m\x1b[K\xe2\x80\x99:\n'}
[2.142579] (unitree_guide2) StderrLine: {'line': b'\x1b[01m\x1b[K/home/nebbackwards/WPI/Classes/RBE521/Final/ros_workspace/src/RBE521/unitree_guide2/include/interface/CmdPanel.h:50:29:\x1b[m\x1b[K \x1b[01;35m\x1b[Kwarning: \x1b[m\x1b[Kunused parameter \xe2\x80\x98\x1b[01m\x1b[Karg\x1b[m\x1b[K\xe2\x80\x99 [\x1b[01;35m\x1b[K\x1b]8;;https://gcc.gnu.org/onlinedocs/gcc/Warning-Options.html#index-Wunused-parameter\x07-Wunused-parameter\x1b]8;;\x07\x1b[m\x1b[K]\n'}
[2.142699] (unitree_guide2) StderrLine: {'line': b'   50 |     virtual void* run(\x1b[01;35m\x1b[Kvoid *arg\x1b[m\x1b[K){return NULL;}\n'}
[2.142822] (unitree_guide2) StderrLine: {'line': b'      |                       \x1b[01;35m\x1b[K~~~~~~^~~\x1b[m\x1b[K\n'}
[2.144963] (unitree_guide2) StderrLine: {'line': b'In file included from \x1b[01m\x1b[K/home/nebbackwards/WPI/Classes/RBE521/Final/ros_workspace/src/RBE521/unitree_guide2/include/message/LowlevelState.h:10\x1b[m\x1b[K,\n'}
[2.145232] (unitree_guide2) StderrLine: {'line': b'                 from \x1b[01m\x1b[K/home/nebbackwards/WPI/Classes/RBE521/Final/ros_workspace/src/RBE521/unitree_guide2/include/control/CtrlComponents.h:8\x1b[m\x1b[K:\n'}
[2.145443] (unitree_guide2) StderrLine: {'line': b'\x1b[01m\x1b[K/home/nebbackwards/WPI/Classes/RBE521/Final/ros_workspace/src/RBE521/unitree_guide2/include/interface/CmdPanel.h:\x1b[m\x1b[K In member function \xe2\x80\x98\x1b[01m\x1b[Kvirtual void* CmdPanel::\x1b[01;32m\x1b[Krun\x1b[m\x1b[K(void*)\x1b[m\x1b[K\xe2\x80\x99:\n'}
[2.145616] (unitree_guide2) StderrLine: {'line': b'\x1b[01m\x1b[K/home/nebbackwards/WPI/Classes/RBE521/Final/ros_workspace/src/RBE521/unitree_guide2/include/interface/CmdPanel.h:50:29:\x1b[m\x1b[K \x1b[01;35m\x1b[Kwarning: \x1b[m\x1b[Kunused parameter \xe2\x80\x98\x1b[01m\x1b[Karg\x1b[m\x1b[K\xe2\x80\x99 [\x1b[01;35m\x1b[K\x1b]8;;https://gcc.gnu.org/onlinedocs/gcc/Warning-Options.html#index-Wunused-parameter\x07-Wunused-parameter\x1b]8;;\x07\x1b[m\x1b[K]\n'}
[2.145805] (unitree_guide2) StderrLine: {'line': b'   50 |     virtual void* run(\x1b[01;35m\x1b[Kvoid *arg\x1b[m\x1b[K){return NULL;}\n'}
[2.146195] (unitree_guide2) StderrLine: {'line': b'      |                       \x1b[01;35m\x1b[K~~~~~~^~~\x1b[m\x1b[K\n'}
[2.146322] (unitree_guide2) StderrLine: {'line': b'In file included from \x1b[01m\x1b[K/home/nebbackwards/WPI/Classes/RBE521/Final/ros_workspace/src/RBE521/unitree_guide2/include/message/LowlevelCmd.h:8\x1b[m\x1b[K,\n'}
[2.146428] (unitree_guide2) StderrLine: {'line': b'                 from \x1b[01m\x1b[K/home/nebbackwards/WPI/Classes/RBE521/Final/ros_workspace/src/RBE521/unitree_guide2/include/control/CtrlComponents.h:7\x1b[m\x1b[K,\n'}
[2.146519] (unitree_guide2) StderrLine: {'line': b'                 from \x1b[01m\x1b[K/home/nebbackwards/WPI/Classes/RBE521/Final/ros_workspace/src/RBE521/unitree_guide2/include/FSM/FSMState.h:10\x1b[m\x1b[K,\n'}
[2.146606] (unitree_guide2) StderrLine: {'line': b'                 from \x1b[01m\x1b[K/home/nebbackwards/WPI/Classes/RBE521/Final/ros_workspace/src/RBE521/unitree_guide2/include/FSM/FSM.h:8\x1b[m\x1b[K,\n'}
[2.146694] (unitree_guide2) StderrLine: {'line': b'                 from \x1b[01m\x1b[K/home/nebbackwards/WPI/Classes/RBE521/Final/ros_workspace/src/RBE521/unitree_guide2/include/control/ControlFrame.h:7\x1b[m\x1b[K,\n'}
[2.146781] (unitree_guide2) StderrLine: {'line': b'                 from \x1b[01m\x1b[K/home/nebbackwards/WPI/Classes/RBE521/Final/ros_workspace/src/RBE521/unitree_guide2/src/main.cpp:9\x1b[m\x1b[K:\n'}
[2.146867] (unitree_guide2) StderrLine: {'line': b'\x1b[01m\x1b[K/home/nebbackwards/WPI/Classes/RBE521/Final/ros_workspace/src/RBE521/unitree_guide2/include/common/mathTools.h:\x1b[m\x1b[K In constructor \xe2\x80\x98\x1b[01m\x1b[KAvgCov::\x1b[01;32m\x1b[KAvgCov\x1b[m\x1b[K(unsigned int, std::string, bool, unsigned int, unsigned int, double)\x1b[m\x1b[K\xe2\x80\x99:\n'}
[2.146962] (unitree_guide2) StderrLine: {'line': b'\x1b[01m\x1b[K/home/nebbackwards/WPI/Classes/RBE521/Final/ros_workspace/src/RBE521/unitree_guide2/include/common/mathTools.h:278:17:\x1b[m\x1b[K \x1b[01;35m\x1b[Kwarning: \x1b[m\x1b[K\xe2\x80\x98\x1b[01m\x1b[KAvgCov::_valueName\x1b[m\x1b[K\xe2\x80\x99 will be initialized after [\x1b[01;35m\x1b[K\x1b]8;;https://gcc.gnu.org/onlinedocs/gcc/Warning-Options.html#index-Wreorder\x07-Wreorder\x1b]8;;\x07\x1b[m\x1b[K]\n'}
[2.147069] (unitree_guide2) StderrLine: {'line': b'  278 |     std::string \x1b[01;35m\x1b[K_valueName\x1b[m\x1b[K;\n'}
[2.147156] (unitree_guide2) StderrLine: {'line': b'      |                 \x1b[01;35m\x1b[K^~~~~~~~~~\x1b[m\x1b[K\n'}
[2.147238] (unitree_guide2) StderrLine: {'line': b'\x1b[01m\x1b[K/home/nebbackwards/WPI/Classes/RBE521/Final/ros_workspace/src/RBE521/unitree_guide2/include/common/mathTools.h:272:10:\x1b[m\x1b[K \x1b[01;35m\x1b[Kwarning: \x1b[m\x1b[K  \xe2\x80\x98\x1b[01m\x1b[Kbool AvgCov::_avgOnly\x1b[m\x1b[K\xe2\x80\x99 [\x1b[01;35m\x1b[K\x1b]8;;https://gcc.gnu.org/onlinedocs/gcc/Warning-Options.html#index-Wreorder\x07-Wreorder\x1b]8;;\x07\x1b[m\x1b[K]\n'}
[2.147337] (unitree_guide2) StderrLine: {'line': b'  272 |     bool \x1b[01;35m\x1b[K_avgOnly\x1b[m\x1b[K;\n'}
[2.147430] (unitree_guide2) StderrLine: {'line': b'      |          \x1b[01;35m\x1b[K^~~~~~~~\x1b[m\x1b[K\n'}
[2.147513] (unitree_guide2) StderrLine: {'line': b'\x1b[01m\x1b[K/home/nebbackwards/WPI/Classes/RBE521/Final/ros_workspace/src/RBE521/unitree_guide2/include/common/mathTools.h:246:5:\x1b[m\x1b[K \x1b[01;35m\x1b[Kwarning: \x1b[m\x1b[K  when initialized here [\x1b[01;35m\x1b[K\x1b]8;;https://gcc.gnu.org/onlinedocs/gcc/Warning-Options.html#index-Wreorder\x07-Wreorder\x1b]8;;\x07\x1b[m\x1b[K]\n'}
[2.147602] (unitree_guide2) StderrLine: {'line': b'  246 |     \x1b[01;35m\x1b[KAvgCov\x1b[m\x1b[K(unsigned int size, std::string name, bool avgOnly=false, unsigned int showPeriod=1000, unsigned int waitCount=5000, double zoomFactor=10000)\n'}
[2.147690] (unitree_guide2) StderrLine: {'line': b'      |     \x1b[01;35m\x1b[K^~~~~~\x1b[m\x1b[K\n'}
[2.157971] (unitree_guide2) StderrLine: {'line': b'In file included from \x1b[01m\x1b[K/home/nebbackwards/WPI/Classes/RBE521/Final/ros_workspace/src/RBE521/unitree_guide2/include/message/LowlevelState.h:10\x1b[m\x1b[K,\n'}
[2.158493] (unitree_guide2) StderrLine: {'line': b'                 from \x1b[01m\x1b[K/home/nebbackwards/WPI/Classes/RBE521/Final/ros_workspace/src/RBE521/unitree_guide2/include/control/CtrlComponents.h:8\x1b[m\x1b[K:\n'}
[2.158803] (unitree_guide2) StderrLine: {'line': b'\x1b[01m\x1b[K/home/nebbackwards/WPI/Classes/RBE521/Final/ros_workspace/src/RBE521/unitree_guide2/include/interface/CmdPanel.h:\x1b[m\x1b[K In member function \xe2\x80\x98\x1b[01m\x1b[Kvirtual void* CmdPanel::\x1b[01;32m\x1b[Krun\x1b[m\x1b[K(void*)\x1b[m\x1b[K\xe2\x80\x99:\n'}
[2.159099] (unitree_guide2) StderrLine: {'line': b'\x1b[01m\x1b[K/home/nebbackwards/WPI/Classes/RBE521/Final/ros_workspace/src/RBE521/unitree_guide2/include/interface/CmdPanel.h:50:29:\x1b[m\x1b[K \x1b[01;35m\x1b[Kwarning: \x1b[m\x1b[Kunused parameter \xe2\x80\x98\x1b[01m\x1b[Karg\x1b[m\x1b[K\xe2\x80\x99 [\x1b[01;35m\x1b[K\x1b]8;;https://gcc.gnu.org/onlinedocs/gcc/Warning-Options.html#index-Wunused-parameter\x07-Wunused-parameter\x1b]8;;\x07\x1b[m\x1b[K]\n'}
[2.159270] (unitree_guide2) StderrLine: {'line': b'   50 |     virtual void* run(\x1b[01;35m\x1b[Kvoid *arg\x1b[m\x1b[K){return NULL;}\n'}
[2.159438] (unitree_guide2) StderrLine: {'line': b'      |                       \x1b[01;35m\x1b[K~~~~~~^~~\x1b[m\x1b[K\n'}
[2.184532] (unitree_guide2) StderrLine: {'line': b'In file included from \x1b[01m\x1b[K/home/nebbackwards/WPI/Classes/RBE521/Final/ros_workspace/src/RBE521/unitree_guide2/include/message/LowlevelState.h:10\x1b[m\x1b[K,\n'}
[2.184995] (unitree_guide2) StderrLine: {'line': b'                 from \x1b[01m\x1b[K/home/nebbackwards/WPI/Classes/RBE521/Final/ros_workspace/src/RBE521/unitree_guide2/include/control/CtrlComponents.h:8\x1b[m\x1b[K:\n'}
[2.185351] (unitree_guide2) StderrLine: {'line': b'\x1b[01m\x1b[K/home/nebbackwards/WPI/Classes/RBE521/Final/ros_workspace/src/RBE521/unitree_guide2/include/interface/CmdPanel.h:\x1b[m\x1b[K In member function \xe2\x80\x98\x1b[01m\x1b[Kvirtual void* CmdPanel::\x1b[01;32m\x1b[Krun\x1b[m\x1b[K(void*)\x1b[m\x1b[K\xe2\x80\x99:\n'}
[2.185657] (unitree_guide2) StderrLine: {'line': b'\x1b[01m\x1b[K/home/nebbackwards/WPI/Classes/RBE521/Final/ros_workspace/src/RBE521/unitree_guide2/include/interface/CmdPanel.h:50:29:\x1b[m\x1b[K \x1b[01;35m\x1b[Kwarning: \x1b[m\x1b[Kunused parameter \xe2\x80\x98\x1b[01m\x1b[Karg\x1b[m\x1b[K\xe2\x80\x99 [\x1b[01;35m\x1b[K\x1b]8;;https://gcc.gnu.org/onlinedocs/gcc/Warning-Options.html#index-Wunused-parameter\x07-Wunused-parameter\x1b]8;;\x07\x1b[m\x1b[K]\n'}
[2.185841] (unitree_guide2) StderrLine: {'line': b'   50 |     virtual void* run(\x1b[01;35m\x1b[Kvoid *arg\x1b[m\x1b[K){return NULL;}\n'}
[2.185995] (unitree_guide2) StderrLine: {'line': b'      |                       \x1b[01;35m\x1b[K~~~~~~^~~\x1b[m\x1b[K\n'}
[2.208362] (-) TimerEvent: {}
[2.308845] (-) TimerEvent: {}
[2.409327] (-) TimerEvent: {}
[2.509739] (-) TimerEvent: {}
[2.610164] (-) TimerEvent: {}
[2.710619] (-) TimerEvent: {}
[2.811063] (-) TimerEvent: {}
[2.911491] (-) TimerEvent: {}
[3.011930] (-) TimerEvent: {}
[3.112342] (-) TimerEvent: {}
[3.212778] (-) TimerEvent: {}
[3.313168] (-) TimerEvent: {}
[3.413623] (-) TimerEvent: {}
[3.514073] (-) TimerEvent: {}
[3.614549] (-) TimerEvent: {}
[3.715033] (-) TimerEvent: {}
[3.815480] (-) TimerEvent: {}
[3.915924] (-) TimerEvent: {}
[4.016322] (-) TimerEvent: {}
[4.053963] (unitree_guide2) StderrLine: {'line': b'\x1b[01m\x1b[K/home/nebbackwards/WPI/Classes/RBE521/Final/ros_workspace/src/RBE521/unitree_guide2/include/control/CtrlComponents.h:\x1b[m\x1b[K In destructor \xe2\x80\x98\x1b[01m\x1b[KCtrlComponents::\x1b[01;32m\x1b[K~CtrlComponents\x1b[m\x1b[K()\x1b[m\x1b[K\xe2\x80\x99:\n'}
[4.054313] (unitree_guide2) StderrLine: {'line': b'\x1b[01m\x1b[K/home/nebbackwards/WPI/Classes/RBE521/Final/ros_workspace/src/RBE521/unitree_guide2/include/control/CtrlComponents.h:35:9:\x1b[m\x1b[K \x1b[01;35m\x1b[Kwarning: \x1b[m\x1b[Kdeleting object of abstract class type \xe2\x80\x98\x1b[01m\x1b[KIOInterface\x1b[m\x1b[K\xe2\x80\x99 which has non-virtual destructor will cause undefined behavior [\x1b[01;35m\x1b[K\x1b]8;;https://gcc.gnu.org/onlinedocs/gcc/Warning-Options.html#index-Wdelete-non-virtual-dtor\x07-Wdelete-non-virtual-dtor\x1b]8;;\x07\x1b[m\x1b[K]\n'}
[4.054532] (unitree_guide2) StderrLine: {'line': b'   35 |         \x1b[01;35m\x1b[Kdelete ioInter\x1b[m\x1b[K;\n'}
[4.054710] (unitree_guide2) StderrLine: {'line': b'      |         \x1b[01;35m\x1b[K^~~~~~~~~~~~~~\x1b[m\x1b[K\n'}
[4.059728] (unitree_guide2) StderrLine: {'line': b'In file included from \x1b[01m\x1b[K/home/nebbackwards/WPI/Classes/RBE521/Final/ros_workspace/src/RBE521/unitree_guide2/include/FSM/FSM.h:19\x1b[m\x1b[K:\n'}
[4.060035] (unitree_guide2) StderrLine: {'line': b'\x1b[01m\x1b[K/home/nebbackwards/WPI/Classes/RBE521/Final/ros_workspace/src/RBE521/unitree_guide2/include/FSM/State_move_gait.h:\x1b[m\x1b[K At global scope:\n'}
[4.060228] (unitree_guide2) StderrLine: {'line': b'\x1b[01m\x1b[K/home/nebbackwards/WPI/Classes/RBE521/Final/ros_workspace/src/RBE521/unitree_guide2/include/FSM/State_move_gait.h:57:38:\x1b[m\x1b[K \x1b[01;31m\x1b[Kerror: \x1b[m\x1b[K\xe2\x80\x98\x1b[01m\x1b[KSharedPtr\x1b[m\x1b[K\xe2\x80\x99 in \xe2\x80\x98\x1b[01m\x1b[Kstruct GaitCmd\x1b[m\x1b[K\xe2\x80\x99 does not name a type\n'}
[4.060425] (unitree_guide2) StderrLine: {'line': b'   57 |     void gaitCallback(const GaitCmd::\x1b[01;31m\x1b[KSharedPtr\x1b[m\x1b[K msg);\n'}
[4.060590] (unitree_guide2) StderrLine: {'line': b'      |                                      \x1b[01;31m\x1b[K^~~~~~~~~\x1b[m\x1b[K\n'}
[4.063743] (unitree_guide2) StderrLine: {'line': b'\x1b[01m\x1b[K/home/nebbackwards/WPI/Classes/RBE521/Final/ros_workspace/src/RBE521/unitree_guide2/include/control/CtrlComponents.h:\x1b[m\x1b[K In destructor \xe2\x80\x98\x1b[01m\x1b[KCtrlComponents::\x1b[01;32m\x1b[K~CtrlComponents\x1b[m\x1b[K()\x1b[m\x1b[K\xe2\x80\x99:\n'}
[4.064038] (unitree_guide2) StderrLine: {'line': b'\x1b[01m\x1b[K/home/nebbackwards/WPI/Classes/RBE521/Final/ros_workspace/src/RBE521/unitree_guide2/include/control/CtrlComponents.h:35:9:\x1b[m\x1b[K \x1b[01;35m\x1b[Kwarning: \x1b[m\x1b[Kdeleting object of abstract class type \xe2\x80\x98\x1b[01m\x1b[KIOInterface\x1b[m\x1b[K\xe2\x80\x99 which has non-virtual destructor will cause undefined behavior [\x1b[01;35m\x1b[K\x1b]8;;https://gcc.gnu.org/onlinedocs/gcc/Warning-Options.html#index-Wdelete-non-virtual-dtor\x07-Wdelete-non-virtual-dtor\x1b]8;;\x07\x1b[m\x1b[K]\n'}
[4.064244] (unitree_guide2) StderrLine: {'line': b'   35 |         \x1b[01;35m\x1b[Kdelete ioInter\x1b[m\x1b[K;\n'}
[4.064470] (unitree_guide2) StderrLine: {'line': b'      |         \x1b[01;35m\x1b[K^~~~~~~~~~~~~~\x1b[m\x1b[K\n'}
[4.069106] (unitree_guide2) StderrLine: {'line': b'In file included from \x1b[01m\x1b[K/home/nebbackwards/WPI/Classes/RBE521/Final/ros_workspace/src/RBE521/unitree_guide2/include/FSM/FSM.h:19\x1b[m\x1b[K:\n'}
[4.069444] (unitree_guide2) StderrLine: {'line': b'\x1b[01m\x1b[K/home/nebbackwards/WPI/Classes/RBE521/Final/ros_workspace/src/RBE521/unitree_guide2/include/FSM/State_move_gait.h:\x1b[m\x1b[K At global scope:\n'}
[4.069651] (unitree_guide2) StderrLine: {'line': b'\x1b[01m\x1b[K/home/nebbackwards/WPI/Classes/RBE521/Final/ros_workspace/src/RBE521/unitree_guide2/include/FSM/State_move_gait.h:57:38:\x1b[m\x1b[K \x1b[01;31m\x1b[Kerror: \x1b[m\x1b[K\xe2\x80\x98\x1b[01m\x1b[KSharedPtr\x1b[m\x1b[K\xe2\x80\x99 in \xe2\x80\x98\x1b[01m\x1b[Kstruct GaitCmd\x1b[m\x1b[K\xe2\x80\x99 does not name a type\n'}
[4.069934] (unitree_guide2) StderrLine: {'line': b'   57 |     void gaitCallback(const GaitCmd::\x1b[01;31m\x1b[KSharedPtr\x1b[m\x1b[K msg);\n'}
[4.070183] (unitree_guide2) StderrLine: {'line': b'      |                                      \x1b[01;31m\x1b[K^~~~~~~~~\x1b[m\x1b[K\n'}
[4.093213] (unitree_guide2) StderrLine: {'line': b'\x1b[01m\x1b[K/home/nebbackwards/WPI/Classes/RBE521/Final/ros_workspace/src/RBE521/unitree_guide2/include/control/CtrlComponents.h:\x1b[m\x1b[K In destructor \xe2\x80\x98\x1b[01m\x1b[KCtrlComponents::\x1b[01;32m\x1b[K~CtrlComponents\x1b[m\x1b[K()\x1b[m\x1b[K\xe2\x80\x99:\n'}
[4.093581] (unitree_guide2) StderrLine: {'line': b'\x1b[01m\x1b[K/home/nebbackwards/WPI/Classes/RBE521/Final/ros_workspace/src/RBE521/unitree_guide2/include/control/CtrlComponents.h:35:9:\x1b[m\x1b[K \x1b[01;35m\x1b[Kwarning: \x1b[m\x1b[Kdeleting object of abstract class type \xe2\x80\x98\x1b[01m\x1b[KIOInterface\x1b[m\x1b[K\xe2\x80\x99 which has non-virtual destructor will cause undefined behavior [\x1b[01;35m\x1b[K\x1b]8;;https://gcc.gnu.org/onlinedocs/gcc/Warning-Options.html#index-Wdelete-non-virtual-dtor\x07-Wdelete-non-virtual-dtor\x1b]8;;\x07\x1b[m\x1b[K]\n'}
[4.093797] (unitree_guide2) StderrLine: {'line': b'   35 |         \x1b[01;35m\x1b[Kdelete ioInter\x1b[m\x1b[K;\n'}
[4.093965] (unitree_guide2) StderrLine: {'line': b'      |         \x1b[01;35m\x1b[K^~~~~~~~~~~~~~\x1b[m\x1b[K\n'}
[4.097660] (unitree_guide2) StderrLine: {'line': b'\x1b[01m\x1b[K/home/nebbackwards/WPI/Classes/RBE521/Final/ros_workspace/src/RBE521/unitree_guide2/include/FSM/State_move_gait.h:\x1b[m\x1b[K At global scope:\n'}
[4.097960] (unitree_guide2) StderrLine: {'line': b'\x1b[01m\x1b[K/home/nebbackwards/WPI/Classes/RBE521/Final/ros_workspace/src/RBE521/unitree_guide2/include/FSM/State_move_gait.h:57:38:\x1b[m\x1b[K \x1b[01;31m\x1b[Kerror: \x1b[m\x1b[K\xe2\x80\x98\x1b[01m\x1b[KSharedPtr\x1b[m\x1b[K\xe2\x80\x99 in \xe2\x80\x98\x1b[01m\x1b[Kstruct GaitCmd\x1b[m\x1b[K\xe2\x80\x99 does not name a type\n'}
[4.098156] (unitree_guide2) StderrLine: {'line': b'   57 |     void gaitCallback(const GaitCmd::\x1b[01;31m\x1b[KSharedPtr\x1b[m\x1b[K msg);\n'}
[4.098334] (unitree_guide2) StderrLine: {'line': b'      |                                      \x1b[01;31m\x1b[K^~~~~~~~~\x1b[m\x1b[K\n'}
[4.114423] (unitree_guide2) StderrLine: {'line': b'\x1b[01m\x1b[K/home/nebbackwards/WPI/Classes/RBE521/Final/ros_workspace/src/RBE521/unitree_guide2/include/control/CtrlComponents.h:\x1b[m\x1b[K In destructor \xe2\x80\x98\x1b[01m\x1b[KCtrlComponents::\x1b[01;32m\x1b[K~CtrlComponents\x1b[m\x1b[K()\x1b[m\x1b[K\xe2\x80\x99:\n'}
[4.114744] (unitree_guide2) StderrLine: {'line': b'\x1b[01m\x1b[K/home/nebbackwards/WPI/Classes/RBE521/Final/ros_workspace/src/RBE521/unitree_guide2/include/control/CtrlComponents.h:35:9:\x1b[m\x1b[K \x1b[01;35m\x1b[Kwarning: \x1b[m\x1b[Kdeleting object of abstract class type \xe2\x80\x98\x1b[01m\x1b[KIOInterface\x1b[m\x1b[K\xe2\x80\x99 which has non-virtual destructor will cause undefined behavior [\x1b[01;35m\x1b[K\x1b]8;;https://gcc.gnu.org/onlinedocs/gcc/Warning-Options.html#index-Wdelete-non-virtual-dtor\x07-Wdelete-non-virtual-dtor\x1b]8;;\x07\x1b[m\x1b[K]\n'}
[4.114949] (unitree_guide2) StderrLine: {'line': b'   35 |         \x1b[01;35m\x1b[Kdelete ioInter\x1b[m\x1b[K;\n'}
[4.115117] (unitree_guide2) StderrLine: {'line': b'      |         \x1b[01;35m\x1b[K^~~~~~~~~~~~~~\x1b[m\x1b[K\n'}
[4.116372] (-) TimerEvent: {}
[4.120143] (unitree_guide2) StderrLine: {'line': b'In file included from \x1b[01m\x1b[K/home/nebbackwards/WPI/Classes/RBE521/Final/ros_workspace/src/RBE521/unitree_guide2/include/FSM/FSM.h:19\x1b[m\x1b[K:\n'}
[4.120673] (unitree_guide2) StderrLine: {'line': b'\x1b[01m\x1b[K/home/nebbackwards/WPI/Classes/RBE521/Final/ros_workspace/src/RBE521/unitree_guide2/include/FSM/State_move_gait.h:\x1b[m\x1b[K At global scope:\n'}
[4.120878] (unitree_guide2) StderrLine: {'line': b'\x1b[01m\x1b[K/home/nebbackwards/WPI/Classes/RBE521/Final/ros_workspace/src/RBE521/unitree_guide2/include/FSM/State_move_gait.h:57:38:\x1b[m\x1b[K \x1b[01;31m\x1b[Kerror: \x1b[m\x1b[K\xe2\x80\x98\x1b[01m\x1b[KSharedPtr\x1b[m\x1b[K\xe2\x80\x99 in \xe2\x80\x98\x1b[01m\x1b[Kstruct GaitCmd\x1b[m\x1b[K\xe2\x80\x99 does not name a type\n'}
[4.121070] (unitree_guide2) StderrLine: {'line': b'   57 |     void gaitCallback(const GaitCmd::\x1b[01;31m\x1b[KSharedPtr\x1b[m\x1b[K msg);\n'}
[4.121203] (unitree_guide2) StderrLine: {'line': b'      |                                      \x1b[01;31m\x1b[K^~~~~~~~~\x1b[m\x1b[K\n'}
[4.216557] (-) TimerEvent: {}
[4.316962] (-) TimerEvent: {}
[4.417421] (-) TimerEvent: {}
[4.510977] (unitree_guide2) StderrLine: {'line': b'\x1b[01m\x1b[K/home/nebbackwards/WPI/Classes/RBE521/Final/ros_workspace/src/RBE521/unitree_guide2/include/FSM/FSM.h:\x1b[m\x1b[K In member function \xe2\x80\x98\x1b[01m\x1b[Kvoid FSMStateList::\x1b[01;32m\x1b[KdeletePtr\x1b[m\x1b[K()\x1b[m\x1b[K\xe2\x80\x99:\n'}
[4.511389] (unitree_guide2) StderrLine: {'line': b'\x1b[01m\x1b[K/home/nebbackwards/WPI/Classes/RBE521/Final/ros_workspace/src/RBE521/unitree_guide2/include/FSM/FSM.h:49:9:\x1b[m\x1b[K \x1b[01;35m\x1b[Kwarning: \x1b[m\x1b[Kdeleting object of abstract class type \xe2\x80\x98\x1b[01m\x1b[KFSMState\x1b[m\x1b[K\xe2\x80\x99 which has non-virtual destructor will cause undefined behavior [\x1b[01;35m\x1b[K\x1b]8;;https://gcc.gnu.org/onlinedocs/gcc/Warning-Options.html#index-Wdelete-non-virtual-dtor\x07-Wdelete-non-virtual-dtor\x1b]8;;\x07\x1b[m\x1b[K]\n'}
[4.511668] (unitree_guide2) StderrLine: {'line': b'   49 |         \x1b[01;35m\x1b[Kdelete invalid\x1b[m\x1b[K;\n'}
[4.511864] (unitree_guide2) StderrLine: {'line': b'      |         \x1b[01;35m\x1b[K^~~~~~~~~~~~~~\x1b[m\x1b[K\n'}
[4.512043] (unitree_guide2) StderrLine: {'line': b'\x1b[01m\x1b[K/home/nebbackwards/WPI/Classes/RBE521/Final/ros_workspace/src/RBE521/unitree_guide2/include/FSM/FSM.h:50:9:\x1b[m\x1b[K \x1b[01;35m\x1b[Kwarning: \x1b[m\x1b[Kdeleting object of polymorphic class type \xe2\x80\x98\x1b[01m\x1b[KState_Passive\x1b[m\x1b[K\xe2\x80\x99 which has non-virtual destructor might cause undefined behavior [\x1b[01;35m\x1b[K\x1b]8;;https://gcc.gnu.org/onlinedocs/gcc/Warning-Options.html#index-Wdelete-non-virtual-dtor\x07-Wdelete-non-virtual-dtor\x1b]8;;\x07\x1b[m\x1b[K]\n'}
[4.512358] (unitree_guide2) StderrLine: {'line': b'   50 |         \x1b[01;35m\x1b[Kdelete passive\x1b[m\x1b[K;\n'}
[4.512525] (unitree_guide2) StderrLine: {'line': b'      |         \x1b[01;35m\x1b[K^~~~~~~~~~~~~~\x1b[m\x1b[K\n'}
[4.512690] (unitree_guide2) StderrLine: {'line': b'\x1b[01m\x1b[K/home/nebbackwards/WPI/Classes/RBE521/Final/ros_workspace/src/RBE521/unitree_guide2/include/FSM/FSM.h:51:9:\x1b[m\x1b[K \x1b[01;35m\x1b[Kwarning: \x1b[m\x1b[Kdeleting object of polymorphic class type \xe2\x80\x98\x1b[01m\x1b[KState_FixedStand\x1b[m\x1b[K\xe2\x80\x99 which has non-virtual destructor might cause undefined behavior [\x1b[01;35m\x1b[K\x1b]8;;https://gcc.gnu.org/onlinedocs/gcc/Warning-Options.html#index-Wdelete-non-virtual-dtor\x07-Wdelete-non-virtual-dtor\x1b]8;;\x07\x1b[m\x1b[K]\n'}
[4.512849] (unitree_guide2) StderrLine: {'line': b'   51 |         \x1b[01;35m\x1b[Kdelete fixedStand\x1b[m\x1b[K;\n'}
[4.512981] (unitree_guide2) StderrLine: {'line': b'      |         \x1b[01;35m\x1b[K^~~~~~~~~~~~~~~~~\x1b[m\x1b[K\n'}
[4.513114] (unitree_guide2) StderrLine: {'line': b'\x1b[01m\x1b[K/home/nebbackwards/WPI/Classes/RBE521/Final/ros_workspace/src/RBE521/unitree_guide2/include/FSM/FSM.h:52:9:\x1b[m\x1b[K \x1b[01;35m\x1b[Kwarning: \x1b[m\x1b[Kdeleting object of polymorphic class type \xe2\x80\x98\x1b[01m\x1b[KState_GaitTransition\x1b[m\x1b[K\xe2\x80\x99 which has non-virtual destructor might cause undefined behavior [\x1b[01;35m\x1b[K\x1b]8;;https://gcc.gnu.org/onlinedocs/gcc/Warning-Options.html#index-Wdelete-non-virtual-dtor\x07-Wdelete-non-virtual-dtor\x1b]8;;\x07\x1b[m\x1b[K]\n'}
[4.513251] (unitree_guide2) StderrLine: {'line': b'   52 |         \x1b[01;35m\x1b[Kdelete gaitTransition\x1b[m\x1b[K;\n'}
[4.513412] (unitree_guide2) StderrLine: {'line': b'      |         \x1b[01;35m\x1b[K^~~~~~~~~~~~~~~~~~~~~\x1b[m\x1b[K\n'}
[4.513549] (unitree_guide2) StderrLine: {'line': b'\x1b[01m\x1b[K/home/nebbackwards/WPI/Classes/RBE521/Final/ros_workspace/src/RBE521/unitree_guide2/include/FSM/FSM.h:53:9:\x1b[m\x1b[K \x1b[01;35m\x1b[Kwarning: \x1b[m\x1b[Kdeleting object of polymorphic class type \xe2\x80\x98\x1b[01m\x1b[KState_FreeStand\x1b[m\x1b[K\xe2\x80\x99 which has non-virtual destructor might cause undefined behavior [\x1b[01;35m\x1b[K\x1b]8;;https://gcc.gnu.org/onlinedocs/gcc/Warning-Options.html#index-Wdelete-non-virtual-dtor\x07-Wdelete-non-virtual-dtor\x1b]8;;\x07\x1b[m\x1b[K]\n'}
[4.513697] (unitree_guide2) StderrLine: {'line': b'   53 |         \x1b[01;35m\x1b[Kdelete freeStand\x1b[m\x1b[K;\n'}
[4.513826] (unitree_guide2) StderrLine: {'line': b'      |         \x1b[01;35m\x1b[K^~~~~~~~~~~~~~~~\x1b[m\x1b[K\n'}
[4.513956] (unitree_guide2) StderrLine: {'line': b'\x1b[01m\x1b[K/home/nebbackwards/WPI/Classes/RBE521/Final/ros_workspace/src/RBE521/unitree_guide2/include/FSM/FSM.h:54:9:\x1b[m\x1b[K \x1b[01;35m\x1b[Kwarning: \x1b[m\x1b[Kdeleting object of polymorphic class type \xe2\x80\x98\x1b[01m\x1b[KState_Trotting\x1b[m\x1b[K\xe2\x80\x99 which has non-virtual destructor might cause undefined behavior [\x1b[01;35m\x1b[K\x1b]8;;https://gcc.gnu.org/onlinedocs/gcc/Warning-Options.html#index-Wdelete-non-virtual-dtor\x07-Wdelete-non-virtual-dtor\x1b]8;;\x07\x1b[m\x1b[K]\n'}
[4.514097] (unitree_guide2) StderrLine: {'line': b'   54 |         \x1b[01;35m\x1b[Kdelete trotting\x1b[m\x1b[K;\n'}
[4.514228] (unitree_guide2) StderrLine: {'line': b'      |         \x1b[01;35m\x1b[K^~~~~~~~~~~~~~~\x1b[m\x1b[K\n'}
[4.514377] (unitree_guide2) StderrLine: {'line': b'\x1b[01m\x1b[K/home/nebbackwards/WPI/Classes/RBE521/Final/ros_workspace/src/RBE521/unitree_guide2/include/FSM/FSM.h:55:9:\x1b[m\x1b[K \x1b[01;35m\x1b[Kwarning: \x1b[m\x1b[Kdeleting object of polymorphic class type \xe2\x80\x98\x1b[01m\x1b[KState_BalanceTest\x1b[m\x1b[K\xe2\x80\x99 which has non-virtual destructor might cause undefined behavior [\x1b[01;35m\x1b[K\x1b]8;;https://gcc.gnu.org/onlinedocs/gcc/Warning-Options.html#index-Wdelete-non-virtual-dtor\x07-Wdelete-non-virtual-dtor\x1b]8;;\x07\x1b[m\x1b[K]\n'}
[4.514525] (unitree_guide2) StderrLine: {'line': b'   55 |         \x1b[01;35m\x1b[Kdelete balanceTest\x1b[m\x1b[K;\n'}
[4.514661] (unitree_guide2) StderrLine: {'line': b'      |         \x1b[01;35m\x1b[K^~~~~~~~~~~~~~~~~~\x1b[m\x1b[K\n'}
[4.514789] (unitree_guide2) StderrLine: {'line': b'\x1b[01m\x1b[K/home/nebbackwards/WPI/Classes/RBE521/Final/ros_workspace/src/RBE521/unitree_guide2/include/FSM/FSM.h:56:9:\x1b[m\x1b[K \x1b[01;35m\x1b[Kwarning: \x1b[m\x1b[Kdeleting object of polymorphic class type \xe2\x80\x98\x1b[01m\x1b[KState_SwingTest\x1b[m\x1b[K\xe2\x80\x99 which has non-virtual destructor might cause undefined behavior [\x1b[01;35m\x1b[K\x1b]8;;https://gcc.gnu.org/onlinedocs/gcc/Warning-Options.html#index-Wdelete-non-virtual-dtor\x07-Wdelete-non-virtual-dtor\x1b]8;;\x07\x1b[m\x1b[K]\n'}
[4.514927] (unitree_guide2) StderrLine: {'line': b'   56 |         \x1b[01;35m\x1b[Kdelete swingTest\x1b[m\x1b[K;\n'}
[4.515059] (unitree_guide2) StderrLine: {'line': b'      |         \x1b[01;35m\x1b[K^~~~~~~~~~~~~~~~\x1b[m\x1b[K\n'}
[4.515190] (unitree_guide2) StderrLine: {'line': b'\x1b[01m\x1b[K/home/nebbackwards/WPI/Classes/RBE521/Final/ros_workspace/src/RBE521/unitree_guide2/include/FSM/FSM.h:57:9:\x1b[m\x1b[K \x1b[01;35m\x1b[Kwarning: \x1b[m\x1b[Kdeleting object of polymorphic class type \xe2\x80\x98\x1b[01m\x1b[KState_StepTest\x1b[m\x1b[K\xe2\x80\x99 which has non-virtual destructor might cause undefined behavior [\x1b[01;35m\x1b[K\x1b]8;;https://gcc.gnu.org/onlinedocs/gcc/Warning-Options.html#index-Wdelete-non-virtual-dtor\x07-Wdelete-non-virtual-dtor\x1b]8;;\x07\x1b[m\x1b[K]\n'}
[4.515356] (unitree_guide2) StderrLine: {'line': b'   57 |         \x1b[01;35m\x1b[Kdelete stepTest\x1b[m\x1b[K;\n'}
[4.515488] (unitree_guide2) StderrLine: {'line': b'      |         \x1b[01;35m\x1b[K^~~~~~~~~~~~~~~\x1b[m\x1b[K\n'}
[4.515623] (unitree_guide2) StderrLine: {'line': b'\x1b[01m\x1b[K/home/nebbackwards/WPI/Classes/RBE521/Final/ros_workspace/src/RBE521/unitree_guide2/include/FSM/FSM.h:63:9:\x1b[m\x1b[K \x1b[01;35m\x1b[Kwarning: \x1b[m\x1b[Kdeleting object of polymorphic class type \xe2\x80\x98\x1b[01m\x1b[KState_move_base\x1b[m\x1b[K\xe2\x80\x99 which has non-virtual destructor might cause undefined behavior [\x1b[01;35m\x1b[K\x1b]8;;https://gcc.gnu.org/onlinedocs/gcc/Warning-Options.html#index-Wdelete-non-virtual-dtor\x07-Wdelete-non-virtual-dtor\x1b]8;;\x07\x1b[m\x1b[K]\n'}
[4.515796] (unitree_guide2) StderrLine: {'line': b'   63 |         \x1b[01;35m\x1b[Kdelete moveBase\x1b[m\x1b[K;\n'}
[4.515949] (unitree_guide2) StderrLine: {'line': b'      |         \x1b[01;35m\x1b[K^~~~~~~~~~~~~~~\x1b[m\x1b[K\n'}
[4.516095] (unitree_guide2) StderrLine: {'line': b'\x1b[01m\x1b[K/home/nebbackwards/WPI/Classes/RBE521/Final/ros_workspace/src/RBE521/unitree_guide2/include/FSM/FSM.h:64:9:\x1b[m\x1b[K \x1b[01;35m\x1b[Kwarning: \x1b[m\x1b[Kdeleting object of polymorphic class type \xe2\x80\x98\x1b[01m\x1b[KState_move_gait\x1b[m\x1b[K\xe2\x80\x99 which has non-virtual destructor might cause undefined behavior [\x1b[01;35m\x1b[K\x1b]8;;https://gcc.gnu.org/onlinedocs/gcc/Warning-Options.html#index-Wdelete-non-virtual-dtor\x07-Wdelete-non-virtual-dtor\x1b]8;;\x07\x1b[m\x1b[K]\n'}
[4.516233] (unitree_guide2) StderrLine: {'line': b'   64 |         \x1b[01;35m\x1b[Kdelete moveGait\x1b[m\x1b[K;\n'}
[4.516378] (unitree_guide2) StderrLine: {'line': b'      |         \x1b[01;35m\x1b[K^~~~~~~~~~~~~~~\x1b[m\x1b[K\n'}
[4.517517] (-) TimerEvent: {}
[4.522033] (unitree_guide2) StderrLine: {'line': b'\x1b[01m\x1b[K/home/nebbackwards/WPI/Classes/RBE521/Final/ros_workspace/src/RBE521/unitree_guide2/include/FSM/FSM.h:\x1b[m\x1b[K In member function \xe2\x80\x98\x1b[01m\x1b[Kvoid FSMStateList::\x1b[01;32m\x1b[KdeletePtr\x1b[m\x1b[K()\x1b[m\x1b[K\xe2\x80\x99:\n'}
[4.522699] (unitree_guide2) StderrLine: {'line': b'\x1b[01m\x1b[K/home/nebbackwards/WPI/Classes/RBE521/Final/ros_workspace/src/RBE521/unitree_guide2/include/FSM/FSM.h:49:9:\x1b[m\x1b[K \x1b[01;35m\x1b[Kwarning: \x1b[m\x1b[Kdeleting object of abstract class type \xe2\x80\x98\x1b[01m\x1b[KFSMState\x1b[m\x1b[K\xe2\x80\x99 which has non-virtual destructor will cause undefined behavior [\x1b[01;35m\x1b[K\x1b]8;;https://gcc.gnu.org/onlinedocs/gcc/Warning-Options.html#index-Wdelete-non-virtual-dtor\x07-Wdelete-non-virtual-dtor\x1b]8;;\x07\x1b[m\x1b[K]\n'}
[4.522999] (unitree_guide2) StderrLine: {'line': b'   49 |         \x1b[01;35m\x1b[Kdelete invalid\x1b[m\x1b[K;\n'}
[4.523189] (unitree_guide2) StderrLine: {'line': b'      |         \x1b[01;35m\x1b[K^~~~~~~~~~~~~~\x1b[m\x1b[K\n'}
[4.523349] (unitree_guide2) StderrLine: {'line': b'\x1b[01m\x1b[K/home/nebbackwards/WPI/Classes/RBE521/Final/ros_workspace/src/RBE521/unitree_guide2/include/FSM/FSM.h:50:9:\x1b[m\x1b[K \x1b[01;35m\x1b[Kwarning: \x1b[m\x1b[Kdeleting object of polymorphic class type \xe2\x80\x98\x1b[01m\x1b[KState_Passive\x1b[m\x1b[K\xe2\x80\x99 which has non-virtual destructor might cause undefined behavior [\x1b[01;35m\x1b[K\x1b]8;;https://gcc.gnu.org/onlinedocs/gcc/Warning-Options.html#index-Wdelete-non-virtual-dtor\x07-Wdelete-non-virtual-dtor\x1b]8;;\x07\x1b[m\x1b[K]\n'}
[4.523520] (unitree_guide2) StderrLine: {'line': b'   50 |         \x1b[01;35m\x1b[Kdelete passive\x1b[m\x1b[K;\n'}
[4.523662] (unitree_guide2) StderrLine: {'line': b'      |         \x1b[01;35m\x1b[K^~~~~~~~~~~~~~\x1b[m\x1b[K\n'}
[4.523796] (unitree_guide2) StderrLine: {'line': b'\x1b[01m\x1b[K/home/nebbackwards/WPI/Classes/RBE521/Final/ros_workspace/src/RBE521/unitree_guide2/include/FSM/FSM.h:51:9:\x1b[m\x1b[K \x1b[01;35m\x1b[Kwarning: \x1b[m\x1b[Kdeleting object of polymorphic class type \xe2\x80\x98\x1b[01m\x1b[KState_FixedStand\x1b[m\x1b[K\xe2\x80\x99 which has non-virtual destructor might cause undefined behavior [\x1b[01;35m\x1b[K\x1b]8;;https://gcc.gnu.org/onlinedocs/gcc/Warning-Options.html#index-Wdelete-non-virtual-dtor\x07-Wdelete-non-virtual-dtor\x1b]8;;\x07\x1b[m\x1b[K]\n'}
[4.523940] (unitree_guide2) StderrLine: {'line': b'   51 |         \x1b[01;35m\x1b[Kdelete fixedStand\x1b[m\x1b[K;\n'}
[4.524078] (unitree_guide2) StderrLine: {'line': b'      |         \x1b[01;35m\x1b[K^~~~~~~~~~~~~~~~~\x1b[m\x1b[K\n'}
[4.524219] (unitree_guide2) StderrLine: {'line': b'\x1b[01m\x1b[K/home/nebbackwards/WPI/Classes/RBE521/Final/ros_workspace/src/RBE521/unitree_guide2/include/FSM/FSM.h:52:9:\x1b[m\x1b[K \x1b[01;35m\x1b[Kwarning: \x1b[m\x1b[Kdeleting object of polymorphic class type \xe2\x80\x98\x1b[01m\x1b[KState_GaitTransition\x1b[m\x1b[K\xe2\x80\x99 which has non-virtual destructor might cause undefined behavior [\x1b[01;35m\x1b[K\x1b]8;;https://gcc.gnu.org/onlinedocs/gcc/Warning-Options.html#index-Wdelete-non-virtual-dtor\x07-Wdelete-non-virtual-dtor\x1b]8;;\x07\x1b[m\x1b[K]\n'}
[4.524585] (unitree_guide2) StderrLine: {'line': b'   52 |         \x1b[01;35m\x1b[Kdelete gaitTransition\x1b[m\x1b[K;\n'}
[4.524826] (unitree_guide2) StderrLine: {'line': b'      |         \x1b[01;35m\x1b[K^~~~~~~~~~~~~~~~~~~~~\x1b[m\x1b[K\n'}
[4.525027] (unitree_guide2) StderrLine: {'line': b'\x1b[01m\x1b[K/home/nebbackwards/WPI/Classes/RBE521/Final/ros_workspace/src/RBE521/unitree_guide2/include/FSM/FSM.h:53:9:\x1b[m\x1b[K \x1b[01;35m\x1b[Kwarning: \x1b[m\x1b[Kdeleting object of polymorphic class type \xe2\x80\x98\x1b[01m\x1b[KState_FreeStand\x1b[m\x1b[K\xe2\x80\x99 which has non-virtual destructor might cause undefined behavior [\x1b[01;35m\x1b[K\x1b]8;;https://gcc.gnu.org/onlinedocs/gcc/Warning-Options.html#index-Wdelete-non-virtual-dtor\x07-Wdelete-non-virtual-dtor\x1b]8;;\x07\x1b[m\x1b[K]\n'}
[4.525248] (unitree_guide2) StderrLine: {'line': b'   53 |         \x1b[01;35m\x1b[Kdelete freeStand\x1b[m\x1b[K;\n'}
[4.525544] (unitree_guide2) StderrLine: {'line': b'      |         \x1b[01;35m\x1b[K^~~~~~~~~~~~~~~~\x1b[m\x1b[K\n'}
[4.525702] (unitree_guide2) StderrLine: {'line': b'\x1b[01m\x1b[K/home/nebbackwards/WPI/Classes/RBE521/Final/ros_workspace/src/RBE521/unitree_guide2/include/FSM/FSM.h:54:9:\x1b[m\x1b[K \x1b[01;35m\x1b[Kwarning: \x1b[m\x1b[Kdeleting object of polymorphic class type \xe2\x80\x98\x1b[01m\x1b[KState_Trotting\x1b[m\x1b[K\xe2\x80\x99 which has non-virtual destructor might cause undefined behavior [\x1b[01;35m\x1b[K\x1b]8;;https://gcc.gnu.org/onlinedocs/gcc/Warning-Options.html#index-Wdelete-non-virtual-dtor\x07-Wdelete-non-virtual-dtor\x1b]8;;\x07\x1b[m\x1b[K]\n'}
[4.525849] (unitree_guide2) StderrLine: {'line': b'   54 |         \x1b[01;35m\x1b[Kdelete trotting\x1b[m\x1b[K;\n'}
[4.525955] (unitree_guide2) StderrLine: {'line': b'      |         \x1b[01;35m\x1b[K^~~~~~~~~~~~~~~\x1b[m\x1b[K\n'}
[4.526059] (unitree_guide2) StderrLine: {'line': b'\x1b[01m\x1b[K/home/nebbackwards/WPI/Classes/RBE521/Final/ros_workspace/src/RBE521/unitree_guide2/include/FSM/FSM.h:55:9:\x1b[m\x1b[K \x1b[01;35m\x1b[Kwarning: \x1b[m\x1b[Kdeleting object of polymorphic class type \xe2\x80\x98\x1b[01m\x1b[KState_BalanceTest\x1b[m\x1b[K\xe2\x80\x99 which has non-virtual destructor might cause undefined behavior [\x1b[01;35m\x1b[K\x1b]8;;https://gcc.gnu.org/onlinedocs/gcc/Warning-Options.html#index-Wdelete-non-virtual-dtor\x07-Wdelete-non-virtual-dtor\x1b]8;;\x07\x1b[m\x1b[K]\n'}
[4.526163] (unitree_guide2) StderrLine: {'line': b'   55 |         \x1b[01;35m\x1b[Kdelete balanceTest\x1b[m\x1b[K;\n'}
[4.526262] (unitree_guide2) StderrLine: {'line': b'      |         \x1b[01;35m\x1b[K^~~~~~~~~~~~~~~~~~\x1b[m\x1b[K\n'}
[4.526599] (unitree_guide2) StderrLine: {'line': b'\x1b[01m\x1b[K/home/nebbackwards/WPI/Classes/RBE521/Final/ros_workspace/src/RBE521/unitree_guide2/include/FSM/FSM.h:56:9:\x1b[m\x1b[K \x1b[01;35m\x1b[Kwarning: \x1b[m\x1b[Kdeleting object of polymorphic class type \xe2\x80\x98\x1b[01m\x1b[KState_SwingTest\x1b[m\x1b[K\xe2\x80\x99 which has non-virtual destructor might cause undefined behavior [\x1b[01;35m\x1b[K\x1b]8;;https://gcc.gnu.org/onlinedocs/gcc/Warning-Options.html#index-Wdelete-non-virtual-dtor\x07-Wdelete-non-virtual-dtor\x1b]8;;\x07\x1b[m\x1b[K]\n'}
[4.526859] (unitree_guide2) StderrLine: {'line': b'   56 |         \x1b[01;35m\x1b[Kdelete swingTest\x1b[m\x1b[K;\n'}
[4.526952] (unitree_guide2) StderrLine: {'line': b'      |         \x1b[01;35m\x1b[K^~~~~~~~~~~~~~~~\x1b[m\x1b[K\n'}
[4.527036] (unitree_guide2) StderrLine: {'line': b'\x1b[01m\x1b[K/home/nebbackwards/WPI/Classes/RBE521/Final/ros_workspace/src/RBE521/unitree_guide2/include/FSM/FSM.h:57:9:\x1b[m\x1b[K \x1b[01;35m\x1b[Kwarning: \x1b[m\x1b[Kdeleting object of polymorphic class type \xe2\x80\x98\x1b[01m\x1b[KState_StepTest\x1b[m\x1b[K\xe2\x80\x99 which has non-virtual destructor might cause undefined behavior [\x1b[01;35m\x1b[K\x1b]8;;https://gcc.gnu.org/onlinedocs/gcc/Warning-Options.html#index-Wdelete-non-virtual-dtor\x07-Wdelete-non-virtual-dtor\x1b]8;;\x07\x1b[m\x1b[K]\n'}
[4.527165] (unitree_guide2) StderrLine: {'line': b'   57 |         \x1b[01;35m\x1b[Kdelete stepTest\x1b[m\x1b[K;\n'}
[4.527252] (unitree_guide2) StderrLine: {'line': b'      |         \x1b[01;35m\x1b[K^~~~~~~~~~~~~~~\x1b[m\x1b[K\n'}
[4.527355] (unitree_guide2) StderrLine: {'line': b'\x1b[01m\x1b[K/home/nebbackwards/WPI/Classes/RBE521/Final/ros_workspace/src/RBE521/unitree_guide2/include/FSM/FSM.h:63:9:\x1b[m\x1b[K \x1b[01;35m\x1b[Kwarning: \x1b[m\x1b[Kdeleting object of polymorphic class type \xe2\x80\x98\x1b[01m\x1b[KState_move_base\x1b[m\x1b[K\xe2\x80\x99 which has non-virtual destructor might cause undefined behavior [\x1b[01;35m\x1b[K\x1b]8;;https://gcc.gnu.org/onlinedocs/gcc/Warning-Options.html#index-Wdelete-non-virtual-dtor\x07-Wdelete-non-virtual-dtor\x1b]8;;\x07\x1b[m\x1b[K]\n'}
[4.527442] (unitree_guide2) StderrLine: {'line': b'   63 |         \x1b[01;35m\x1b[Kdelete moveBase\x1b[m\x1b[K;\n'}
[4.527524] (unitree_guide2) StderrLine: {'line': b'      |         \x1b[01;35m\x1b[K^~~~~~~~~~~~~~~\x1b[m\x1b[K\n'}
[4.527607] (unitree_guide2) StderrLine: {'line': b'\x1b[01m\x1b[K/home/nebbackwards/WPI/Classes/RBE521/Final/ros_workspace/src/RBE521/unitree_guide2/include/FSM/FSM.h:64:9:\x1b[m\x1b[K \x1b[01;35m\x1b[Kwarning: \x1b[m\x1b[Kdeleting object of polymorphic class type \xe2\x80\x98\x1b[01m\x1b[KState_move_gait\x1b[m\x1b[K\xe2\x80\x99 which has non-virtual destructor might cause undefined behavior [\x1b[01;35m\x1b[K\x1b]8;;https://gcc.gnu.org/onlinedocs/gcc/Warning-Options.html#index-Wdelete-non-virtual-dtor\x07-Wdelete-non-virtual-dtor\x1b]8;;\x07\x1b[m\x1b[K]\n'}
[4.527690] (unitree_guide2) StderrLine: {'line': b'   64 |         \x1b[01;35m\x1b[Kdelete moveGait\x1b[m\x1b[K;\n'}
[4.527771] (unitree_guide2) StderrLine: {'line': b'      |         \x1b[01;35m\x1b[K^~~~~~~~~~~~~~~\x1b[m\x1b[K\n'}
[4.543359] (unitree_guide2) StderrLine: {'line': b'\x1b[01m\x1b[K/home/nebbackwards/WPI/Classes/RBE521/Final/ros_workspace/src/RBE521/unitree_guide2/src/FSM/State_move_gait.cpp:93:51:\x1b[m\x1b[K \x1b[01;31m\x1b[Kerror: \x1b[m\x1b[K\xe2\x80\x98\x1b[01m\x1b[KSharedPtr\x1b[m\x1b[K\xe2\x80\x99 in \xe2\x80\x98\x1b[01m\x1b[Kstruct GaitCmd\x1b[m\x1b[K\xe2\x80\x99 does not name a type\n'}
[4.543661] (unitree_guide2) StderrLine: {'line': b'   93 | void State_move_gait::gaitCallback(const GaitCmd::\x1b[01;31m\x1b[KSharedPtr\x1b[m\x1b[K msg){\n'}
[4.543891] (unitree_guide2) StderrLine: {'line': b'      |                                                   \x1b[01;31m\x1b[K^~~~~~~~~\x1b[m\x1b[K\n'}
[4.544085] (unitree_guide2) StderrLine: {'line': b'\x1b[01m\x1b[K/home/nebbackwards/WPI/Classes/RBE521/Final/ros_workspace/src/RBE521/unitree_guide2/src/FSM/State_move_gait.cpp:\x1b[m\x1b[K In member function \xe2\x80\x98\x1b[01m\x1b[Kvoid State_move_gait::\x1b[01;32m\x1b[KgaitCallback\x1b[m\x1b[K(int)\x1b[m\x1b[K\xe2\x80\x99:\n'}
[4.544285] (unitree_guide2) StderrLine: {'line': b'\x1b[01m\x1b[K/home/nebbackwards/WPI/Classes/RBE521/Final/ros_workspace/src/RBE521/unitree_guide2/src/FSM/State_move_gait.cpp:94:16:\x1b[m\x1b[K \x1b[01;31m\x1b[Kerror: \x1b[m\x1b[Krequest for member \xe2\x80\x98\x1b[01m\x1b[Kbeta\x1b[m\x1b[K\xe2\x80\x99 in \xe2\x80\x98\x1b[01m\x1b[Kmsg\x1b[m\x1b[K\xe2\x80\x99, which is of non-class type \xe2\x80\x98\x1b[01m\x1b[Kconst int\x1b[m\x1b[K\xe2\x80\x99\n'}
[4.544535] (unitree_guide2) StderrLine: {'line': b'   94 |     _beta= msg.\x1b[01;31m\x1b[Kbeta\x1b[m\x1b[K;\n'}
[4.544724] (unitree_guide2) StderrLine: {'line': b'      |                \x1b[01;31m\x1b[K^~~~\x1b[m\x1b[K\n'}
[4.544830] (unitree_guide2) StderrLine: {'line': b'\x1b[01m\x1b[K/home/nebbackwards/WPI/Classes/RBE521/Final/ros_workspace/src/RBE521/unitree_guide2/src/FSM/State_move_gait.cpp:95:19:\x1b[m\x1b[K \x1b[01;31m\x1b[Kerror: \x1b[m\x1b[Krequest for member \xe2\x80\x98\x1b[01m\x1b[Kperiod\x1b[m\x1b[K\xe2\x80\x99 in \xe2\x80\x98\x1b[01m\x1b[Kmsg\x1b[m\x1b[K\xe2\x80\x99, which is of non-class type \xe2\x80\x98\x1b[01m\x1b[Kconst int\x1b[m\x1b[K\xe2\x80\x99\n'}
[4.544951] (unitree_guide2) StderrLine: {'line': b'   95 |     _period = msg.\x1b[01;31m\x1b[Kperiod\x1b[m\x1b[K;\n'}
[4.545041] (unitree_guide2) StderrLine: {'line': b'      |                   \x1b[01;31m\x1b[K^~~~~~\x1b[m\x1b[K\n'}
[4.545123] (unitree_guide2) StderrLine: {'line': b'\x1b[01m\x1b[K/home/nebbackwards/WPI/Classes/RBE521/Final/ros_workspace/src/RBE521/unitree_guide2/src/FSM/State_move_gait.cpp:96:33:\x1b[m\x1b[K \x1b[01;31m\x1b[Kerror: \x1b[m\x1b[Krequest for member \xe2\x80\x98\x1b[01m\x1b[Kb\x1b[m\x1b[K\xe2\x80\x99 in \xe2\x80\x98\x1b[01m\x1b[Kmsg\x1b[m\x1b[K\xe2\x80\x99, which is of non-class type \xe2\x80\x98\x1b[01m\x1b[Kconst int\x1b[m\x1b[K\xe2\x80\x99\n'}
[4.545214] (unitree_guide2) StderrLine: {'line': b'   96 |     _bias = Vec4([msg.b.l1, msg.\x1b[01;31m\x1b[Kb\x1b[m\x1b[K.l2, msg.b.l3, msg.b.l4]);\n'}
[4.545312] (unitree_guide2) StderrLine: {'line': b'      |                                 \x1b[01;31m\x1b[K^\x1b[m\x1b[K\n'}
[4.545403] (unitree_guide2) StderrLine: {'line': b'\x1b[01m\x1b[K/home/nebbackwards/WPI/Classes/RBE521/Final/ros_workspace/src/RBE521/unitree_guide2/src/FSM/State_move_gait.cpp:96:43:\x1b[m\x1b[K \x1b[01;31m\x1b[Kerror: \x1b[m\x1b[Krequest for member \xe2\x80\x98\x1b[01m\x1b[Kb\x1b[m\x1b[K\xe2\x80\x99 in \xe2\x80\x98\x1b[01m\x1b[Kmsg\x1b[m\x1b[K\xe2\x80\x99, which is of non-class type \xe2\x80\x98\x1b[01m\x1b[Kconst int\x1b[m\x1b[K\xe2\x80\x99\n'}
[4.545491] (unitree_guide2) StderrLine: {'line': b'   96 |     _bias = Vec4([msg.b.l1, msg.b.l2, msg.\x1b[01;31m\x1b[Kb\x1b[m\x1b[K.l3, msg.b.l4]);\n'}
[4.545577] (unitree_guide2) StderrLine: {'line': b'      |                                           \x1b[01;31m\x1b[K^\x1b[m\x1b[K\n'}
[4.545671] (unitree_guide2) StderrLine: {'line': b'\x1b[01m\x1b[K/home/nebbackwards/WPI/Classes/RBE521/Final/ros_workspace/src/RBE521/unitree_guide2/src/FSM/State_move_gait.cpp:96:53:\x1b[m\x1b[K \x1b[01;31m\x1b[Kerror: \x1b[m\x1b[Krequest for member \xe2\x80\x98\x1b[01m\x1b[Kb\x1b[m\x1b[K\xe2\x80\x99 in \xe2\x80\x98\x1b[01m\x1b[Kmsg\x1b[m\x1b[K\xe2\x80\x99, which is of non-class type \xe2\x80\x98\x1b[01m\x1b[Kconst int\x1b[m\x1b[K\xe2\x80\x99\n'}
[4.545772] (unitree_guide2) StderrLine: {'line': b'   96 |     _bias = Vec4([msg.b.l1, msg.b.l2, msg.b.l3, msg.\x1b[01;31m\x1b[Kb\x1b[m\x1b[K.l4]);\n'}
[4.545868] (unitree_guide2) StderrLine: {'line': b'      |                                                     \x1b[01;31m\x1b[K^\x1b[m\x1b[K\n'}
[4.545969] (unitree_guide2) StderrLine: {'line': b'\x1b[01m\x1b[K/home/nebbackwards/WPI/Classes/RBE521/Final/ros_workspace/src/RBE521/unitree_guide2/src/FSM/State_move_gait.cpp:96:17:\x1b[m\x1b[K \x1b[01;31m\x1b[Kerror: \x1b[m\x1b[Kexpected primary-expression before \xe2\x80\x98\x1b[01m\x1b[K(\x1b[m\x1b[K\xe2\x80\x99 token\n'}
[4.546068] (unitree_guide2) StderrLine: {'line': b'   96 |     _bias = Vec4\x1b[01;31m\x1b[K(\x1b[m\x1b[K[msg.b.l1, msg.b.l2, msg.b.l3, msg.b.l4]);\n'}
[4.546159] (unitree_guide2) StderrLine: {'line': b'      |                 \x1b[01;31m\x1b[K^\x1b[m\x1b[K\n'}
[4.546248] (unitree_guide2) StderrLine: {'line': b'\x1b[01m\x1b[K/home/nebbackwards/WPI/Classes/RBE521/Final/ros_workspace/src/RBE521/unitree_guide2/src/FSM/State_move_gait.cpp:96:22:\x1b[m\x1b[K \x1b[01;31m\x1b[Kerror: \x1b[m\x1b[Kexpected \xe2\x80\x98\x1b[01m\x1b[K,\x1b[m\x1b[K\xe2\x80\x99 before \xe2\x80\x98\x1b[01m\x1b[K.\x1b[m\x1b[K\xe2\x80\x99 token\n'}
[4.546357] (unitree_guide2) StderrLine: {'line': b'   96 |     _bias = Vec4([msg\x1b[01;31m\x1b[K.\x1b[m\x1b[Kb.l1, msg.b.l2, msg.b.l3, msg.b.l4]);\n'}
[4.546453] (unitree_guide2) StderrLine: {'line': b'      |                      \x1b[01;31m\x1b[K^\x1b[m\x1b[K\n'}
[4.546578] (unitree_guide2) StderrLine: {'line': b'      |                      \x1b[32m\x1b[K,\x1b[m\x1b[K\n'}
[4.546667] (unitree_guide2) StderrLine: {'line': b'\x1b[01m\x1b[K/home/nebbackwards/WPI/Classes/RBE521/Final/ros_workspace/src/RBE521/unitree_guide2/src/FSM/State_move_gait.cpp:96:22:\x1b[m\x1b[K \x1b[01;31m\x1b[Kerror: \x1b[m\x1b[Kexpected identifier before \xe2\x80\x98\x1b[01m\x1b[K.\x1b[m\x1b[K\xe2\x80\x99 token\n'}
[4.546793] (unitree_guide2) StderrLine: {'line': b'\x1b[01m\x1b[K/home/nebbackwards/WPI/Classes/RBE521/Final/ros_workspace/src/RBE521/unitree_guide2/src/FSM/State_move_gait.cpp:96:27:\x1b[m\x1b[K \x1b[01;31m\x1b[Kerror: \x1b[m\x1b[Kexpected \xe2\x80\x98\x1b[01m\x1b[K]\x1b[m\x1b[K\xe2\x80\x99 before \xe2\x80\x98\x1b[01m\x1b[K,\x1b[m\x1b[K\xe2\x80\x99 token\n'}
[4.546888] (unitree_guide2) StderrLine: {'line': b'   96 |     _bias = Vec4([msg.b.l1\x1b[01;31m\x1b[K,\x1b[m\x1b[K msg.b.l2, msg.b.l3, msg.b.l4]);\n'}
[4.546983] (unitree_guide2) StderrLine: {'line': b'      |                           \x1b[01;31m\x1b[K^\x1b[m\x1b[K\n'}
[4.547075] (unitree_guide2) StderrLine: {'line': b'      |                           \x1b[32m\x1b[K]\x1b[m\x1b[K\n'}
[4.547163] (unitree_guide2) StderrLine: {'line': b'\x1b[01m\x1b[K/home/nebbackwards/WPI/Classes/RBE521/Final/ros_workspace/src/RBE521/unitree_guide2/src/FSM/State_move_gait.cpp:\x1b[m\x1b[K In lambda function:\n'}
[4.547318] (unitree_guide2) StderrLine: {'line': b'\x1b[01m\x1b[K/home/nebbackwards/WPI/Classes/RBE521/Final/ros_workspace/src/RBE521/unitree_guide2/src/FSM/State_move_gait.cpp:96:27:\x1b[m\x1b[K \x1b[01;31m\x1b[Kerror: \x1b[m\x1b[Kexpected \xe2\x80\x98\x1b[01m\x1b[K{\x1b[m\x1b[K\xe2\x80\x99 before \xe2\x80\x98\x1b[01m\x1b[K,\x1b[m\x1b[K\xe2\x80\x99 token\n'}
[4.547428] (unitree_guide2) StderrLine: {'line': b'\x1b[01m\x1b[K/home/nebbackwards/WPI/Classes/RBE521/Final/ros_workspace/src/RBE521/unitree_guide2/src/FSM/State_move_gait.cpp:\x1b[m\x1b[K In member function \xe2\x80\x98\x1b[01m\x1b[Kvoid State_move_gait::\x1b[01;32m\x1b[KgaitCallback\x1b[m\x1b[K(int)\x1b[m\x1b[K\xe2\x80\x99:\n'}
[4.547521] (unitree_guide2) StderrLine: {'line': b'\x1b[01m\x1b[K/home/nebbackwards/WPI/Classes/RBE521/Final/ros_workspace/src/RBE521/unitree_guide2/src/FSM/State_move_gait.cpp:96:33:\x1b[m\x1b[K \x1b[01;31m\x1b[Kerror: \x1b[m\x1b[Krequest for member \xe2\x80\x98\x1b[01m\x1b[Kb\x1b[m\x1b[K\xe2\x80\x99 in \xe2\x80\x98\x1b[01m\x1b[Kmsg\x1b[m\x1b[K\xe2\x80\x99, which is of non-class type \xe2\x80\x98\x1b[01m\x1b[Kconst int\x1b[m\x1b[K\xe2\x80\x99\n'}
[4.547634] (unitree_guide2) StderrLine: {'line': b'   96 |     _bias = Vec4([msg.b.l1, msg.\x1b[01;31m\x1b[Kb\x1b[m\x1b[K.l2, msg.b.l3, msg.b.l4]);\n'}
[4.547734] (unitree_guide2) StderrLine: {'line': b'      |                                 \x1b[01;31m\x1b[K^\x1b[m\x1b[K\n'}
[4.547832] (unitree_guide2) StderrLine: {'line': b'\x1b[01m\x1b[K/home/nebbackwards/WPI/Classes/RBE521/Final/ros_workspace/src/RBE521/unitree_guide2/src/FSM/State_move_gait.cpp:96:43:\x1b[m\x1b[K \x1b[01;31m\x1b[Kerror: \x1b[m\x1b[Krequest for member \xe2\x80\x98\x1b[01m\x1b[Kb\x1b[m\x1b[K\xe2\x80\x99 in \xe2\x80\x98\x1b[01m\x1b[Kmsg\x1b[m\x1b[K\xe2\x80\x99, which is of non-class type \xe2\x80\x98\x1b[01m\x1b[Kconst int\x1b[m\x1b[K\xe2\x80\x99\n'}
[4.547937] (unitree_guide2) StderrLine: {'line': b'   96 |     _bias = Vec4([msg.b.l1, msg.b.l2, msg.\x1b[01;31m\x1b[Kb\x1b[m\x1b[K.l3, msg.b.l4]);\n'}
[4.548029] (unitree_guide2) StderrLine: {'line': b'      |                                           \x1b[01;31m\x1b[K^\x1b[m\x1b[K\n'}
[4.548124] (unitree_guide2) StderrLine: {'line': b'\x1b[01m\x1b[K/home/nebbackwards/WPI/Classes/RBE521/Final/ros_workspace/src/RBE521/unitree_guide2/src/FSM/State_move_gait.cpp:96:53:\x1b[m\x1b[K \x1b[01;31m\x1b[Kerror: \x1b[m\x1b[Krequest for member \xe2\x80\x98\x1b[01m\x1b[Kb\x1b[m\x1b[K\xe2\x80\x99 in \xe2\x80\x98\x1b[01m\x1b[Kmsg\x1b[m\x1b[K\xe2\x80\x99, which is of non-class type \xe2\x80\x98\x1b[01m\x1b[Kconst int\x1b[m\x1b[K\xe2\x80\x99\n'}
[4.548216] (unitree_guide2) StderrLine: {'line': b'   96 |     _bias = Vec4([msg.b.l1, msg.b.l2, msg.b.l3, msg.\x1b[01;31m\x1b[Kb\x1b[m\x1b[K.l4]);\n'}
[4.548317] (unitree_guide2) StderrLine: {'line': b'      |                                                     \x1b[01;31m\x1b[K^\x1b[m\x1b[K\n'}
[4.566565] (unitree_guide2) StderrLine: {'line': b'\x1b[01m\x1b[K/home/nebbackwards/WPI/Classes/RBE521/Final/ros_workspace/src/RBE521/unitree_guide2/include/FSM/FSM.h:\x1b[m\x1b[K In member function \xe2\x80\x98\x1b[01m\x1b[Kvoid FSMStateList::\x1b[01;32m\x1b[KdeletePtr\x1b[m\x1b[K()\x1b[m\x1b[K\xe2\x80\x99:\n'}
[4.567338] (unitree_guide2) StderrLine: {'line': b'\x1b[01m\x1b[K/home/nebbackwards/WPI/Classes/RBE521/Final/ros_workspace/src/RBE521/unitree_guide2/include/FSM/FSM.h:49:9:\x1b[m\x1b[K \x1b[01;35m\x1b[Kwarning: \x1b[m\x1b[Kdeleting object of abstract class type \xe2\x80\x98\x1b[01m\x1b[KFSMState\x1b[m\x1b[K\xe2\x80\x99 which has non-virtual destructor will cause undefined behavior [\x1b[01;35m\x1b[K\x1b]8;;https://gcc.gnu.org/onlinedocs/gcc/Warning-Options.html#index-Wdelete-non-virtual-dtor\x07-Wdelete-non-virtual-dtor\x1b]8;;\x07\x1b[m\x1b[K]\n'}
[4.567552] (unitree_guide2) StderrLine: {'line': b'   49 |         \x1b[01;35m\x1b[Kdelete invalid\x1b[m\x1b[K;\n'}
[4.567648] (unitree_guide2) StderrLine: {'line': b'      |         \x1b[01;35m\x1b[K^~~~~~~~~~~~~~\x1b[m\x1b[K\n'}
[4.567734] (unitree_guide2) StderrLine: {'line': b'\x1b[01m\x1b[K/home/nebbackwards/WPI/Classes/RBE521/Final/ros_workspace/src/RBE521/unitree_guide2/include/FSM/FSM.h:50:9:\x1b[m\x1b[K \x1b[01;35m\x1b[Kwarning: \x1b[m\x1b[Kdeleting object of polymorphic class type \xe2\x80\x98\x1b[01m\x1b[KState_Passive\x1b[m\x1b[K\xe2\x80\x99 which has non-virtual destructor might cause undefined behavior [\x1b[01;35m\x1b[K\x1b]8;;https://gcc.gnu.org/onlinedocs/gcc/Warning-Options.html#index-Wdelete-non-virtual-dtor\x07-Wdelete-non-virtual-dtor\x1b]8;;\x07\x1b[m\x1b[K]\n'}
[4.567822] (unitree_guide2) StderrLine: {'line': b'   50 |         \x1b[01;35m\x1b[Kdelete passive\x1b[m\x1b[K;\n'}
[4.567906] (unitree_guide2) StderrLine: {'line': b'      |         \x1b[01;35m\x1b[K^~~~~~~~~~~~~~\x1b[m\x1b[K\n'}
[4.567987] (unitree_guide2) StderrLine: {'line': b'\x1b[01m\x1b[K/home/nebbackwards/WPI/Classes/RBE521/Final/ros_workspace/src/RBE521/unitree_guide2/include/FSM/FSM.h:51:9:\x1b[m\x1b[K \x1b[01;35m\x1b[Kwarning: \x1b[m\x1b[Kdeleting object of polymorphic class type \xe2\x80\x98\x1b[01m\x1b[KState_FixedStand\x1b[m\x1b[K\xe2\x80\x99 which has non-virtual destructor might cause undefined behavior [\x1b[01;35m\x1b[K\x1b]8;;https://gcc.gnu.org/onlinedocs/gcc/Warning-Options.html#index-Wdelete-non-virtual-dtor\x07-Wdelete-non-virtual-dtor\x1b]8;;\x07\x1b[m\x1b[K]\n'}
[4.568070] (unitree_guide2) StderrLine: {'line': b'   51 |         \x1b[01;35m\x1b[Kdelete fixedStand\x1b[m\x1b[K;\n'}
[4.568151] (unitree_guide2) StderrLine: {'line': b'      |         \x1b[01;35m\x1b[K^~~~~~~~~~~~~~~~~\x1b[m\x1b[K\n'}
[4.568232] (unitree_guide2) StderrLine: {'line': b'\x1b[01m\x1b[K/home/nebbackwards/WPI/Classes/RBE521/Final/ros_workspace/src/RBE521/unitree_guide2/include/FSM/FSM.h:52:9:\x1b[m\x1b[K \x1b[01;35m\x1b[Kwarning: \x1b[m\x1b[Kdeleting object of polymorphic class type \xe2\x80\x98\x1b[01m\x1b[KState_GaitTransition\x1b[m\x1b[K\xe2\x80\x99 which has non-virtual destructor might cause undefined behavior [\x1b[01;35m\x1b[K\x1b]8;;https://gcc.gnu.org/onlinedocs/gcc/Warning-Options.html#index-Wdelete-non-virtual-dtor\x07-Wdelete-non-virtual-dtor\x1b]8;;\x07\x1b[m\x1b[K]\n'}
[4.568331] (unitree_guide2) StderrLine: {'line': b'   52 |         \x1b[01;35m\x1b[Kdelete gaitTransition\x1b[m\x1b[K;\n'}
[4.568412] (unitree_guide2) StderrLine: {'line': b'      |         \x1b[01;35m\x1b[K^~~~~~~~~~~~~~~~~~~~~\x1b[m\x1b[K\n'}
[4.568493] (unitree_guide2) StderrLine: {'line': b'\x1b[01m\x1b[K/home/nebbackwards/WPI/Classes/RBE521/Final/ros_workspace/src/RBE521/unitree_guide2/include/FSM/FSM.h:53:9:\x1b[m\x1b[K \x1b[01;35m\x1b[Kwarning: \x1b[m\x1b[Kdeleting object of polymorphic class type \xe2\x80\x98\x1b[01m\x1b[KState_FreeStand\x1b[m\x1b[K\xe2\x80\x99 which has non-virtual destructor might cause undefined behavior [\x1b[01;35m\x1b[K\x1b]8;;https://gcc.gnu.org/onlinedocs/gcc/Warning-Options.html#index-Wdelete-non-virtual-dtor\x07-Wdelete-non-virtual-dtor\x1b]8;;\x07\x1b[m\x1b[K]\n'}
[4.568578] (unitree_guide2) StderrLine: {'line': b'   53 |         \x1b[01;35m\x1b[Kdelete freeStand\x1b[m\x1b[K;\n'}
[4.568658] (unitree_guide2) StderrLine: {'line': b'      |         \x1b[01;35m\x1b[K^~~~~~~~~~~~~~~~\x1b[m\x1b[K\n'}
[4.568757] (unitree_guide2) StderrLine: {'line': b'\x1b[01m\x1b[K/home/nebbackwards/WPI/Classes/RBE521/Final/ros_workspace/src/RBE521/unitree_guide2/include/FSM/FSM.h:54:9:\x1b[m\x1b[K \x1b[01;35m\x1b[Kwarning: \x1b[m\x1b[Kdeleting object of polymorphic class type \xe2\x80\x98\x1b[01m\x1b[KState_Trotting\x1b[m\x1b[K\xe2\x80\x99 which has non-virtual destructor might cause undefined behavior [\x1b[01;35m\x1b[K\x1b]8;;https://gcc.gnu.org/onlinedocs/gcc/Warning-Options.html#index-Wdelete-non-virtual-dtor\x07-Wdelete-non-virtual-dtor\x1b]8;;\x07\x1b[m\x1b[K]\n'}
[4.568869] (unitree_guide2) StderrLine: {'line': b'   54 |         \x1b[01;35m\x1b[Kdelete trotting\x1b[m\x1b[K;\n'}
[4.568970] (unitree_guide2) StderrLine: {'line': b'      |         \x1b[01;35m\x1b[K^~~~~~~~~~~~~~~\x1b[m\x1b[K\n'}
[4.569059] (unitree_guide2) StderrLine: {'line': b'\x1b[01m\x1b[K/home/nebbackwards/WPI/Classes/RBE521/Final/ros_workspace/src/RBE521/unitree_guide2/include/FSM/FSM.h:55:9:\x1b[m\x1b[K \x1b[01;35m\x1b[Kwarning: \x1b[m\x1b[Kdeleting object of polymorphic class type \xe2\x80\x98\x1b[01m\x1b[KState_BalanceTest\x1b[m\x1b[K\xe2\x80\x99 which has non-virtual destructor might cause undefined behavior [\x1b[01;35m\x1b[K\x1b]8;;https://gcc.gnu.org/onlinedocs/gcc/Warning-Options.html#index-Wdelete-non-virtual-dtor\x07-Wdelete-non-virtual-dtor\x1b]8;;\x07\x1b[m\x1b[K]\n'}
[4.569157] (unitree_guide2) StderrLine: {'line': b'   55 |         \x1b[01;35m\x1b[Kdelete balanceTest\x1b[m\x1b[K;\n'}
[4.569253] (unitree_guide2) StderrLine: {'line': b'      |         \x1b[01;35m\x1b[K^~~~~~~~~~~~~~~~~~\x1b[m\x1b[K\n'}
[4.569367] (unitree_guide2) StderrLine: {'line': b'\x1b[01m\x1b[K/home/nebbackwards/WPI/Classes/RBE521/Final/ros_workspace/src/RBE521/unitree_guide2/include/FSM/FSM.h:56:9:\x1b[m\x1b[K \x1b[01;35m\x1b[Kwarning: \x1b[m\x1b[Kdeleting object of polymorphic class type \xe2\x80\x98\x1b[01m\x1b[KState_SwingTest\x1b[m\x1b[K\xe2\x80\x99 which has non-virtual destructor might cause undefined behavior [\x1b[01;35m\x1b[K\x1b]8;;https://gcc.gnu.org/onlinedocs/gcc/Warning-Options.html#index-Wdelete-non-virtual-dtor\x07-Wdelete-non-virtual-dtor\x1b]8;;\x07\x1b[m\x1b[K]\n'}
[4.569480] (unitree_guide2) StderrLine: {'line': b'   56 |         \x1b[01;35m\x1b[Kdelete swingTest\x1b[m\x1b[K;\n'}
[4.569579] (unitree_guide2) StderrLine: {'line': b'      |         \x1b[01;35m\x1b[K^~~~~~~~~~~~~~~~\x1b[m\x1b[K\n'}
[4.569678] (unitree_guide2) StderrLine: {'line': b'\x1b[01m\x1b[K/home/nebbackwards/WPI/Classes/RBE521/Final/ros_workspace/src/RBE521/unitree_guide2/include/FSM/FSM.h:57:9:\x1b[m\x1b[K \x1b[01;35m\x1b[Kwarning: \x1b[m\x1b[Kdeleting object of polymorphic class type \xe2\x80\x98\x1b[01m\x1b[KState_StepTest\x1b[m\x1b[K\xe2\x80\x99 which has non-virtual destructor might cause undefined behavior [\x1b[01;35m\x1b[K\x1b]8;;https://gcc.gnu.org/onlinedocs/gcc/Warning-Options.html#index-Wdelete-non-virtual-dtor\x07-Wdelete-non-virtual-dtor\x1b]8;;\x07\x1b[m\x1b[K]\n'}
[4.569780] (unitree_guide2) StderrLine: {'line': b'   57 |         \x1b[01;35m\x1b[Kdelete stepTest\x1b[m\x1b[K;\n'}
[4.569876] (unitree_guide2) StderrLine: {'line': b'      |         \x1b[01;35m\x1b[K^~~~~~~~~~~~~~~\x1b[m\x1b[K\n'}
[4.569970] (unitree_guide2) StderrLine: {'line': b'\x1b[01m\x1b[K/home/nebbackwards/WPI/Classes/RBE521/Final/ros_workspace/src/RBE521/unitree_guide2/include/FSM/FSM.h:63:9:\x1b[m\x1b[K \x1b[01;35m\x1b[Kwarning: \x1b[m\x1b[Kdeleting object of polymorphic class type \xe2\x80\x98\x1b[01m\x1b[KState_move_base\x1b[m\x1b[K\xe2\x80\x99 which has non-virtual destructor might cause undefined behavior [\x1b[01;35m\x1b[K\x1b]8;;https://gcc.gnu.org/onlinedocs/gcc/Warning-Options.html#index-Wdelete-non-virtual-dtor\x07-Wdelete-non-virtual-dtor\x1b]8;;\x07\x1b[m\x1b[K]\n'}
[4.570063] (unitree_guide2) StderrLine: {'line': b'   63 |         \x1b[01;35m\x1b[Kdelete moveBase\x1b[m\x1b[K;\n'}
[4.570154] (unitree_guide2) StderrLine: {'line': b'      |         \x1b[01;35m\x1b[K^~~~~~~~~~~~~~~\x1b[m\x1b[K\n'}
[4.570242] (unitree_guide2) StderrLine: {'line': b'\x1b[01m\x1b[K/home/nebbackwards/WPI/Classes/RBE521/Final/ros_workspace/src/RBE521/unitree_guide2/include/FSM/FSM.h:64:9:\x1b[m\x1b[K \x1b[01;35m\x1b[Kwarning: \x1b[m\x1b[Kdeleting object of polymorphic class type \xe2\x80\x98\x1b[01m\x1b[KState_move_gait\x1b[m\x1b[K\xe2\x80\x99 which has non-virtual destructor might cause undefined behavior [\x1b[01;35m\x1b[K\x1b]8;;https://gcc.gnu.org/onlinedocs/gcc/Warning-Options.html#index-Wdelete-non-virtual-dtor\x07-Wdelete-non-virtual-dtor\x1b]8;;\x07\x1b[m\x1b[K]\n'}
[4.570361] (unitree_guide2) StderrLine: {'line': b'   64 |         \x1b[01;35m\x1b[Kdelete moveGait\x1b[m\x1b[K;\n'}
[4.570461] (unitree_guide2) StderrLine: {'line': b'      |         \x1b[01;35m\x1b[K^~~~~~~~~~~~~~~\x1b[m\x1b[K\n'}
[4.617692] (-) TimerEvent: {}
[4.718124] (-) TimerEvent: {}
[4.787669] (unitree_guide2) StderrLine: {'line': b'\x1b[01m\x1b[K/home/nebbackwards/WPI/Classes/RBE521/Final/ros_workspace/src/RBE521/unitree_guide2/src/main.cpp:\x1b[m\x1b[K In function \xe2\x80\x98\x1b[01m\x1b[Kvoid\x1b[01;32m\x1b[K ShutDown\x1b[m\x1b[K(int)\x1b[m\x1b[K\xe2\x80\x99:\n'}
[4.787944] (unitree_guide2) StderrLine: {'line': b'\x1b[01m\x1b[K/home/nebbackwards/WPI/Classes/RBE521/Final/ros_workspace/src/RBE521/unitree_guide2/src/main.cpp:31:19:\x1b[m\x1b[K \x1b[01;35m\x1b[Kwarning: \x1b[m\x1b[Kunused parameter \xe2\x80\x98\x1b[01m\x1b[Ksig\x1b[m\x1b[K\xe2\x80\x99 [\x1b[01;35m\x1b[K\x1b]8;;https://gcc.gnu.org/onlinedocs/gcc/Warning-Options.html#index-Wunused-parameter\x07-Wunused-parameter\x1b]8;;\x07\x1b[m\x1b[K]\n'}
[4.788057] (unitree_guide2) StderrLine: {'line': b'   31 | void ShutDown(\x1b[01;35m\x1b[Kint sig\x1b[m\x1b[K)\n'}
[4.788153] (unitree_guide2) StderrLine: {'line': b'      |               \x1b[01;35m\x1b[K~~~~^~~\x1b[m\x1b[K\n'}
[4.818332] (-) TimerEvent: {}
[4.918766] (-) TimerEvent: {}
[5.019172] (-) TimerEvent: {}
[5.119653] (-) TimerEvent: {}
[5.220092] (-) TimerEvent: {}
[5.320546] (-) TimerEvent: {}
[5.382253] (unitree_guide2) StderrLine: {'line': b'In file included from \x1b[01m\x1b[K/opt/ros/jazzy/include/rclcpp/rclcpp/subscription_base.hpp:32\x1b[m\x1b[K,\n'}
[5.383024] (unitree_guide2) StderrLine: {'line': b'                 from \x1b[01m\x1b[K/opt/ros/jazzy/include/rclcpp/rclcpp/callback_group.hpp:29\x1b[m\x1b[K,\n'}
[5.383242] (unitree_guide2) StderrLine: {'line': b'                 from \x1b[01m\x1b[K/opt/ros/jazzy/include/rclcpp/rclcpp/any_executable.hpp:20\x1b[m\x1b[K,\n'}
[5.383463] (unitree_guide2) StderrLine: {'line': b'                 from \x1b[01m\x1b[K/opt/ros/jazzy/include/rclcpp/rclcpp/memory_strategy.hpp:25\x1b[m\x1b[K,\n'}
[5.383615] (unitree_guide2) StderrLine: {'line': b'                 from \x1b[01m\x1b[K/opt/ros/jazzy/include/rclcpp/rclcpp/memory_strategies.hpp:18\x1b[m\x1b[K,\n'}
[5.383723] (unitree_guide2) StderrLine: {'line': b'                 from \x1b[01m\x1b[K/opt/ros/jazzy/include/rclcpp/rclcpp/executor_options.hpp:22\x1b[m\x1b[K,\n'}
[5.383810] (unitree_guide2) StderrLine: {'line': b'                 from \x1b[01m\x1b[K/opt/ros/jazzy/include/rclcpp/rclcpp/executor.hpp:38\x1b[m\x1b[K,\n'}
[5.383899] (unitree_guide2) StderrLine: {'line': b'                 from \x1b[01m\x1b[K/opt/ros/jazzy/include/rclcpp/rclcpp/executors/multi_threaded_executor.hpp:25\x1b[m\x1b[K,\n'}
[5.383994] (unitree_guide2) StderrLine: {'line': b'                 from \x1b[01m\x1b[K/opt/ros/jazzy/include/rclcpp/rclcpp/executors.hpp:21\x1b[m\x1b[K,\n'}
[5.384080] (unitree_guide2) StderrLine: {'line': b'                 from \x1b[01m\x1b[K/opt/ros/jazzy/include/rclcpp/rclcpp/rclcpp.hpp:172\x1b[m\x1b[K,\n'}
[5.384165] (unitree_guide2) StderrLine: {'line': b'                 from \x1b[01m\x1b[K/home/nebbackwards/WPI/Classes/RBE521/Final/ros_workspace/src/RBE521/unitree_guide2/include/control/Estimator.h:29\x1b[m\x1b[K,\n'}
[5.384251] (unitree_guide2) StderrLine: {'line': b'                 from \x1b[01m\x1b[K/home/nebbackwards/WPI/Classes/RBE521/Final/ros_workspace/src/RBE521/unitree_guide2/include/control/CtrlComponents.h:13\x1b[m\x1b[K:\n'}
[5.384354] (unitree_guide2) StderrLine: {'line': b'/opt/ros/jazzy/include/rclcpp/rclcpp/any_subscription_callback.hpp: In instantiation of \xe2\x80\x98\x1b[01m\x1b[Krclcpp::AnySubscriptionCallback<MessageT, AllocatorT> rclcpp::AnySubscriptionCallback<MessageT, AllocatorT>::\x1b[01;32m\x1b[Kset\x1b[m\x1b[K(CallbackT) \x1b[35m\x1b[K[with CallbackT = std::_Bind<void (State_move_gait::*(State_move_gait*, std::_Placeholder<1>))(int)>; MessageT = GaitCmd; AllocatorT = std::allocator<void>]\x1b[m\x1b[K\x1b[m\x1b[K\xe2\x80\x99:\n'}
[5.384457] (unitree_guide2) StderrLine: {'line': b'\x1b[01m\x1b[K/opt/ros/jazzy/include/rclcpp/rclcpp/subscription_factory.hpp:93:32:\x1b[m\x1b[K   required from \xe2\x80\x98\x1b[01m\x1b[Krclcpp::SubscriptionFactory rclcpp::\x1b[01;32m\x1b[Kcreate_subscription_factory\x1b[m\x1b[K(CallbackT&&, const SubscriptionOptionsWithAllocator<AllocatorT>&, typename MessageMemoryStrategyT::SharedPtr, std::shared_ptr<topic_statistics::SubscriptionTopicStatistics>) \x1b[35m\x1b[K[with MessageT = GaitCmd; CallbackT = std::_Bind<void (State_move_gait::*(State_move_gait*, std::_Placeholder<1>))(int)>; AllocatorT = std::allocator<void>; SubscriptionT = Subscription<GaitCmd>; MessageMemoryStrategyT = message_memory_strategy::MessageMemoryStrategy<GaitCmd, std::allocator<void> >; typename MessageMemoryStrategyT::SharedPtr = std::shared_ptr<message_memory_strategy::MessageMemoryStrategy<GaitCmd, std::allocator<void> > >]\x1b[m\x1b[K\x1b[m\x1b[K\xe2\x80\x99\n'}
[5.384555] (unitree_guide2) StderrLine: {'line': b'\x1b[01m\x1b[K/opt/ros/jazzy/include/rclcpp/rclcpp/create_subscription.hpp:121:63:\x1b[m\x1b[K   required from \xe2\x80\x98\x1b[01m\x1b[Kstd::shared_ptr<ROSMessageT> rclcpp::detail::\x1b[01;32m\x1b[Kcreate_subscription\x1b[m\x1b[K(NodeParametersT&, NodeTopicsT&, const std::string&, const rclcpp::QoS&, CallbackT&&, const rclcpp::SubscriptionOptionsWithAllocator<AllocatorT>&, typename MessageMemoryStrategyT::SharedPtr) \x1b[35m\x1b[K[with MessageT = GaitCmd; CallbackT = std::_Bind<void (State_move_gait::*(State_move_gait*, std::_Placeholder<1>))(int)>; AllocatorT = std::allocator<void>; SubscriptionT = rclcpp::Subscription<GaitCmd>; MessageMemoryStrategyT = rclcpp::message_memory_strategy::MessageMemoryStrategy<GaitCmd, std::allocator<void> >; NodeParametersT = rclcpp::Node; NodeTopicsT = rclcpp::Node; std::string = std::__cxx11::basic_string<char>; typename MessageMemoryStrategyT::SharedPtr = std::shared_ptr<rclcpp::message_memory_strategy::MessageMemoryStrategy<GaitCmd, std::allocator<void> > >]\x1b[m\x1b[K\x1b[m\x1b[K\xe2\x80\x99\n'}
[5.384648] (unitree_guide2) StderrLine: {'line': b'\x1b[01m\x1b[K/opt/ros/jazzy/include/rclcpp/rclcpp/create_subscription.hpp:190:76:\x1b[m\x1b[K   required from \xe2\x80\x98\x1b[01m\x1b[Kstd::shared_ptr<ROSMessageT> rclcpp::\x1b[01;32m\x1b[Kcreate_subscription\x1b[m\x1b[K(NodeT&, const std::string&, const QoS&, CallbackT&&, const SubscriptionOptionsWithAllocator<AllocatorT>&, typename MessageMemoryStrategyT::SharedPtr) \x1b[35m\x1b[K[with MessageT = GaitCmd; CallbackT = std::_Bind<void (State_move_gait::*(State_move_gait*, std::_Placeholder<1>))(int)>; AllocatorT = std::allocator<void>; SubscriptionT = Subscription<GaitCmd>; MessageMemoryStrategyT = message_memory_strategy::MessageMemoryStrategy<GaitCmd, std::allocator<void> >; NodeT = Node; std::string = std::__cxx11::basic_string<char>; typename MessageMemoryStrategyT::SharedPtr = std::shared_ptr<message_memory_strategy::MessageMemoryStrategy<GaitCmd, std::allocator<void> > >]\x1b[m\x1b[K\x1b[m\x1b[K\xe2\x80\x99\n'}
[5.384734] (unitree_guide2) StderrLine: {'line': b'\x1b[01m\x1b[K/opt/ros/jazzy/include/rclcpp/rclcpp/node_impl.hpp:99:47:\x1b[m\x1b[K   required from \xe2\x80\x98\x1b[01m\x1b[Kstd::shared_ptr<ROSMessageT> rclcpp::Node::\x1b[01;32m\x1b[Kcreate_subscription\x1b[m\x1b[K(const std::string&, const rclcpp::QoS&, CallbackT&&, const rclcpp::SubscriptionOptionsWithAllocator<AllocatorT>&, typename MessageMemoryStrategyT::SharedPtr) \x1b[35m\x1b[K[with MessageT = GaitCmd; CallbackT = std::_Bind<void (State_move_gait::*(State_move_gait*, std::_Placeholder<1>))(int)>; AllocatorT = std::allocator<void>; SubscriptionT = rclcpp::Subscription<GaitCmd>; MessageMemoryStrategyT = rclcpp::message_memory_strategy::MessageMemoryStrategy<GaitCmd, std::allocator<void> >; std::string = std::__cxx11::basic_string<char>; typename MessageMemoryStrategyT::SharedPtr = std::shared_ptr<rclcpp::message_memory_strategy::MessageMemoryStrategy<GaitCmd, std::allocator<void> > >]\x1b[m\x1b[K\x1b[m\x1b[K\xe2\x80\x99\n'}
[5.384851] (unitree_guide2) StderrLine: {'line': b'\x1b[01m\x1b[K/home/nebbackwards/WPI/Classes/RBE521/Final/ros_workspace/src/RBE521/unitree_guide2/src/FSM/State_move_gait.cpp:101:49:\x1b[m\x1b[K   required from here\n'}
[5.384945] (unitree_guide2) StderrLine: {'line': b'\x1b[01m\x1b[K/opt/ros/jazzy/include/rclcpp/rclcpp/any_subscription_callback.hpp:396:23:\x1b[m\x1b[K \x1b[01;31m\x1b[Kerror: \x1b[m\x1b[Kno match for \xe2\x80\x98\x1b[01m\x1b[Koperator=\x1b[m\x1b[K\xe2\x80\x99 (operand types are \xe2\x80\x98\x1b[01m\x1b[Krclcpp::detail::AnySubscriptionCallbackHelper<GaitCmd, std::allocator<void>, false, false>::variant_type\x1b[m\x1b[K\xe2\x80\x99 {aka \xe2\x80\x98\x1b[01m\x1b[Kstd::variant<std::function<void(const GaitCmd&)>, std::function<void(const GaitCmd&, const rclcpp::MessageInfo&)>, std::function<void(const rclcpp::SerializedMessage&)>, std::function<void(const rclcpp::SerializedMessage&, const rclcpp::MessageInfo&)>, std::function<void(std::unique_ptr<GaitCmd, std::default_delete<GaitCmd> >)>, std::function<void(std::unique_ptr<GaitCmd, std::default_delete<GaitCmd> >, const rclcpp::MessageInfo&)>, std::function<void(std::unique_ptr<rclcpp::SerializedMessage, std::default_delete<rclcpp::SerializedMessage> >)>, std::function<void(std::unique_ptr<rclcpp::SerializedMessage, std::default_delete<rclcpp::SerializedMessage> >, const rclcpp::MessageInfo&)>, std::function<void(std::shared_ptr<const GaitCmd>)>, std::function<void(std::shared_ptr<const GaitCmd>, const rclcpp::MessageInfo&)>, std::function<void(std::shared_ptr<const rclcpp::SerializedMessage>)>, std::function<void(std::shared_ptr<const rclcpp::SerializedMessage>, const rclcpp::MessageInfo&)>, std::function<void(const std::shared_ptr<const GaitCmd>&)>, std::function<void(const std::shared_ptr<const GaitCmd>&, const rclcpp::MessageInfo&)>, std::function<void(const std::shared_ptr<const rclcpp::SerializedMessage>&)>, std::function<void(const std::shared_ptr<const rclcpp::SerializedMessage>&, const rclcpp::MessageInfo&)>, std::function<void(std::shared_ptr<GaitCmd>)>, std::function<void(std::shared_ptr<GaitCmd>, const rclcpp::MessageInfo&)>, std::function<void(std::shared_ptr<rclcpp::SerializedMessage>)>, std::function<void(std::shared_ptr<rclcpp::SerializedMessage>, const rclcpp::MessageInfo&)> >\x1b[m\x1b[K\xe2\x80\x99} and \xe2\x80\x98\x1b[01m\x1b[Krclcpp::detail::SubscriptionCallbackTypeHelper<GaitCmd, std::_Bind<void (State_move_gait::*(State_move_gait*, std::_Placeholder<1>))(int)>, void>::callback_type\x1b[m\x1b[K\xe2\x80\x99 {aka \xe2\x80\x98\x1b[01m\x1b[Kstd::function<void(int)>\x1b[m\x1b[K\xe2\x80\x99})\n'}
[5.385065] (unitree_guide2) StderrLine: {'line': b'  396 |     \x1b[01;31m\x1b[Kcallback_variant_ = static_cast<typename scbth::callback_type>(callback)\x1b[m\x1b[K;\n'}
[5.385156] (unitree_guide2) StderrLine: {'line': b'      |     \x1b[01;31m\x1b[K~~~~~~~~~~~~~~~~~~^~~~~~~~~~~~~~~~~~~~~~~~~~~~~~~~~~~~~~~~~~~~~~~~~~~~~~\x1b[m\x1b[K\n'}
[5.385243] (unitree_guide2) StderrLine: {'line': b'In file included from \x1b[01m\x1b[K/opt/ros/jazzy/include/rclcpp/rclcpp/client.hpp:29\x1b[m\x1b[K,\n'}
[5.385354] (unitree_guide2) StderrLine: {'line': b'                 from \x1b[01m\x1b[K/opt/ros/jazzy/include/rclcpp/rclcpp/callback_group.hpp:24\x1b[m\x1b[K:\n'}
[5.385448] (unitree_guide2) StderrLine: {'line': b'\x1b[01m\x1b[K/usr/include/c++/13/variant:1494:9:\x1b[m\x1b[K \x1b[01;36m\x1b[Knote: \x1b[m\x1b[Kcandidate: \xe2\x80\x98\x1b[01m\x1b[Ktemplate<class _Tp> std::enable_if_t<((__exactly_once<std::variant<_Types>::__accepted_type<_Tp&&, typename std::enable_if<__not_self<_Tp&&>, void>::type> > && is_constructible_v<std::variant<_Types>::__accepted_type<_Tp&&, typename std::enable_if<__not_self<_Tp&&>, void>::type>, _Tp>) && is_assignable_v<std::variant<_Types>::__accepted_type<_Tp&&, typename std::enable_if<__not_self<_Tp&&>, void>::type>&, _Tp>), std::variant<_Types>&> std::variant<_Types>::\x1b[01;32m\x1b[Koperator=\x1b[m\x1b[K(_Tp&&) \x1b[35m\x1b[K[with _Types = {std::function<void(const GaitCmd&)>, std::function<void(const GaitCmd&, const rclcpp::MessageInfo&)>, std::function<void(const rclcpp::SerializedMessage&)>, std::function<void(const rclcpp::SerializedMessage&, const rclcpp::MessageInfo&)>, std::function<void(std::unique_ptr<GaitCmd, std::default_delete<GaitCmd> >)>, std::function<void(std::unique_ptr<GaitCmd, std::default_delete<GaitCmd> >, const rclcpp::MessageInfo&)>, std::function<void(std::unique_ptr<rclcpp::SerializedMessage, std::default_delete<rclcpp::SerializedMessage> >)>, std::function<void(std::unique_ptr<rclcpp::SerializedMessage, std::default_delete<rclcpp::SerializedMessage> >, const rclcpp::MessageInfo&)>, std::function<void(std::shared_ptr<const GaitCmd>)>, std::function<void(std::shared_ptr<const GaitCmd>, const rclcpp::MessageInfo&)>, std::function<void(std::shared_ptr<const rclcpp::SerializedMessage>)>, std::function<void(std::shared_ptr<const rclcpp::SerializedMessage>, const rclcpp::MessageInfo&)>, std::function<void(const std::shared_ptr<const GaitCmd>&)>, std::function<void(const std::shared_ptr<const GaitCmd>&, const rclcpp::MessageInfo&)>, std::function<void(const std::shared_ptr<const rclcpp::SerializedMessage>&)>, std::function<void(const std::shared_ptr<const rclcpp::SerializedMessage>&, const rclcpp::MessageInfo&)>, std::function<void(std::shared_ptr<GaitCmd>)>, std::function<void(std::shared_ptr<GaitCmd>, const rclcpp::MessageInfo&)>, std::function<void(std::shared_ptr<rclcpp::SerializedMessage>)>, std::function<void(std::shared_ptr<rclcpp::SerializedMessage>, const rclcpp::MessageInfo&)>}]\x1b[m\x1b[K\x1b[m\x1b[K\xe2\x80\x99\n'}
[5.385571] (unitree_guide2) StderrLine: {'line': b' 1494 |         \x1b[01;36m\x1b[Koperator\x1b[m\x1b[K=(_Tp&& __rhs)\n'}
[5.385663] (unitree_guide2) StderrLine: {'line': b'      |         \x1b[01;36m\x1b[K^~~~~~~~\x1b[m\x1b[K\n'}
[5.385753] (unitree_guide2) StderrLine: {'line': b'\x1b[01m\x1b[K/usr/include/c++/13/variant:1494:9:\x1b[m\x1b[K \x1b[01;36m\x1b[Knote: \x1b[m\x1b[K  template argument deduction/substitution failed:\n'}
[5.385843] (unitree_guide2) StderrLine: {'line': b'/usr/include/c++/13/variant: In substitution of \xe2\x80\x98\x1b[01m\x1b[Ktemplate<class ... _Types> template<class _Tp, class> using std::variant<_Types>::__accepted_type = std::variant<_Types>::__to_type<__accepted_index<_Tp> > \x1b[35m\x1b[K[with _Tp = std::function<void(int)>&&; <template-parameter-2-2> = void; _Types = {std::function<void(const GaitCmd&)>, std::function<void(const GaitCmd&, const rclcpp::MessageInfo&)>, std::function<void(const rclcpp::SerializedMessage&)>, std::function<void(const rclcpp::SerializedMessage&, const rclcpp::MessageInfo&)>, std::function<void(std::unique_ptr<GaitCmd, std::default_delete<GaitCmd> >)>, std::function<void(std::unique_ptr<GaitCmd, std::default_delete<GaitCmd> >, const rclcpp::MessageInfo&)>, std::function<void(std::unique_ptr<rclcpp::SerializedMessage, std::default_delete<rclcpp::SerializedMessage> >)>, std::function<void(std::unique_ptr<rclcpp::SerializedMessage, std::default_delete<rclcpp::SerializedMessage> >, const rclcpp::MessageInfo&)>, std::function<void(std::shared_ptr<const GaitCmd>)>, std::function<void(std::shared_ptr<const GaitCmd>, const rclcpp::MessageInfo&)>, std::function<void(std::shared_ptr<const rclcpp::SerializedMessage>)>, std::function<void(std::shared_ptr<const rclcpp::SerializedMessage>, const rclcpp::MessageInfo&)>, std::function<void(const std::shared_ptr<const GaitCmd>&)>, std::function<void(const std::shared_ptr<const GaitCmd>&, const rclcpp::MessageInfo&)>, std::function<void(const std::shared_ptr<const rclcpp::SerializedMessage>&)>, std::function<void(const std::shared_ptr<const rclcpp::SerializedMessage>&, const rclcpp::MessageInfo&)>, std::function<void(std::shared_ptr<GaitCmd>)>, std::function<void(std::shared_ptr<GaitCmd>, const rclcpp::MessageInfo&)>, std::function<void(std::shared_ptr<rclcpp::SerializedMessage>)>, std::function<void(std::shared_ptr<rclcpp::SerializedMessage>, const rclcpp::MessageInfo&)>}]\x1b[m\x1b[K\x1b[m\x1b[K\xe2\x80\x99:\n'}
[5.385952] (unitree_guide2) StderrLine: {'line': b'\x1b[01m\x1b[K/usr/include/c++/13/variant:1490:14:\x1b[m\x1b[K   required by substitution of \xe2\x80\x98\x1b[01m\x1b[Ktemplate<class _Tp> std::enable_if_t<((__exactly_once<std::variant<std::function<void(const GaitCmd&)>, std::function<void(const GaitCmd&, const rclcpp::MessageInfo&)>, std::function<void(const rclcpp::SerializedMessage&)>, std::function<void(const rclcpp::SerializedMessage&, const rclcpp::MessageInfo&)>, std::function<void(std::unique_ptr<GaitCmd, std::default_delete<GaitCmd> >)>, std::function<void(std::unique_ptr<GaitCmd, std::default_delete<GaitCmd> >, const rclcpp::MessageInfo&)>, std::function<void(std::unique_ptr<rclcpp::SerializedMessage, std::default_delete<rclcpp::SerializedMessage> >)>, std::function<void(std::unique_ptr<rclcpp::SerializedMessage, std::default_delete<rclcpp::SerializedMessage> >, const rclcpp::MessageInfo&)>, std::function<void(std::shared_ptr<const GaitCmd>)>, std::function<void(std::shared_ptr<const GaitCmd>, const rclcpp::MessageInfo&)>, std::function<void(std::shared_ptr<const rclcpp::SerializedMessage>)>, std::function<void(std::shared_ptr<const rclcpp::SerializedMessage>, const rclcpp::MessageInfo&)>, std::function<void(const std::shared_ptr<const GaitCmd>&)>, std::function<void(const std::shared_ptr<const GaitCmd>&, const rclcpp::MessageInfo&)>, std::function<void(const std::shared_ptr<const rclcpp::SerializedMessage>&)>, std::function<void(const std::shared_ptr<const rclcpp::SerializedMessage>&, const rclcpp::MessageInfo&)>, std::function<void(std::shared_ptr<GaitCmd>)>, std::function<void(std::shared_ptr<GaitCmd>, const rclcpp::MessageInfo&)>, std::function<void(std::shared_ptr<rclcpp::SerializedMessage>)>, std::function<void(std::shared_ptr<rclcpp::SerializedMessage>, const rclcpp::MessageInfo&)> >::__accepted_type<_Tp&&, typename std::enable_if<__not_self<_Tp&&>, void>::type> > && is_constructible_v<std::variant<std::function<void(const GaitCmd&)>, std::function<void(const GaitCmd&, const rclcpp::MessageInfo&)>, std::function<void(const rclcpp::SerializedMessage&)>, std::function<void(const rclcpp::SerializedMessage&, const rclcpp::MessageInfo&)>, std::function<void(std::unique_ptr<GaitCmd, std::default_delete<GaitCmd> >)>, std::function<void(std::unique_ptr<GaitCmd, std::default_delete<GaitCmd> >, const rclcpp::MessageInfo&)>, std::function<void(std::unique_ptr<rclcpp::SerializedMessage, std::default_delete<rclcpp::SerializedMessage> >)>, std::function<void(std::unique_ptr<rclcpp::SerializedMessage, std::default_delete<rclcpp::SerializedMessage> >, const rclcpp::MessageInfo&)>, std::function<void(std::shared_ptr<const GaitCmd>)>, std::function<void(std::shared_ptr<const GaitCmd>, const rclcpp::MessageInfo&)>, std::function<void(std::shared_ptr<const rclcpp::SerializedMessage>)>, std::function<void(std::shared_ptr<const rclcpp::SerializedMessage>, const rclcpp::MessageInfo&)>, std::function<void(const std::shared_ptr<const GaitCmd>&)>, std::function<void(const std::shared_ptr<const GaitCmd>&, const rclcpp::MessageInfo&)>, std::function<void(const std::shared_ptr<const rclcpp::SerializedMessage>&)>, std::function<void(const std::shared_ptr<const rclcpp::SerializedMessage>&, const rclcpp::MessageInfo&)>, std::function<void(std::shared_ptr<GaitCmd>)>, std::function<void(std::shared_ptr<GaitCmd>, const rclcpp::MessageInfo&)>, std::function<void(std::shared_ptr<rclcpp::SerializedMessage>)>, std::function<void(std::shared_ptr<rclcpp::SerializedMessage>, const rclcpp::MessageInfo&)> >::__accepted_type<_Tp&&, typename std::enable_if<__not_self<_Tp&&>, void>::type>, _Tp>) && is_assignable_v<std::variant<std::function<void(const GaitCmd&)>, std::function<void(const GaitCmd&, const rclcpp::MessageInfo&)>, std::function<void(const rclcpp::SerializedMessage&)>, std::function<void(const rclcpp::SerializedMessage&, const rclcpp::MessageInfo&)>, std::function<void(std::unique_ptr<GaitCmd, std::default_delete<GaitCmd> >)>, std::function<void(std::unique_ptr<GaitCmd, std::default_delete<GaitCmd> >, const rclcpp::MessageInfo&)>, std::function<void(std::unique_ptr<rclcpp::SerializedMessage, std::default_delete<rclcpp::SerializedMessage> >)>, std::function<void(std::unique_ptr<rclcpp::SerializedMessage, std::default_delete<rclcpp::SerializedMessage> >, const rclcpp::MessageInfo&)>, std::function<void(std::shared_ptr<const GaitCmd>)>, std::function<void(std::shared_ptr<const GaitCmd>, const rclcpp::MessageInfo&)>, std::function<void(std::shared_ptr<const rclcpp::SerializedMessage>)>, std::function<void(std::shared_ptr<const rclcpp::SerializedMessage>, const rclcpp::MessageInfo&)>, std::function<void(const std::shared_ptr<const GaitCmd>&)>, std::function<void(const std::shared_ptr<const GaitCmd>&, const rclcpp::MessageInfo&)>, std::function<void(const std::shared_ptr<const rclcpp::SerializedMessage>&)>, std::function<void(const std::shared_ptr<const rclcpp::SerializedMessage>&, const rclcpp::MessageInfo&)>, std::function<void(std::shared_ptr<GaitCmd>)>, std::function<void(std::shared_ptr<GaitCmd>, const rclcpp::MessageInfo&)>, std::function<void(std::shared_ptr<rclcpp::SerializedMessage>)>, std::function<void(std::shared_ptr<rclcpp::SerializedMessage>, const rclcpp::MessageInfo&)> >::__accepted_type<_Tp&&, typename std::enable_if<__not_self<_Tp&&>, void>::type>&, _Tp>), std::variant<std::function<void(const GaitCmd&)>, std::function<void(const GaitCmd&, const rclcpp::MessageInfo&)>, std::function<void(const rclcpp::SerializedMessage&)>, std::function<void(const rclcpp::SerializedMessage&, const rclcpp::MessageInfo&)>, std::function<void(std::unique_ptr<GaitCmd, std::default_delete<GaitCmd> >)>, std::function<void(std::unique_ptr<GaitCmd, std::default_delete<GaitCmd> >, const rclcpp::MessageInfo&)>, std::function<void(std::unique_ptr<rclcpp::SerializedMessage, std::default_delete<rclcpp::SerializedMessage> >)>, std::function<void(std::unique_ptr<rclcpp::SerializedMessage, std::default_delete<rclcpp::SerializedMessage> >, const rclcpp::MessageInfo&)>, std::function<void(std::shared_ptr<const GaitCmd>)>, std::function<void(std::shared_ptr<const GaitCmd>, const rclcpp::MessageInfo&)>, std::function<void(std::shared_ptr<const rclcpp::SerializedMessage>)>, std::function<void(std::shared_ptr<const rclcpp::SerializedMessage>, const rclcpp::MessageInfo&)>, std::function<void(const std::shared_ptr<const GaitCmd>&)>, std::function<void(const std::shared_ptr<const GaitCmd>&, const rclcpp::MessageInfo&)>, std::function<void(const std::shared_ptr<const rclcpp::SerializedMessage>&)>, std::function<void(const std::shared_ptr<const rclcpp::SerializedMessage>&, const rclcpp::MessageInfo&)>, std::function<void(std::shared_ptr<GaitCmd>)>, std::function<void(std::shared_ptr<GaitCmd>, const rclcpp::MessageInfo&)>, std::function<void(std::shared_ptr<rclcpp::SerializedMessage>)>, std::function<void(std::shared_ptr<rclcpp::SerializedMessage>, const rclcpp::MessageInfo&)> >&> std::variant<std::function<void(const GaitCmd&)>, std::function<void(const GaitCmd&, const rclcpp::MessageInfo&)>, std::function<void(const rclcpp::SerializedMessage&)>, std::function<void(const rclcpp::SerializedMessage&, const rclcpp::MessageInfo&)>, std::function<void(std::unique_ptr<GaitCmd, std::default_delete<GaitCmd> >)>, std::function<void(std::unique_ptr<GaitCmd, std::default_delete<GaitCmd> >, const rclcpp::MessageInfo&)>, std::function<void(std::unique_ptr<rclcpp::SerializedMessage, std::default_delete<rclcpp::SerializedMessage> >)>, std::function<void(std::unique_ptr<rclcpp::SerializedMessage, std::default_delete<rclcpp::SerializedMessage> >, const rclcpp::MessageInfo&)>, std::function<void(std::shared_ptr<const GaitCmd>)>, std::function<void(std::shared_ptr<const GaitCmd>, const rclcpp::MessageInfo&)>, std::function<void(std::shared_ptr<const rclcpp::SerializedMessage>)>, std::function<void(std::shared_ptr<const rclcpp::SerializedMessage>, const rclcpp::MessageInfo&)>, std::function<void(const std::shared_ptr<const GaitCmd>&)>, std::function<void(const std::shared_ptr<const GaitCmd>&, const rclcpp::MessageInfo&)>, std::function<void(const std::shared_ptr<const rclcpp::SerializedMessage>&)>, std::function<void(const std::shared_ptr<const rclcpp::SerializedMessage>&, const rclcpp::MessageInfo&)>, std::function<void(std::shared_ptr<GaitCmd>)>, std::function<void(std::shared_ptr<GaitCmd>, const rclcpp::MessageInfo&)>, std::function<void(std::shared_ptr<rclcpp::SerializedMessage>)>, std::function<void(std::shared_ptr<rclcpp::SerializedMessage>, const rclcpp::MessageInfo&)> >::\x1b[01;32m\x1b[Koperator=\x1b[m\x1b[K(_Tp&&) \x1b[35m\x1b[K[with _Tp = std::function<void(int)>]\x1b[m\x1b[K\x1b[m\x1b[K\xe2\x80\x99\n'}
[5.386116] (unitree_guide2) StderrLine: {'line': b'\x1b[01m\x1b[K/opt/ros/jazzy/include/rclcpp/rclcpp/any_subscription_callback.hpp:396:23:\x1b[m\x1b[K   required from \xe2\x80\x98\x1b[01m\x1b[Krclcpp::AnySubscriptionCallback<MessageT, AllocatorT> rclcpp::AnySubscriptionCallback<MessageT, AllocatorT>::\x1b[01;32m\x1b[Kset\x1b[m\x1b[K(CallbackT) \x1b[35m\x1b[K[with CallbackT = std::_Bind<void (State_move_gait::*(State_move_gait*, std::_Placeholder<1>))(int)>; MessageT = GaitCmd; AllocatorT = std::allocator<void>]\x1b[m\x1b[K\x1b[m\x1b[K\xe2\x80\x99\n'}
[5.386212] (unitree_guide2) StderrLine: {'line': b'\x1b[01m\x1b[K/opt/ros/jazzy/include/rclcpp/rclcpp/subscription_factory.hpp:93:32:\x1b[m\x1b[K   required from \xe2\x80\x98\x1b[01m\x1b[Krclcpp::SubscriptionFactory rclcpp::\x1b[01;32m\x1b[Kcreate_subscription_factory\x1b[m\x1b[K(CallbackT&&, const SubscriptionOptionsWithAllocator<AllocatorT>&, typename MessageMemoryStrategyT::SharedPtr, std::shared_ptr<topic_statistics::SubscriptionTopicStatistics>) \x1b[35m\x1b[K[with MessageT = GaitCmd; CallbackT = std::_Bind<void (State_move_gait::*(State_move_gait*, std::_Placeholder<1>))(int)>; AllocatorT = std::allocator<void>; SubscriptionT = Subscription<GaitCmd>; MessageMemoryStrategyT = message_memory_strategy::MessageMemoryStrategy<GaitCmd, std::allocator<void> >; typename MessageMemoryStrategyT::SharedPtr = std::shared_ptr<message_memory_strategy::MessageMemoryStrategy<GaitCmd, std::allocator<void> > >]\x1b[m\x1b[K\x1b[m\x1b[K\xe2\x80\x99\n'}
[5.386320] (unitree_guide2) StderrLine: {'line': b'\x1b[01m\x1b[K/opt/ros/jazzy/include/rclcpp/rclcpp/create_subscription.hpp:121:63:\x1b[m\x1b[K   required from \xe2\x80\x98\x1b[01m\x1b[Kstd::shared_ptr<ROSMessageT> rclcpp::detail::\x1b[01;32m\x1b[Kcreate_subscription\x1b[m\x1b[K(NodeParametersT&, NodeTopicsT&, const std::string&, const rclcpp::QoS&, CallbackT&&, const rclcpp::SubscriptionOptionsWithAllocator<AllocatorT>&, typename MessageMemoryStrategyT::SharedPtr) \x1b[35m\x1b[K[with MessageT = GaitCmd; CallbackT = std::_Bind<void (State_move_gait::*(State_move_gait*, std::_Placeholder<1>))(int)>; AllocatorT = std::allocator<void>; SubscriptionT = rclcpp::Subscription<GaitCmd>; MessageMemoryStrategyT = rclcpp::message_memory_strategy::MessageMemoryStrategy<GaitCmd, std::allocator<void> >; NodeParametersT = rclcpp::Node; NodeTopicsT = rclcpp::Node; std::string = std::__cxx11::basic_string<char>; typename MessageMemoryStrategyT::SharedPtr = std::shared_ptr<rclcpp::message_memory_strategy::MessageMemoryStrategy<GaitCmd, std::allocator<void> > >]\x1b[m\x1b[K\x1b[m\x1b[K\xe2\x80\x99\n'}
[5.386418] (unitree_guide2) StderrLine: {'line': b'\x1b[01m\x1b[K/opt/ros/jazzy/include/rclcpp/rclcpp/create_subscription.hpp:190:76:\x1b[m\x1b[K   required from \xe2\x80\x98\x1b[01m\x1b[Kstd::shared_ptr<ROSMessageT> rclcpp::\x1b[01;32m\x1b[Kcreate_subscription\x1b[m\x1b[K(NodeT&, const std::string&, const QoS&, CallbackT&&, const SubscriptionOptionsWithAllocator<AllocatorT>&, typename MessageMemoryStrategyT::SharedPtr) \x1b[35m\x1b[K[with MessageT = GaitCmd; CallbackT = std::_Bind<void (State_move_gait::*(State_move_gait*, std::_Placeholder<1>))(int)>; AllocatorT = std::allocator<void>; SubscriptionT = Subscription<GaitCmd>; MessageMemoryStrategyT = message_memory_strategy::MessageMemoryStrategy<GaitCmd, std::allocator<void> >; NodeT = Node; std::string = std::__cxx11::basic_string<char>; typename MessageMemoryStrategyT::SharedPtr = std::shared_ptr<message_memory_strategy::MessageMemoryStrategy<GaitCmd, std::allocator<void> > >]\x1b[m\x1b[K\x1b[m\x1b[K\xe2\x80\x99\n'}
[5.386515] (unitree_guide2) StderrLine: {'line': b'\x1b[01m\x1b[K/opt/ros/jazzy/include/rclcpp/rclcpp/node_impl.hpp:99:47:\x1b[m\x1b[K   required from \xe2\x80\x98\x1b[01m\x1b[Kstd::shared_ptr<ROSMessageT> rclcpp::Node::\x1b[01;32m\x1b[Kcreate_subscription\x1b[m\x1b[K(const std::string&, const rclcpp::QoS&, CallbackT&&, const rclcpp::SubscriptionOptionsWithAllocator<AllocatorT>&, typename MessageMemoryStrategyT::SharedPtr) \x1b[35m\x1b[K[with MessageT = GaitCmd; CallbackT = std::_Bind<void (State_move_gait::*(State_move_gait*, std::_Placeholder<1>))(int)>; AllocatorT = std::allocator<void>; SubscriptionT = rclcpp::Subscription<GaitCmd>; MessageMemoryStrategyT = rclcpp::message_memory_strategy::MessageMemoryStrategy<GaitCmd, std::allocator<void> >; std::string = std::__cxx11::basic_string<char>; typename MessageMemoryStrategyT::SharedPtr = std::shared_ptr<rclcpp::message_memory_strategy::MessageMemoryStrategy<GaitCmd, std::allocator<void> > >]\x1b[m\x1b[K\x1b[m\x1b[K\xe2\x80\x99\n'}
[5.386602] (unitree_guide2) StderrLine: {'line': b'\x1b[01m\x1b[K/home/nebbackwards/WPI/Classes/RBE521/Final/ros_workspace/src/RBE521/unitree_guide2/src/FSM/State_move_gait.cpp:101:49:\x1b[m\x1b[K   required from here\n'}
[5.386694] (unitree_guide2) StderrLine: {'line': b'\x1b[01m\x1b[K/usr/include/c++/13/variant:1407:15:\x1b[m\x1b[K \x1b[01;31m\x1b[Kerror: \x1b[m\x1b[Kno type named \xe2\x80\x98\x1b[01m\x1b[Ktype\x1b[m\x1b[K\xe2\x80\x99 in \xe2\x80\x98\x1b[01m\x1b[Kstruct std::enable_if<false, void>\x1b[m\x1b[K\xe2\x80\x99\n'}
[5.386781] (unitree_guide2) StderrLine: {'line': b' 1407 |         using \x1b[01;31m\x1b[K__accepted_type\x1b[m\x1b[K = __to_type<__accepted_index<_Tp>>;\n'}
[5.386866] (unitree_guide2) StderrLine: {'line': b'      |               \x1b[01;31m\x1b[K^~~~~~~~~~~~~~~\x1b[m\x1b[K\n'}
[5.386961] (unitree_guide2) StderrLine: {'line': b'/opt/ros/jazzy/include/rclcpp/rclcpp/any_subscription_callback.hpp: In instantiation of \xe2\x80\x98\x1b[01m\x1b[Krclcpp::AnySubscriptionCallback<MessageT, AllocatorT> rclcpp::AnySubscriptionCallback<MessageT, AllocatorT>::\x1b[01;32m\x1b[Kset\x1b[m\x1b[K(CallbackT) \x1b[35m\x1b[K[with CallbackT = std::_Bind<void (State_move_gait::*(State_move_gait*, std::_Placeholder<1>))(int)>; MessageT = GaitCmd; AllocatorT = std::allocator<void>]\x1b[m\x1b[K\x1b[m\x1b[K\xe2\x80\x99:\n'}
[5.387051] (unitree_guide2) StderrLine: {'line': b'\x1b[01m\x1b[K/opt/ros/jazzy/include/rclcpp/rclcpp/subscription_factory.hpp:93:32:\x1b[m\x1b[K   required from \xe2\x80\x98\x1b[01m\x1b[Krclcpp::SubscriptionFactory rclcpp::\x1b[01;32m\x1b[Kcreate_subscription_factory\x1b[m\x1b[K(CallbackT&&, const SubscriptionOptionsWithAllocator<AllocatorT>&, typename MessageMemoryStrategyT::SharedPtr, std::shared_ptr<topic_statistics::SubscriptionTopicStatistics>) \x1b[35m\x1b[K[with MessageT = GaitCmd; CallbackT = std::_Bind<void (State_move_gait::*(State_move_gait*, std::_Placeholder<1>))(int)>; AllocatorT = std::allocator<void>; SubscriptionT = Subscription<GaitCmd>; MessageMemoryStrategyT = message_memory_strategy::MessageMemoryStrategy<GaitCmd, std::allocator<void> >; typename MessageMemoryStrategyT::SharedPtr = std::shared_ptr<message_memory_strategy::MessageMemoryStrategy<GaitCmd, std::allocator<void> > >]\x1b[m\x1b[K\x1b[m\x1b[K\xe2\x80\x99\n'}
[5.387145] (unitree_guide2) StderrLine: {'line': b'\x1b[01m\x1b[K/opt/ros/jazzy/include/rclcpp/rclcpp/create_subscription.hpp:121:63:\x1b[m\x1b[K   required from \xe2\x80\x98\x1b[01m\x1b[Kstd::shared_ptr<ROSMessageT> rclcpp::detail::\x1b[01;32m\x1b[Kcreate_subscription\x1b[m\x1b[K(NodeParametersT&, NodeTopicsT&, const std::string&, const rclcpp::QoS&, CallbackT&&, const rclcpp::SubscriptionOptionsWithAllocator<AllocatorT>&, typename MessageMemoryStrategyT::SharedPtr) \x1b[35m\x1b[K[with MessageT = GaitCmd; CallbackT = std::_Bind<void (State_move_gait::*(State_move_gait*, std::_Placeholder<1>))(int)>; AllocatorT = std::allocator<void>; SubscriptionT = rclcpp::Subscription<GaitCmd>; MessageMemoryStrategyT = rclcpp::message_memory_strategy::MessageMemoryStrategy<GaitCmd, std::allocator<void> >; NodeParametersT = rclcpp::Node; NodeTopicsT = rclcpp::Node; std::string = std::__cxx11::basic_string<char>; typename MessageMemoryStrategyT::SharedPtr = std::shared_ptr<rclcpp::message_memory_strategy::MessageMemoryStrategy<GaitCmd, std::allocator<void> > >]\x1b[m\x1b[K\x1b[m\x1b[K\xe2\x80\x99\n'}
[5.387238] (unitree_guide2) StderrLine: {'line': b'\x1b[01m\x1b[K/opt/ros/jazzy/include/rclcpp/rclcpp/create_subscription.hpp:190:76:\x1b[m\x1b[K   required from \xe2\x80\x98\x1b[01m\x1b[Kstd::shared_ptr<ROSMessageT> rclcpp::\x1b[01;32m\x1b[Kcreate_subscription\x1b[m\x1b[K(NodeT&, const std::string&, const QoS&, CallbackT&&, const SubscriptionOptionsWithAllocator<AllocatorT>&, typename MessageMemoryStrategyT::SharedPtr) \x1b[35m\x1b[K[with MessageT = GaitCmd; CallbackT = std::_Bind<void (State_move_gait::*(State_move_gait*, std::_Placeholder<1>))(int)>; AllocatorT = std::allocator<void>; SubscriptionT = Subscription<GaitCmd>; MessageMemoryStrategyT = message_memory_strategy::MessageMemoryStrategy<GaitCmd, std::allocator<void> >; NodeT = Node; std::string = std::__cxx11::basic_string<char>; typename MessageMemoryStrategyT::SharedPtr = std::shared_ptr<message_memory_strategy::MessageMemoryStrategy<GaitCmd, std::allocator<void> > >]\x1b[m\x1b[K\x1b[m\x1b[K\xe2\x80\x99\n'}
[5.387341] (unitree_guide2) StderrLine: {'line': b'\x1b[01m\x1b[K/opt/ros/jazzy/include/rclcpp/rclcpp/node_impl.hpp:99:47:\x1b[m\x1b[K   required from \xe2\x80\x98\x1b[01m\x1b[Kstd::shared_ptr<ROSMessageT> rclcpp::Node::\x1b[01;32m\x1b[Kcreate_subscription\x1b[m\x1b[K(const std::string&, const rclcpp::QoS&, CallbackT&&, const rclcpp::SubscriptionOptionsWithAllocator<AllocatorT>&, typename MessageMemoryStrategyT::SharedPtr) \x1b[35m\x1b[K[with MessageT = GaitCmd; CallbackT = std::_Bind<void (State_move_gait::*(State_move_gait*, std::_Placeholder<1>))(int)>; AllocatorT = std::allocator<void>; SubscriptionT = rclcpp::Subscription<GaitCmd>; MessageMemoryStrategyT = rclcpp::message_memory_strategy::MessageMemoryStrategy<GaitCmd, std::allocator<void> >; std::string = std::__cxx11::basic_string<char>; typename MessageMemoryStrategyT::SharedPtr = std::shared_ptr<rclcpp::message_memory_strategy::MessageMemoryStrategy<GaitCmd, std::allocator<void> > >]\x1b[m\x1b[K\x1b[m\x1b[K\xe2\x80\x99\n'}
[5.387443] (unitree_guide2) StderrLine: {'line': b'\x1b[01m\x1b[K/home/nebbackwards/WPI/Classes/RBE521/Final/ros_workspace/src/RBE521/unitree_guide2/src/FSM/State_move_gait.cpp:101:49:\x1b[m\x1b[K   required from here\n'}
[5.387532] (unitree_guide2) StderrLine: {'line': b'\x1b[01m\x1b[K/usr/include/c++/13/variant:1430:16:\x1b[m\x1b[K \x1b[01;36m\x1b[Knote: \x1b[m\x1b[Kcandidate: \xe2\x80\x98\x1b[01m\x1b[Kstd::variant<_Types>& std::variant<_Types>::\x1b[01;32m\x1b[Koperator=\x1b[m\x1b[K(const std::variant<_Types>&) \x1b[35m\x1b[K[with _Types = {std::function<void(const GaitCmd&)>, std::function<void(const GaitCmd&, const rclcpp::MessageInfo&)>, std::function<void(const rclcpp::SerializedMessage&)>, std::function<void(const rclcpp::SerializedMessage&, const rclcpp::MessageInfo&)>, std::function<void(std::unique_ptr<GaitCmd, std::default_delete<GaitCmd> >)>, std::function<void(std::unique_ptr<GaitCmd, std::default_delete<GaitCmd> >, const rclcpp::MessageInfo&)>, std::function<void(std::unique_ptr<rclcpp::SerializedMessage, std::default_delete<rclcpp::SerializedMessage> >)>, std::function<void(std::unique_ptr<rclcpp::SerializedMessage, std::default_delete<rclcpp::SerializedMessage> >, const rclcpp::MessageInfo&)>, std::function<void(std::shared_ptr<const GaitCmd>)>, std::function<void(std::shared_ptr<const GaitCmd>, const rclcpp::MessageInfo&)>, std::function<void(std::shared_ptr<const rclcpp::SerializedMessage>)>, std::function<void(std::shared_ptr<const rclcpp::SerializedMessage>, const rclcpp::MessageInfo&)>, std::function<void(const std::shared_ptr<const GaitCmd>&)>, std::function<void(const std::shared_ptr<const GaitCmd>&, const rclcpp::MessageInfo&)>, std::function<void(const std::shared_ptr<const rclcpp::SerializedMessage>&)>, std::function<void(const std::shared_ptr<const rclcpp::SerializedMessage>&, const rclcpp::MessageInfo&)>, std::function<void(std::shared_ptr<GaitCmd>)>, std::function<void(std::shared_ptr<GaitCmd>, const rclcpp::MessageInfo&)>, std::function<void(std::shared_ptr<rclcpp::SerializedMessage>)>, std::function<void(std::shared_ptr<rclcpp::SerializedMessage>, const rclcpp::MessageInfo&)>}]\x1b[m\x1b[K\x1b[m\x1b[K\xe2\x80\x99\n'}
[5.387634] (unitree_guide2) StderrLine: {'line': b' 1430 |       variant& \x1b[01;36m\x1b[Koperator\x1b[m\x1b[K=(const variant&) = default;\n'}
[5.387721] (unitree_guide2) StderrLine: {'line': b'      |                \x1b[01;36m\x1b[K^~~~~~~~\x1b[m\x1b[K\n'}
[5.387804] (unitree_guide2) StderrLine: {'line': b'\x1b[01m\x1b[K/usr/include/c++/13/variant:1430:26:\x1b[m\x1b[K \x1b[01;36m\x1b[Knote: \x1b[m\x1b[K  no known conversion for argument 1 from \xe2\x80\x98\x1b[01m\x1b[Krclcpp::detail::SubscriptionCallbackTypeHelper<GaitCmd, std::_Bind<void (State_move_gait::*(State_move_gait*, std::_Placeholder<1>))(int)>, void>::callback_type\x1b[m\x1b[K\xe2\x80\x99 {aka \xe2\x80\x98\x1b[01m\x1b[Kstd::function<void(int)>\x1b[m\x1b[K\xe2\x80\x99} to \xe2\x80\x98\x1b[01m\x1b[Kconst std::variant<std::function<void(const GaitCmd&)>, std::function<void(const GaitCmd&, const rclcpp::MessageInfo&)>, std::function<void(const rclcpp::SerializedMessage&)>, std::function<void(const rclcpp::SerializedMessage&, const rclcpp::MessageInfo&)>, std::function<void(std::unique_ptr<GaitCmd, std::default_delete<GaitCmd> >)>, std::function<void(std::unique_ptr<GaitCmd, std::default_delete<GaitCmd> >, const rclcpp::MessageInfo&)>, std::function<void(std::unique_ptr<rclcpp::SerializedMessage, std::default_delete<rclcpp::SerializedMessage> >)>, std::function<void(std::unique_ptr<rclcpp::SerializedMessage, std::default_delete<rclcpp::SerializedMessage> >, const rclcpp::MessageInfo&)>, std::function<void(std::shared_ptr<const GaitCmd>)>, std::function<void(std::shared_ptr<const GaitCmd>, const rclcpp::MessageInfo&)>, std::function<void(std::shared_ptr<const rclcpp::SerializedMessage>)>, std::function<void(std::shared_ptr<const rclcpp::SerializedMessage>, const rclcpp::MessageInfo&)>, std::function<void(const std::shared_ptr<const GaitCmd>&)>, std::function<void(const std::shared_ptr<const GaitCmd>&, const rclcpp::MessageInfo&)>, std::function<void(const std::shared_ptr<const rclcpp::SerializedMessage>&)>, std::function<void(const std::shared_ptr<const rclcpp::SerializedMessage>&, const rclcpp::MessageInfo&)>, std::function<void(std::shared_ptr<GaitCmd>)>, std::function<void(std::shared_ptr<GaitCmd>, const rclcpp::MessageInfo&)>, std::function<void(std::shared_ptr<rclcpp::SerializedMessage>)>, std::function<void(std::shared_ptr<rclcpp::SerializedMessage>, const rclcpp::MessageInfo&)> >&\x1b[m\x1b[K\xe2\x80\x99\n'}
[5.387902] (unitree_guide2) StderrLine: {'line': b' 1430 |       variant& operator=(\x1b[01;36m\x1b[Kconst variant&\x1b[m\x1b[K) = default;\n'}
[5.387988] (unitree_guide2) StderrLine: {'line': b'      |                          \x1b[01;36m\x1b[K^~~~~~~~~~~~~~\x1b[m\x1b[K\n'}
[5.388079] (unitree_guide2) StderrLine: {'line': b'\x1b[01m\x1b[K/usr/include/c++/13/variant:1431:16:\x1b[m\x1b[K \x1b[01;36m\x1b[Knote: \x1b[m\x1b[Kcandidate: \xe2\x80\x98\x1b[01m\x1b[Kstd::variant<_Types>& std::variant<_Types>::\x1b[01;32m\x1b[Koperator=\x1b[m\x1b[K(std::variant<_Types>&&) \x1b[35m\x1b[K[with _Types = {std::function<void(const GaitCmd&)>, std::function<void(const GaitCmd&, const rclcpp::MessageInfo&)>, std::function<void(const rclcpp::SerializedMessage&)>, std::function<void(const rclcpp::SerializedMessage&, const rclcpp::MessageInfo&)>, std::function<void(std::unique_ptr<GaitCmd, std::default_delete<GaitCmd> >)>, std::function<void(std::unique_ptr<GaitCmd, std::default_delete<GaitCmd> >, const rclcpp::MessageInfo&)>, std::function<void(std::unique_ptr<rclcpp::SerializedMessage, std::default_delete<rclcpp::SerializedMessage> >)>, std::function<void(std::unique_ptr<rclcpp::SerializedMessage, std::default_delete<rclcpp::SerializedMessage> >, const rclcpp::MessageInfo&)>, std::function<void(std::shared_ptr<const GaitCmd>)>, std::function<void(std::shared_ptr<const GaitCmd>, const rclcpp::MessageInfo&)>, std::function<void(std::shared_ptr<const rclcpp::SerializedMessage>)>, std::function<void(std::shared_ptr<const rclcpp::SerializedMessage>, const rclcpp::MessageInfo&)>, std::function<void(const std::shared_ptr<const GaitCmd>&)>, std::function<void(const std::shared_ptr<const GaitCmd>&, const rclcpp::MessageInfo&)>, std::function<void(const std::shared_ptr<const rclcpp::SerializedMessage>&)>, std::function<void(const std::shared_ptr<const rclcpp::SerializedMessage>&, const rclcpp::MessageInfo&)>, std::function<void(std::shared_ptr<GaitCmd>)>, std::function<void(std::shared_ptr<GaitCmd>, const rclcpp::MessageInfo&)>, std::function<void(std::shared_ptr<rclcpp::SerializedMessage>)>, std::function<void(std::shared_ptr<rclcpp::SerializedMessage>, const rclcpp::MessageInfo&)>}]\x1b[m\x1b[K\x1b[m\x1b[K\xe2\x80\x99\n'}
[5.388179] (unitree_guide2) StderrLine: {'line': b' 1431 |       variant& \x1b[01;36m\x1b[Koperator\x1b[m\x1b[K=(variant&&) = default;\n'}
[5.388264] (unitree_guide2) StderrLine: {'line': b'      |                \x1b[01;36m\x1b[K^~~~~~~~\x1b[m\x1b[K\n'}
[5.388365] (unitree_guide2) StderrLine: {'line': b'\x1b[01m\x1b[K/usr/include/c++/13/variant:1431:26:\x1b[m\x1b[K \x1b[01;36m\x1b[Knote: \x1b[m\x1b[K  no known conversion for argument 1 from \xe2\x80\x98\x1b[01m\x1b[Krclcpp::detail::SubscriptionCallbackTypeHelper<GaitCmd, std::_Bind<void (State_move_gait::*(State_move_gait*, std::_Placeholder<1>))(int)>, void>::callback_type\x1b[m\x1b[K\xe2\x80\x99 {aka \xe2\x80\x98\x1b[01m\x1b[Kstd::function<void(int)>\x1b[m\x1b[K\xe2\x80\x99} to \xe2\x80\x98\x1b[01m\x1b[Kstd::variant<std::function<void(const GaitCmd&)>, std::function<void(const GaitCmd&, const rclcpp::MessageInfo&)>, std::function<void(const rclcpp::SerializedMessage&)>, std::function<void(const rclcpp::SerializedMessage&, const rclcpp::MessageInfo&)>, std::function<void(std::unique_ptr<GaitCmd, std::default_delete<GaitCmd> >)>, std::function<void(std::unique_ptr<GaitCmd, std::default_delete<GaitCmd> >, const rclcpp::MessageInfo&)>, std::function<void(std::unique_ptr<rclcpp::SerializedMessage, std::default_delete<rclcpp::SerializedMessage> >)>, std::function<void(std::unique_ptr<rclcpp::SerializedMessage, std::default_delete<rclcpp::SerializedMessage> >, const rclcpp::MessageInfo&)>, std::function<void(std::shared_ptr<const GaitCmd>)>, std::function<void(std::shared_ptr<const GaitCmd>, const rclcpp::MessageInfo&)>, std::function<void(std::shared_ptr<const rclcpp::SerializedMessage>)>, std::function<void(std::shared_ptr<const rclcpp::SerializedMessage>, const rclcpp::MessageInfo&)>, std::function<void(const std::shared_ptr<const GaitCmd>&)>, std::function<void(const std::shared_ptr<const GaitCmd>&, const rclcpp::MessageInfo&)>, std::function<void(const std::shared_ptr<const rclcpp::SerializedMessage>&)>, std::function<void(const std::shared_ptr<const rclcpp::SerializedMessage>&, const rclcpp::MessageInfo&)>, std::function<void(std::shared_ptr<GaitCmd>)>, std::function<void(std::shared_ptr<GaitCmd>, const rclcpp::MessageInfo&)>, std::function<void(std::shared_ptr<rclcpp::SerializedMessage>)>, std::function<void(std::shared_ptr<rclcpp::SerializedMessage>, const rclcpp::MessageInfo&)> >&&\x1b[m\x1b[K\xe2\x80\x99\n'}
[5.388468] (unitree_guide2) StderrLine: {'line': b' 1431 |       variant& operator=(\x1b[01;36m\x1b[Kvariant&&\x1b[m\x1b[K) = default;\n'}
[5.388553] (unitree_guide2) StderrLine: {'line': b'      |                          \x1b[01;36m\x1b[K^~~~~~~~~\x1b[m\x1b[K\n'}
[5.420727] (-) TimerEvent: {}
[5.521241] (-) TimerEvent: {}
[5.621728] (-) TimerEvent: {}
[5.722126] (-) TimerEvent: {}
[5.783822] (unitree_guide2) StderrLine: {'line': b'gmake[2]: *** [CMakeFiles/junior_ctrl.dir/build.make:90: CMakeFiles/junior_ctrl.dir/src/FSM/FSM.cpp.o] Error 1\n'}
[5.784149] (unitree_guide2) StderrLine: {'line': b'gmake[2]: *** Waiting for unfinished jobs....\n'}
[5.793498] (unitree_guide2) StderrLine: {'line': b'gmake[2]: *** [CMakeFiles/junior_ctrl.dir/build.make:356: CMakeFiles/junior_ctrl.dir/src/control/ControlFrame.cpp.o] Error 1\n'}
[5.822312] (-) TimerEvent: {}
[5.922738] (-) TimerEvent: {}
[6.023156] (-) TimerEvent: {}
[6.023571] (unitree_guide2) StderrLine: {'line': b'gmake[2]: *** [CMakeFiles/junior_ctrl.dir/build.make:76: CMakeFiles/junior_ctrl.dir/src/main.cpp.o] Error 1\n'}
[6.123343] (-) TimerEvent: {}
[6.223728] (-) TimerEvent: {}
[6.324112] (-) TimerEvent: {}
[6.424511] (-) TimerEvent: {}
[6.524891] (-) TimerEvent: {}
[6.625278] (-) TimerEvent: {}
[6.725744] (-) TimerEvent: {}
[6.826122] (-) TimerEvent: {}
[6.926525] (-) TimerEvent: {}
[7.026913] (-) TimerEvent: {}
[7.127272] (-) TimerEvent: {}
[7.227638] (-) TimerEvent: {}
[7.237874] (unitree_guide2) StderrLine: {'line': b'gmake[2]: *** [CMakeFiles/junior_ctrl.dir/build.make:244: CMakeFiles/junior_ctrl.dir/src/FSM/State_move_gait.cpp.o] Error 1\n'}
[7.238345] (unitree_guide2) StderrLine: {'line': b'gmake[1]: *** [CMakeFiles/Makefile2:137: CMakeFiles/junior_ctrl.dir/all] Error 2\n'}
[7.238737] (unitree_guide2) StderrLine: {'line': b'gmake: *** [Makefile:146: all] Error 2\n'}
[7.241657] (unitree_guide2) CommandEnded: {'returncode': 2}
[7.248829] (unitree_guide2) JobEnded: {'identifier': 'unitree_guide2', 'rc': 2}
[7.259585] (-) EventReactorShutdown: {}
